-- phpMyAdmin SQL Dump
-- version 3.5.2.2
-- http://www.phpmyadmin.net
--
-- 主机: 127.0.0.1
-- 生成日期: 2013 年 08 月 16 日 17:42
-- 服务器版本: 5.5.27
-- PHP 版本: 5.4.7

SET SQL_MODE="NO_AUTO_VALUE_ON_ZERO";
SET time_zone = "+00:00";


/*!40101 SET @OLD_CHARACTER_SET_CLIENT=@@CHARACTER_SET_CLIENT */;
/*!40101 SET @OLD_CHARACTER_SET_RESULTS=@@CHARACTER_SET_RESULTS */;
/*!40101 SET @OLD_COLLATION_CONNECTION=@@COLLATION_CONNECTION */;
/*!40101 SET NAMES utf8 */;

--
-- 数据库: `studio_spider`
--

-- --------------------------------------------------------

--
-- 表的结构 `ss_content`
--

CREATE TABLE IF NOT EXISTS `ss_content` (
  `id` int(8) NOT NULL AUTO_INCREMENT,
  `job_id` int(4) NOT NULL,
  `content_key` char(32) NOT NULL,
  `pageurl` varchar(200) NOT NULL,
  `title` varchar(100) NOT NULL,
  `title_source` varchar(100) NOT NULL,
  `catid` int(4) NOT NULL,
  `thumb_local` varchar(200) NOT NULL,
  `thumb` varchar(100) NOT NULL,
  `content` text NOT NULL,
  `content_source` text NOT NULL,
  `author` varchar(30) NOT NULL,
  `copyfrom` varchar(100) NOT NULL,
  `keywords` varchar(100) NOT NULL,
  `description` varchar(500) NOT NULL,
  `inputtime` int(10) NOT NULL,
  `starttime` int(8) NOT NULL,
  `endtime` int(8) NOT NULL,
  `is_mulpage` tinyint(1) NOT NULL,
  `is_force` tinyint(1) NOT NULL,
  `gpage_num` int(4) NOT NULL,
  `spage_num` int(4) NOT NULL,
  `status` tinyint(1) NOT NULL,
  PRIMARY KEY (`id`),
  UNIQUE KEY `content_key` (`content_key`),
  KEY `title` (`title`),
  KEY `gpage` (`job_id`,`status`,`gpage_num`)
) ENGINE=MyISAM DEFAULT CHARSET=utf8 AUTO_INCREMENT=1 ;

-- --------------------------------------------------------

--
-- 表的结构 `ss_content_result`
--

CREATE TABLE IF NOT EXISTS `ss_content_result` (
  `id` int(8) NOT NULL AUTO_INCREMENT,
  `listpage_num` int(8) NOT NULL,
  `listpage_num_valid` int(8) NOT NULL,
  `listspider_num` int(8) NOT NULL,
  `listspider_num_valid` int(8) NOT NULL,
  `listcontent_num` int(8) NOT NULL,
  `listcontent_num_valid` int(8) NOT NULL,
  `contentpage_num` int(8) NOT NULL,
  `contentpage_num_valid` int(8) NOT NULL,
  `contentspider_num` int(8) NOT NULL,
  `contentspider_num_valid` int(8) NOT NULL,
  `getfile_num` int(8) NOT NULL,
  `getfile_num_valid` int(8) NOT NULL,
  `filespider_num` int(8) NOT NULL,
  `filespider_num_valid` int(8) NOT NULL,
  `publish_num` int(8) NOT NULL,
  `publish_num_valid` int(8) NOT NULL,
  `date` int(9) NOT NULL,
  PRIMARY KEY (`id`)
) ENGINE=MyISAM DEFAULT CHARSET=utf8 AUTO_INCREMENT=1 ;

-- --------------------------------------------------------

--
-- 表的结构 `ss_crule`
--

CREATE TABLE IF NOT EXISTS `ss_crule` (
  `id` int(8) NOT NULL AUTO_INCREMENT,
  `site_id` int(8) NOT NULL DEFAULT '0',
  `name` varchar(100) NOT NULL DEFAULT '',
  `pageurl` varchar(100) NOT NULL,
  `mulpage_mark` varchar(50) NOT NULL,
  `pattern_time` varchar(30) NOT NULL,
  `pattern_file` varchar(2500) NOT NULL,
  `pattern` varchar(2500) NOT NULL,
  `replace_source` varchar(2500) NOT NULL,
  `replace_target` varchar(2500) NOT NULL,
  PRIMARY KEY (`id`)
) ENGINE=MyISAM  DEFAULT CHARSET=utf8 AUTO_INCREMENT=3 ;

--
-- 转存表中的数据 `ss_crule`
--

INSERT INTO `ss_crule` (`id`, `site_id`, `name`, `pageurl`, `mulpage_mark`, `pattern_time`, `pattern_file`, `pattern`, `replace_source`, `replace_target`) VALUES
(1, 1, '养生资讯', 'http://www.cndzys.com/ydkx/85892.html', '', 'YYYY-MM-DD HH:II:SS', '<img{*}src="{PIC}"{*}>', '<div class="list1" id="content">{*}<p class="bt1">{INPUTTIME}</span>{*}<div class="list3-1" id="page1" >{CONTENT}<div class="list3-1">', '', ''),
(2, 0, '养生资讯2', '', '', '', '', '', '', '');

-- --------------------------------------------------------

--
-- 表的结构 `ss_file`
--

CREATE TABLE IF NOT EXISTS `ss_file` (
  `id` int(8) NOT NULL AUTO_INCREMENT,
  `file_key` char(40) NOT NULL,
  `remote_url` varchar(200) NOT NULL,
  `path` varchar(200) NOT NULL,
  `extname` char(8) NOT NULL,
  `content_id` int(8) NOT NULL,
  `content_key` char(40) NOT NULL,
  `type` tinyint(1) NOT NULL,
  PRIMARY KEY (`id`),
  UNIQUE KEY `remote_url` (`remote_url`)
) ENGINE=MyISAM DEFAULT CHARSET=utf8 AUTO_INCREMENT=1 ;

-- --------------------------------------------------------

--
-- 表的结构 `ss_job`
--

CREATE TABLE IF NOT EXISTS `ss_job` (
  `id` int(11) unsigned NOT NULL AUTO_INCREMENT,
  `site_id` varchar(30) NOT NULL DEFAULT '0',
  `crule_id` varchar(20) NOT NULL DEFAULT '0',
  `name` varchar(100) NOT NULL DEFAULT '',
  `content_urlpre` varchar(100) NOT NULL,
  `list_url` varchar(2500) NOT NULL,
  `list_start` varchar(100) NOT NULL,
  `list_end` varchar(100) NOT NULL,
  `pattern` varchar(2500) NOT NULL,
  `status` tinyint(1) NOT NULL,
  PRIMARY KEY (`id`),
  UNIQUE KEY `name` (`name`)
) ENGINE=MyISAM  DEFAULT CHARSET=utf8 AUTO_INCREMENT=2 ;

--
-- 转存表中的数据 `ss_job`
--

INSERT INTO `ss_job` (`id`, `site_id`, `crule_id`, `name`, `content_urlpre`, `list_url`, `list_start`, `list_end`, `pattern`, `status`) VALUES
(1, '1', '1', '养生资讯', 'http://www.cndzys.com/', 'http://www.cndzys.com/index.php/Arqys/slists?id=50&p={1-2}', '<div class="list1">', '<div class="pag1">', '<li><a target="_blank" href="{URL}">{TITLE}</a>{*}</li>', 1);

-- --------------------------------------------------------

--
-- 表的结构 `ss_job_result`
--

CREATE TABLE IF NOT EXISTS `ss_job_result` (
  `id` int(8) NOT NULL AUTO_INCREMENT,
  `job_id` int(4) NOT NULL,
  `listpage_num` int(8) NOT NULL,
  `listpage_num_valid` int(8) NOT NULL,
  `listspider_num` int(8) NOT NULL,
  `listspider_num_valid` int(8) NOT NULL,
  `listcontent_num` int(8) NOT NULL,
  `listcontent_num_valid` int(8) NOT NULL,
  `contentpage_num` int(8) NOT NULL,
  `contentpage_num_valid` int(8) NOT NULL,
  `contentspider_num` int(8) NOT NULL,
  `contentspider_num_valid` int(8) NOT NULL,
  `getfile_num` int(8) NOT NULL,
  `getfile_num_valid` int(8) NOT NULL,
  `filespider_num` int(8) NOT NULL,
  `filespider_num_valid` int(8) NOT NULL,
  `publish_num` int(8) NOT NULL,
  `publish_num_valid` int(8) NOT NULL,
  `date` int(9) NOT NULL,
  PRIMARY KEY (`id`)
) ENGINE=MyISAM DEFAULT CHARSET=utf8 AUTO_INCREMENT=1 ;

-- --------------------------------------------------------

--
-- 表的结构 `ss_list`
--

CREATE TABLE IF NOT EXISTS `ss_list` (
  `id` int(8) NOT NULL AUTO_INCREMENT,
  `job_id` int(8) NOT NULL,
  `base_file` char(36) NOT NULL,
  `list_url` varchar(200) NOT NULL,
  `inputtime` int(10) NOT NULL,
  `status` tinyint(1) NOT NULL,
  PRIMARY KEY (`id`),
  KEY `glist` (`job_id`,`status`)
) ENGINE=MyISAM DEFAULT CHARSET=utf8 AUTO_INCREMENT=1 ;

-- --------------------------------------------------------

--
-- 表的结构 `ss_result_total`
--

CREATE TABLE IF NOT EXISTS `ss_result_total` (
  `id` int(8) NOT NULL AUTO_INCREMENT,
  `job_id` int(4) NOT NULL,
  `listpage_num` int(8) NOT NULL,
  `listpage_num_valid` int(8) NOT NULL,
  `listspider_num` int(8) NOT NULL,
  `listspider_num_valid` int(8) NOT NULL,
  `listcontent_num` int(8) NOT NULL,
  `listcontent_num_valid` int(8) NOT NULL,
  `contentpage_num` int(8) NOT NULL,
  `contentpage_num_valid` int(8) NOT NULL,
  `contentspider_num` int(8) NOT NULL,
  `contentspider_num_valid` int(8) NOT NULL,
  `getfile_num` int(8) NOT NULL,
  `getfile_num_valid` int(8) NOT NULL,
  `filespider_num` int(8) NOT NULL,
  `filespider_num_valid` int(8) NOT NULL,
  `publish_num` int(8) NOT NULL,
  `publish_num_valid` int(8) NOT NULL,
  `date` int(9) NOT NULL,
  PRIMARY KEY (`id`)
) ENGINE=MyISAM DEFAULT CHARSET=utf8 AUTO_INCREMENT=1 ;

-- --------------------------------------------------------

--
-- 表的结构 `ss_site`
--

CREATE TABLE IF NOT EXISTS `ss_site` (
  `id` int(8) NOT NULL AUTO_INCREMENT,
  `name` varchar(30) NOT NULL,
  `siteurl` varchar(100) NOT NULL,
  PRIMARY KEY (`id`),
  UNIQUE KEY `name` (`name`)
) ENGINE=MyISAM  DEFAULT CHARSET=utf8 AUTO_INCREMENT=4 ;

--
-- 转存表中的数据 `ss_site`
--

INSERT INTO `ss_site` (`id`, `name`, `siteurl`) VALUES
(1, '39健身', 'http://sports.39.net/'),
(2, '爱之谷', 'http://aizhigu.com.cn/'),
(3, '久久健康网', 'http://js.9939.com/');

-- --------------------------------------------------------

--
-- 表的结构 `ss_site_file`
--

CREATE TABLE IF NOT EXISTS `ss_site_file` (
  `id` smallint(5) unsigned NOT NULL AUTO_INCREMENT COMMENT '资源ID',
  `site_id` smallint(5) unsigned NOT NULL COMMENT '资源所属站点',
  `page_id` smallint(5) unsigned NOT NULL COMMENT '资源所属站点',
  `url` varchar(200) NOT NULL COMMENT '资源地址',
  `urlfull` varchar(200) NOT NULL COMMENT '资源完整地址',
  `urllocal` varchar(200) NOT NULL COMMENT '资源本地地址',
  `pathlocal` varchar(200) NOT NULL COMMENT '资源本地路径',
  `isdown` tinyint(1) NOT NULL,
  `downtime` tinyint(1) NOT NULL,
  PRIMARY KEY (`id`),
  UNIQUE KEY `urlfull` (`urlfull`)
) ENGINE=MyISAM  DEFAULT CHARSET=utf8 AUTO_INCREMENT=1248 ;

--
-- 转存表中的数据 `ss_site_file`
--

INSERT INTO `ss_site_file` (`id`, `site_id`, `page_id`, `url`, `urlfull`, `urllocal`, `pathlocal`, `isdown`, `downtime`) VALUES
(833, 2, 2, 'http://img.360chengren.com/images/group/513/513_4447_1374899601.jpg', 'http://img.360chengren.com/images/group/513/513_4447_1374899601.jpg', 'http://upload.ci.com/sitePage/2//img.360chengren.com/images/group/513/513_4447_1374899601.jpg', 'd:/web/www/webStudio/wwwroot/uploadfile/sitePage/2//img.360chengren.com/images/group/513/513_4447_1374899601.jpg', 1, 5),
(834, 2, 2, 'http://img.360chengren.com/js/jquery.js', 'http://img.360chengren.com/js/jquery.js', 'http://upload.ci.com/sitePage/2//img.360chengren.com/js/jquery.js', 'd:/web/www/webStudio/wwwroot/uploadfile/sitePage/2//img.360chengren.com/js/jquery.js', 1, 5),
(835, 2, 2, 'http://img.360chengren.com/js/hd_cache.js', 'http://img.360chengren.com/js/hd_cache.js', 'http://upload.ci.com/sitePage/2//img.360chengren.com/js/hd_cache.js', 'd:/web/www/webStudio/wwwroot/uploadfile/sitePage/2//img.360chengren.com/js/hd_cache.js', 1, 5),
(836, 2, 2, 'http://img.360chengren.com/images/index_new/bord_gray.jpg', 'http://img.360chengren.com/images/index_new/bord_gray.jpg', 'http://upload.ci.com/sitePage/2//img.360chengren.com/images/index_new/bord_gray.jpg', 'd:/web/www/webStudio/wwwroot/uploadfile/sitePage/2//img.360chengren.com/images/index_new/bord_gray.jpg', 1, 5),
(837, 2, 2, 'http://img.360chengren.com/images/index_new/logo.jpg', 'http://img.360chengren.com/images/index_new/logo.jpg', 'http://upload.ci.com/sitePage/2//img.360chengren.com/images/index_new/logo.jpg', 'd:/web/www/webStudio/wwwroot/uploadfile/sitePage/2//img.360chengren.com/images/index_new/logo.jpg', 1, 5),
(838, 2, 2, 'http://img.360chengren.com/images/index_new/safe_pic1.jpg', 'http://img.360chengren.com/images/index_new/safe_pic1.jpg', 'http://upload.ci.com/sitePage/2//img.360chengren.com/images/index_new/safe_pic1.jpg', 'd:/web/www/webStudio/wwwroot/uploadfile/sitePage/2//img.360chengren.com/images/index_new/safe_pic1.jpg', 1, 5),
(839, 2, 2, 'http://img.360chengren.com/images/index_new/safe_pic2.jpg', 'http://img.360chengren.com/images/index_new/safe_pic2.jpg', 'http://upload.ci.com/sitePage/2//img.360chengren.com/images/index_new/safe_pic2.jpg', 'd:/web/www/webStudio/wwwroot/uploadfile/sitePage/2//img.360chengren.com/images/index_new/safe_pic2.jpg', 1, 5),
(840, 2, 2, 'http://img.360chengren.com/images/index_new/safe_pic3.jpg', 'http://img.360chengren.com/images/index_new/safe_pic3.jpg', 'http://upload.ci.com/sitePage/2//img.360chengren.com/images/index_new/safe_pic3.jpg', 'd:/web/www/webStudio/wwwroot/uploadfile/sitePage/2//img.360chengren.com/images/index_new/safe_pic3.jpg', 1, 5),
(841, 2, 2, 'http://img.360chengren.com/images/index_new/safe_pic4.jpg', 'http://img.360chengren.com/images/index_new/safe_pic4.jpg', 'http://upload.ci.com/sitePage/2//img.360chengren.com/images/index_new/safe_pic4.jpg', 'd:/web/www/webStudio/wwwroot/uploadfile/sitePage/2//img.360chengren.com/images/index_new/safe_pic4.jpg', 1, 5),
(842, 2, 2, 'http://img.360chengren.com/images/group//514_4314_1375338742.jpg', 'http://img.360chengren.com/images/group//514_4314_1375338742.jpg', 'http://upload.ci.com/sitePage/2//img.360chengren.com/images/group//514_4314_1375338742.jpg', 'd:/web/www/webStudio/wwwroot/uploadfile/sitePage/2//img.360chengren.com/images/group//514_4314_1375338742.jpg', 1, 5),
(843, 2, 2, 'http://img.360chengren.com/images/group//514_4312_1375338751.jpg', 'http://img.360chengren.com/images/group//514_4312_1375338751.jpg', 'http://upload.ci.com/sitePage/2//img.360chengren.com/images/group//514_4312_1375338751.jpg', 'd:/web/www/webStudio/wwwroot/uploadfile/sitePage/2//img.360chengren.com/images/group//514_4312_1375338751.jpg', 1, 5),
(844, 2, 2, 'http://img.360chengren.com/images/group//514_4316_1375338759.jpg', 'http://img.360chengren.com/images/group//514_4316_1375338759.jpg', 'http://upload.ci.com/sitePage/2//img.360chengren.com/images/group//514_4316_1375338759.jpg', 'd:/web/www/webStudio/wwwroot/uploadfile/sitePage/2//img.360chengren.com/images/group//514_4316_1375338759.jpg', 1, 5),
(845, 2, 2, 'http://img.360chengren.com/images/group//515_4319_1375338800.jpg', 'http://img.360chengren.com/images/group//515_4319_1375338800.jpg', 'http://upload.ci.com/sitePage/2//img.360chengren.com/images/group//515_4319_1375338800.jpg', 'd:/web/www/webStudio/wwwroot/uploadfile/sitePage/2//img.360chengren.com/images/group//515_4319_1375338800.jpg', 1, 5),
(846, 2, 2, 'http://img.360chengren.com/images/group//515_4317_1375338809.jpg', 'http://img.360chengren.com/images/group//515_4317_1375338809.jpg', 'http://upload.ci.com/sitePage/2//img.360chengren.com/images/group//515_4317_1375338809.jpg', 'd:/web/www/webStudio/wwwroot/uploadfile/sitePage/2//img.360chengren.com/images/group//515_4317_1375338809.jpg', 1, 5),
(847, 2, 2, 'http://img.360chengren.com/images/group//515_4322_1375338818.jpg', 'http://img.360chengren.com/images/group//515_4322_1375338818.jpg', 'http://upload.ci.com/sitePage/2//img.360chengren.com/images/group//515_4322_1375338818.jpg', 'd:/web/www/webStudio/wwwroot/uploadfile/sitePage/2//img.360chengren.com/images/group//515_4322_1375338818.jpg', 1, 5),
(848, 2, 2, 'http://img.360chengren.com/images/group//516_4329_1375338881.jpg', 'http://img.360chengren.com/images/group//516_4329_1375338881.jpg', 'http://upload.ci.com/sitePage/2//img.360chengren.com/images/group//516_4329_1375338881.jpg', 'd:/web/www/webStudio/wwwroot/uploadfile/sitePage/2//img.360chengren.com/images/group//516_4329_1375338881.jpg', 1, 5),
(849, 2, 2, 'http://img.360chengren.com/images/group//516_4325_1375338889.jpg', 'http://img.360chengren.com/images/group//516_4325_1375338889.jpg', 'http://upload.ci.com/sitePage/2//img.360chengren.com/images/group//516_4325_1375338889.jpg', 'd:/web/www/webStudio/wwwroot/uploadfile/sitePage/2//img.360chengren.com/images/group//516_4325_1375338889.jpg', 1, 5),
(850, 2, 2, 'http://img.360chengren.com/images/group//516_4327_1375338896.jpg', 'http://img.360chengren.com/images/group//516_4327_1375338896.jpg', 'http://upload.ci.com/sitePage/2//img.360chengren.com/images/group//516_4327_1375338896.jpg', 'd:/web/www/webStudio/wwwroot/uploadfile/sitePage/2//img.360chengren.com/images/group//516_4327_1375338896.jpg', 1, 5),
(851, 2, 2, 'http://img.360chengren.com/js/jcarousellite.js', 'http://img.360chengren.com/js/jcarousellite.js', 'http://upload.ci.com/sitePage/2//img.360chengren.com/js/jcarousellite.js', 'd:/web/www/webStudio/wwwroot/uploadfile/sitePage/2//img.360chengren.com/js/jcarousellite.js', 1, 5),
(852, 2, 2, '/images/group//4577.jpg', 'http://www.aizhigu.com.cn//images/group//4577.jpg', 'http://upload.ci.com/sitePage/2//www.aizhigu.com.cn//images/group//4577.jpg', 'd:/web/www/webStudio/wwwroot/uploadfile/sitePage/2//www.aizhigu.com.cn//images/group//4577.jpg', 1, 5),
(853, 2, 2, '/images/group//4426.jpg', 'http://www.aizhigu.com.cn//images/group//4426.jpg', 'http://upload.ci.com/sitePage/2//www.aizhigu.com.cn//images/group//4426.jpg', 'd:/web/www/webStudio/wwwroot/uploadfile/sitePage/2//www.aizhigu.com.cn//images/group//4426.jpg', 1, 5),
(854, 2, 2, '/images/group//4860.jpg', 'http://www.aizhigu.com.cn//images/group//4860.jpg', 'http://upload.ci.com/sitePage/2//www.aizhigu.com.cn//images/group//4860.jpg', 'd:/web/www/webStudio/wwwroot/uploadfile/sitePage/2//www.aizhigu.com.cn//images/group//4860.jpg', 1, 5),
(855, 2, 2, '/images/group//4237.jpg', 'http://www.aizhigu.com.cn//images/group//4237.jpg', 'http://upload.ci.com/sitePage/2//www.aizhigu.com.cn//images/group//4237.jpg', 'd:/web/www/webStudio/wwwroot/uploadfile/sitePage/2//www.aizhigu.com.cn//images/group//4237.jpg', 1, 5),
(856, 2, 2, '/images/group//4527.jpg', 'http://www.aizhigu.com.cn//images/group//4527.jpg', 'http://upload.ci.com/sitePage/2//www.aizhigu.com.cn//images/group//4527.jpg', 'd:/web/www/webStudio/wwwroot/uploadfile/sitePage/2//www.aizhigu.com.cn//images/group//4527.jpg', 1, 5),
(857, 2, 2, 'http://img.360chengren.com/images/group//526_4448_1375338655.jpg', 'http://img.360chengren.com/images/group//526_4448_1375338655.jpg', 'http://upload.ci.com/sitePage/2//img.360chengren.com/images/group//526_4448_1375338655.jpg', 'd:/web/www/webStudio/wwwroot/uploadfile/sitePage/2//img.360chengren.com/images/group//526_4448_1375338655.jpg', 1, 5),
(858, 2, 2, 'http://img.360chengren.com/images/group//526_4449_1375338668.jpg', 'http://img.360chengren.com/images/group//526_4449_1375338668.jpg', 'http://upload.ci.com/sitePage/2//img.360chengren.com/images/group//526_4449_1375338668.jpg', 'd:/web/www/webStudio/wwwroot/uploadfile/sitePage/2//img.360chengren.com/images/group//526_4449_1375338668.jpg', 1, 5),
(859, 2, 2, 'http://img.360chengren.com/images/group//526_4450_1375338678.jpg', 'http://img.360chengren.com/images/group//526_4450_1375338678.jpg', 'http://upload.ci.com/sitePage/2//img.360chengren.com/images/group//526_4450_1375338678.jpg', 'd:/web/www/webStudio/wwwroot/uploadfile/sitePage/2//img.360chengren.com/images/group//526_4450_1375338678.jpg', 1, 5),
(860, 2, 2, 'http://img.360chengren.com/images/group//526_4451_1375415786.jpg', 'http://img.360chengren.com/images/group//526_4451_1375415786.jpg', 'http://upload.ci.com/sitePage/2//img.360chengren.com/images/group//526_4451_1375415786.jpg', 'd:/web/www/webStudio/wwwroot/uploadfile/sitePage/2//img.360chengren.com/images/group//526_4451_1375415786.jpg', 1, 5),
(861, 2, 2, 'http://img.360chengren.com/images/group//526_4452_1375338703.jpg', 'http://img.360chengren.com/images/group//526_4452_1375338703.jpg', 'http://upload.ci.com/sitePage/2//img.360chengren.com/images/group//526_4452_1375338703.jpg', 'd:/web/www/webStudio/wwwroot/uploadfile/sitePage/2//img.360chengren.com/images/group//526_4452_1375338703.jpg', 1, 5),
(862, 2, 2, '/images/group/519/01375337875.jpg', 'http://www.aizhigu.com.cn//images/group/519/01375337875.jpg', 'http://upload.ci.com/sitePage/2//www.aizhigu.com.cn//images/group/519/01375337875.jpg', 'd:/web/www/webStudio/wwwroot/uploadfile/sitePage/2//www.aizhigu.com.cn//images/group/519/01375337875.jpg', 1, 5),
(863, 2, 2, '/images/group/519/172.jpg', 'http://www.aizhigu.com.cn//images/group/519/172.jpg', 'http://upload.ci.com/sitePage/2//www.aizhigu.com.cn//images/group/519/172.jpg', 'd:/web/www/webStudio/wwwroot/uploadfile/sitePage/2//www.aizhigu.com.cn//images/group/519/172.jpg', 1, 5),
(864, 2, 2, '/images/group/519/54.jpg', 'http://www.aizhigu.com.cn//images/group/519/54.jpg', 'http://upload.ci.com/sitePage/2//www.aizhigu.com.cn//images/group/519/54.jpg', 'd:/web/www/webStudio/wwwroot/uploadfile/sitePage/2//www.aizhigu.com.cn//images/group/519/54.jpg', 1, 5),
(865, 2, 2, '/images/group/519/01375337884.jpg', 'http://www.aizhigu.com.cn//images/group/519/01375337884.jpg', 'http://upload.ci.com/sitePage/2//www.aizhigu.com.cn//images/group/519/01375337884.jpg', 'd:/web/www/webStudio/wwwroot/uploadfile/sitePage/2//www.aizhigu.com.cn//images/group/519/01375337884.jpg', 1, 5),
(866, 2, 2, '/images/group/519/01375337892.jpg', 'http://www.aizhigu.com.cn//images/group/519/01375337892.jpg', 'http://upload.ci.com/sitePage/2//www.aizhigu.com.cn//images/group/519/01375337892.jpg', 'd:/web/www/webStudio/wwwroot/uploadfile/sitePage/2//www.aizhigu.com.cn//images/group/519/01375337892.jpg', 1, 5),
(867, 2, 2, 'http://img.360chengren.com/images/group//4778.jpg', 'http://img.360chengren.com/images/group//4778.jpg', 'http://upload.ci.com/sitePage/2//img.360chengren.com/images/group//4778.jpg', 'd:/web/www/webStudio/wwwroot/uploadfile/sitePage/2//img.360chengren.com/images/group//4778.jpg', 1, 5),
(868, 2, 2, 'http://img.360chengren.com/images/group//4836.jpg', 'http://img.360chengren.com/images/group//4836.jpg', 'http://upload.ci.com/sitePage/2//img.360chengren.com/images/group//4836.jpg', 'd:/web/www/webStudio/wwwroot/uploadfile/sitePage/2//img.360chengren.com/images/group//4836.jpg', 1, 5),
(869, 2, 2, 'http://img.360chengren.com/images/group//4840.jpg', 'http://img.360chengren.com/images/group//4840.jpg', 'http://upload.ci.com/sitePage/2//img.360chengren.com/images/group//4840.jpg', 'd:/web/www/webStudio/wwwroot/uploadfile/sitePage/2//img.360chengren.com/images/group//4840.jpg', 1, 5),
(870, 2, 2, 'http://img.360chengren.com/images/group//4810.jpg', 'http://img.360chengren.com/images/group//4810.jpg', 'http://upload.ci.com/sitePage/2//img.360chengren.com/images/group//4810.jpg', 'd:/web/www/webStudio/wwwroot/uploadfile/sitePage/2//img.360chengren.com/images/group//4810.jpg', 1, 5),
(871, 2, 2, 'http://img.360chengren.com/images/group//4827.jpg', 'http://img.360chengren.com/images/group//4827.jpg', 'http://upload.ci.com/sitePage/2//img.360chengren.com/images/group//4827.jpg', 'd:/web/www/webStudio/wwwroot/uploadfile/sitePage/2//img.360chengren.com/images/group//4827.jpg', 1, 5),
(872, 2, 2, 'http://img.360chengren.com/images/group//4801.jpg', 'http://img.360chengren.com/images/group//4801.jpg', 'http://upload.ci.com/sitePage/2//img.360chengren.com/images/group//4801.jpg', 'd:/web/www/webStudio/wwwroot/uploadfile/sitePage/2//img.360chengren.com/images/group//4801.jpg', 1, 5),
(873, 2, 2, 'http://img.360chengren.com/images/group//4806.jpg', 'http://img.360chengren.com/images/group//4806.jpg', 'http://upload.ci.com/sitePage/2//img.360chengren.com/images/group//4806.jpg', 'd:/web/www/webStudio/wwwroot/uploadfile/sitePage/2//img.360chengren.com/images/group//4806.jpg', 1, 5),
(874, 2, 2, 'http://img.360chengren.com/images/group//4839.jpg', 'http://img.360chengren.com/images/group//4839.jpg', 'http://upload.ci.com/sitePage/2//img.360chengren.com/images/group//4839.jpg', 'd:/web/www/webStudio/wwwroot/uploadfile/sitePage/2//img.360chengren.com/images/group//4839.jpg', 1, 5),
(875, 2, 2, 'http://img.360chengren.com/images/group//4767.jpg', 'http://img.360chengren.com/images/group//4767.jpg', 'http://upload.ci.com/sitePage/2//img.360chengren.com/images/group//4767.jpg', 'd:/web/www/webStudio/wwwroot/uploadfile/sitePage/2//img.360chengren.com/images/group//4767.jpg', 1, 5),
(876, 2, 2, 'http://img.360chengren.com/images/group//4727.jpg', 'http://img.360chengren.com/images/group//4727.jpg', 'http://upload.ci.com/sitePage/2//img.360chengren.com/images/group//4727.jpg', 'd:/web/www/webStudio/wwwroot/uploadfile/sitePage/2//img.360chengren.com/images/group//4727.jpg', 1, 5),
(877, 2, 2, 'http://img.360chengren.com/images/group//4431.jpg', 'http://img.360chengren.com/images/group//4431.jpg', 'http://upload.ci.com/sitePage/2//img.360chengren.com/images/group//4431.jpg', 'd:/web/www/webStudio/wwwroot/uploadfile/sitePage/2//img.360chengren.com/images/group//4431.jpg', 1, 5),
(878, 2, 2, 'http://img.360chengren.com/images/group/520/4858.jpg', 'http://img.360chengren.com/images/group/520/4858.jpg', 'http://upload.ci.com/sitePage/2//img.360chengren.com/images/group/520/4858.jpg', 'd:/web/www/webStudio/wwwroot/uploadfile/sitePage/2//img.360chengren.com/images/group/520/4858.jpg', 1, 5),
(879, 2, 2, 'http://img.360chengren.com/images/group//4740.jpg', 'http://img.360chengren.com/images/group//4740.jpg', 'http://upload.ci.com/sitePage/2//img.360chengren.com/images/group//4740.jpg', 'd:/web/www/webStudio/wwwroot/uploadfile/sitePage/2//img.360chengren.com/images/group//4740.jpg', 1, 5),
(880, 2, 2, 'http://img.360chengren.com/images/group//4512.jpg', 'http://img.360chengren.com/images/group//4512.jpg', 'http://upload.ci.com/sitePage/2//img.360chengren.com/images/group//4512.jpg', 'd:/web/www/webStudio/wwwroot/uploadfile/sitePage/2//img.360chengren.com/images/group//4512.jpg', 1, 5),
(881, 2, 2, 'http://img.360chengren.com/images/group/521/46001375337943.jpg', 'http://img.360chengren.com/images/group/521/46001375337943.jpg', 'http://upload.ci.com/sitePage/2//img.360chengren.com/images/group/521/46001375337943.jpg', 'd:/web/www/webStudio/wwwroot/uploadfile/sitePage/2//img.360chengren.com/images/group/521/46001375337943.jpg', 1, 5),
(882, 2, 2, 'http://img.360chengren.com/images/group/521/47601375337998.jpg', 'http://img.360chengren.com/images/group/521/47601375337998.jpg', 'http://upload.ci.com/sitePage/2//img.360chengren.com/images/group/521/47601375337998.jpg', 'd:/web/www/webStudio/wwwroot/uploadfile/sitePage/2//img.360chengren.com/images/group/521/47601375337998.jpg', 1, 5),
(883, 2, 2, 'http://img.360chengren.com/images/group/521/44291375338008.jpg', 'http://img.360chengren.com/images/group/521/44291375338008.jpg', 'http://upload.ci.com/sitePage/2//img.360chengren.com/images/group/521/44291375338008.jpg', 'd:/web/www/webStudio/wwwroot/uploadfile/sitePage/2//img.360chengren.com/images/group/521/44291375338008.jpg', 1, 5),
(884, 2, 2, 'http://img.360chengren.com/images/group/521/45251375338018.jpg', 'http://img.360chengren.com/images/group/521/45251375338018.jpg', 'http://upload.ci.com/sitePage/2//img.360chengren.com/images/group/521/45251375338018.jpg', 'd:/web/www/webStudio/wwwroot/uploadfile/sitePage/2//img.360chengren.com/images/group/521/45251375338018.jpg', 1, 5),
(885, 2, 2, 'http://img.360chengren.com/images/group/521/40401375338027.jpg', 'http://img.360chengren.com/images/group/521/40401375338027.jpg', 'http://upload.ci.com/sitePage/2//img.360chengren.com/images/group/521/40401375338027.jpg', 'd:/web/www/webStudio/wwwroot/uploadfile/sitePage/2//img.360chengren.com/images/group/521/40401375338027.jpg', 1, 5),
(886, 2, 2, 'http://img.360chengren.com/images/goods/201209/thumb_img/4429_thumb_G_1348814353055.jpg', 'http://img.360chengren.com/images/goods/201209/thumb_img/4429_thumb_G_1348814353055.jpg', 'http://upload.ci.com/sitePage/2//img.360chengren.com/images/goods/201209/thumb_img/4429_thumb_G_1348814353055.jpg', 'd:/web/www/webStudio/wwwroot/uploadfile/sitePage/2//img.360chengren.com/images/goods/201209/thumb_img/4429_thumb_G_1348814353055.jpg', 1, 5),
(887, 2, 2, 'http://img.360chengren.com/images/goods/201301/thumb_img/4760_thumb_G_1358412482810.jpg', 'http://img.360chengren.com/images/goods/201301/thumb_img/4760_thumb_G_1358412482810.jpg', 'http://upload.ci.com/sitePage/2//img.360chengren.com/images/goods/201301/thumb_img/4760_thumb_G_1358412482810.jpg', 'd:/web/www/webStudio/wwwroot/uploadfile/sitePage/2//img.360chengren.com/images/goods/201301/thumb_img/4760_thumb_G_1358412482810.jpg', 1, 5),
(888, 2, 2, 'http://img.360chengren.com/images/goods/201211/thumb_img/4430_thumb_G_1353047158378.jpg', 'http://img.360chengren.com/images/goods/201211/thumb_img/4430_thumb_G_1353047158378.jpg', 'http://upload.ci.com/sitePage/2//img.360chengren.com/images/goods/201211/thumb_img/4430_thumb_G_1353047158378.jpg', 'd:/web/www/webStudio/wwwroot/uploadfile/sitePage/2//img.360chengren.com/images/goods/201211/thumb_img/4430_thumb_G_1353047158378.jpg', 1, 5),
(889, 2, 2, 'http://img.360chengren.com/images/goods/201207/thumb_img/4600_thumb_G_1343115975584.jpg', 'http://img.360chengren.com/images/goods/201207/thumb_img/4600_thumb_G_1343115975584.jpg', 'http://upload.ci.com/sitePage/2//img.360chengren.com/images/goods/201207/thumb_img/4600_thumb_G_1343115975584.jpg', 'd:/web/www/webStudio/wwwroot/uploadfile/sitePage/2//img.360chengren.com/images/goods/201207/thumb_img/4600_thumb_G_1343115975584.jpg', 1, 5),
(890, 2, 2, 'http://img.360chengren.com/images/goods/201301/thumb_img/4577_thumb_G_1357541353571.jpg', 'http://img.360chengren.com/images/goods/201301/thumb_img/4577_thumb_G_1357541353571.jpg', 'http://upload.ci.com/sitePage/2//img.360chengren.com/images/goods/201301/thumb_img/4577_thumb_G_1357541353571.jpg', 'd:/web/www/webStudio/wwwroot/uploadfile/sitePage/2//img.360chengren.com/images/goods/201301/thumb_img/4577_thumb_G_1357541353571.jpg', 1, 5),
(891, 2, 2, 'http://img.360chengren.com/images/goods/201305/thumb_img/4810_thumb_G_1369985823139.jpg', 'http://img.360chengren.com/images/goods/201305/thumb_img/4810_thumb_G_1369985823139.jpg', 'http://upload.ci.com/sitePage/2//img.360chengren.com/images/goods/201305/thumb_img/4810_thumb_G_1369985823139.jpg', 'd:/web/www/webStudio/wwwroot/uploadfile/sitePage/2//img.360chengren.com/images/goods/201305/thumb_img/4810_thumb_G_1369985823139.jpg', 1, 5),
(892, 2, 2, 'http://img.360chengren.com/images/goods/201307/thumb_img/4857_thumb_G_1373278843611.jpg', 'http://img.360chengren.com/images/goods/201307/thumb_img/4857_thumb_G_1373278843611.jpg', 'http://upload.ci.com/sitePage/2//img.360chengren.com/images/goods/201307/thumb_img/4857_thumb_G_1373278843611.jpg', 'd:/web/www/webStudio/wwwroot/uploadfile/sitePage/2//img.360chengren.com/images/goods/201307/thumb_img/4857_thumb_G_1373278843611.jpg', 1, 5),
(893, 2, 2, 'http://img.360chengren.com/images/goods/201304/thumb_img/4808_thumb_G_1365474907228.jpg', 'http://img.360chengren.com/images/goods/201304/thumb_img/4808_thumb_G_1365474907228.jpg', 'http://upload.ci.com/sitePage/2//img.360chengren.com/images/goods/201304/thumb_img/4808_thumb_G_1365474907228.jpg', 'd:/web/www/webStudio/wwwroot/uploadfile/sitePage/2//img.360chengren.com/images/goods/201304/thumb_img/4808_thumb_G_1365474907228.jpg', 1, 5),
(894, 2, 2, 'http://img.360chengren.com/images/goods/201306/thumb_img/4626_thumb_G_1370246192639.jpg', 'http://img.360chengren.com/images/goods/201306/thumb_img/4626_thumb_G_1370246192639.jpg', 'http://upload.ci.com/sitePage/2//img.360chengren.com/images/goods/201306/thumb_img/4626_thumb_G_1370246192639.jpg', 'd:/web/www/webStudio/wwwroot/uploadfile/sitePage/2//img.360chengren.com/images/goods/201306/thumb_img/4626_thumb_G_1370246192639.jpg', 1, 5),
(895, 2, 2, 'http://img.360chengren.com/images/goods/201304/thumb_img/4802_thumb_G_1365556995467.jpg', 'http://img.360chengren.com/images/goods/201304/thumb_img/4802_thumb_G_1365556995467.jpg', 'http://upload.ci.com/sitePage/2//img.360chengren.com/images/goods/201304/thumb_img/4802_thumb_G_1365556995467.jpg', 'd:/web/www/webStudio/wwwroot/uploadfile/sitePage/2//img.360chengren.com/images/goods/201304/thumb_img/4802_thumb_G_1365556995467.jpg', 1, 5),
(896, 2, 2, 'http://img.360chengren.com/images/goods/201212/thumb_img/4742_thumb_G_1356601065261.jpg', 'http://img.360chengren.com/images/goods/201212/thumb_img/4742_thumb_G_1356601065261.jpg', 'http://upload.ci.com/sitePage/2//img.360chengren.com/images/goods/201212/thumb_img/4742_thumb_G_1356601065261.jpg', 'd:/web/www/webStudio/wwwroot/uploadfile/sitePage/2//img.360chengren.com/images/goods/201212/thumb_img/4742_thumb_G_1356601065261.jpg', 1, 5),
(897, 2, 2, 'http://img.360chengren.com/images/goods/201208/thumb_img/4603_thumb_G_1345111893280.jpg', 'http://img.360chengren.com/images/goods/201208/thumb_img/4603_thumb_G_1345111893280.jpg', 'http://upload.ci.com/sitePage/2//img.360chengren.com/images/goods/201208/thumb_img/4603_thumb_G_1345111893280.jpg', 'd:/web/www/webStudio/wwwroot/uploadfile/sitePage/2//img.360chengren.com/images/goods/201208/thumb_img/4603_thumb_G_1345111893280.jpg', 1, 5),
(898, 2, 2, 'http://img.360chengren.com/data/brandlogo/1339753870757345504.jpg', 'http://img.360chengren.com/data/brandlogo/1339753870757345504.jpg', 'http://upload.ci.com/sitePage/2//img.360chengren.com/data/brandlogo/1339753870757345504.jpg', 'd:/web/www/webStudio/wwwroot/uploadfile/sitePage/2//img.360chengren.com/data/brandlogo/1339753870757345504.jpg', 1, 5),
(899, 2, 2, 'http://img.360chengren.com/data/brandlogo/1339753812242527031.jpg', 'http://img.360chengren.com/data/brandlogo/1339753812242527031.jpg', 'http://upload.ci.com/sitePage/2//img.360chengren.com/data/brandlogo/1339753812242527031.jpg', 'd:/web/www/webStudio/wwwroot/uploadfile/sitePage/2//img.360chengren.com/data/brandlogo/1339753812242527031.jpg', 1, 5),
(900, 2, 2, 'http://img.360chengren.com/data/brandlogo/1339754924196473635.jpg', 'http://img.360chengren.com/data/brandlogo/1339754924196473635.jpg', 'http://upload.ci.com/sitePage/2//img.360chengren.com/data/brandlogo/1339754924196473635.jpg', 'd:/web/www/webStudio/wwwroot/uploadfile/sitePage/2//img.360chengren.com/data/brandlogo/1339754924196473635.jpg', 1, 5),
(901, 2, 2, 'http://img.360chengren.com/data/brandlogo/1339754895838823332.jpg', 'http://img.360chengren.com/data/brandlogo/1339754895838823332.jpg', 'http://upload.ci.com/sitePage/2//img.360chengren.com/data/brandlogo/1339754895838823332.jpg', 'd:/web/www/webStudio/wwwroot/uploadfile/sitePage/2//img.360chengren.com/data/brandlogo/1339754895838823332.jpg', 1, 5),
(902, 2, 2, 'http://img.360chengren.com/data/brandlogo/1339754394694890955.jpg', 'http://img.360chengren.com/data/brandlogo/1339754394694890955.jpg', 'http://upload.ci.com/sitePage/2//img.360chengren.com/data/brandlogo/1339754394694890955.jpg', 'd:/web/www/webStudio/wwwroot/uploadfile/sitePage/2//img.360chengren.com/data/brandlogo/1339754394694890955.jpg', 1, 5),
(903, 2, 2, 'http://img.360chengren.com/data/brandlogo/1339754824596455060.jpg', 'http://img.360chengren.com/data/brandlogo/1339754824596455060.jpg', 'http://upload.ci.com/sitePage/2//img.360chengren.com/data/brandlogo/1339754824596455060.jpg', 'd:/web/www/webStudio/wwwroot/uploadfile/sitePage/2//img.360chengren.com/data/brandlogo/1339754824596455060.jpg', 1, 5),
(904, 2, 2, 'http://img.360chengren.com/data/brandlogo/1372646410655981288.jpg', 'http://img.360chengren.com/data/brandlogo/1372646410655981288.jpg', 'http://upload.ci.com/sitePage/2//img.360chengren.com/data/brandlogo/1372646410655981288.jpg', 'd:/web/www/webStudio/wwwroot/uploadfile/sitePage/2//img.360chengren.com/data/brandlogo/1372646410655981288.jpg', 1, 5),
(905, 2, 2, 'http://img.360chengren.com/data/brandlogo/1339754049840596657.jpg', 'http://img.360chengren.com/data/brandlogo/1339754049840596657.jpg', 'http://upload.ci.com/sitePage/2//img.360chengren.com/data/brandlogo/1339754049840596657.jpg', 'd:/web/www/webStudio/wwwroot/uploadfile/sitePage/2//img.360chengren.com/data/brandlogo/1339754049840596657.jpg', 1, 5),
(906, 2, 2, 'http://img.360chengren.com/data/brandlogo/1339754572107285453.jpg', 'http://img.360chengren.com/data/brandlogo/1339754572107285453.jpg', 'http://upload.ci.com/sitePage/2//img.360chengren.com/data/brandlogo/1339754572107285453.jpg', 'd:/web/www/webStudio/wwwroot/uploadfile/sitePage/2//img.360chengren.com/data/brandlogo/1339754572107285453.jpg', 1, 5),
(907, 2, 2, 'http://img.360chengren.com/data/brandlogo/1339754763776574958.jpg', 'http://img.360chengren.com/data/brandlogo/1339754763776574958.jpg', 'http://upload.ci.com/sitePage/2//img.360chengren.com/data/brandlogo/1339754763776574958.jpg', 'd:/web/www/webStudio/wwwroot/uploadfile/sitePage/2//img.360chengren.com/data/brandlogo/1339754763776574958.jpg', 1, 5),
(908, 2, 2, 'http://img.360chengren.com/images/group/522/43431375338067.jpg', 'http://img.360chengren.com/images/group/522/43431375338067.jpg', 'http://upload.ci.com/sitePage/2//img.360chengren.com/images/group/522/43431375338067.jpg', 'd:/web/www/webStudio/wwwroot/uploadfile/sitePage/2//img.360chengren.com/images/group/522/43431375338067.jpg', 1, 5),
(909, 2, 2, 'http://img.360chengren.com/images/group/522/44021375338081.jpg', 'http://img.360chengren.com/images/group/522/44021375338081.jpg', 'http://upload.ci.com/sitePage/2//img.360chengren.com/images/group/522/44021375338081.jpg', 'd:/web/www/webStudio/wwwroot/uploadfile/sitePage/2//img.360chengren.com/images/group/522/44021375338081.jpg', 1, 5),
(910, 2, 2, 'http://img.360chengren.com/images/group/522/47321375338097.jpg', 'http://img.360chengren.com/images/group/522/47321375338097.jpg', 'http://upload.ci.com/sitePage/2//img.360chengren.com/images/group/522/47321375338097.jpg', 'd:/web/www/webStudio/wwwroot/uploadfile/sitePage/2//img.360chengren.com/images/group/522/47321375338097.jpg', 1, 5),
(911, 2, 2, 'http://img.360chengren.com/images/group/522/44261375338108.jpg', 'http://img.360chengren.com/images/group/522/44261375338108.jpg', 'http://upload.ci.com/sitePage/2//img.360chengren.com/images/group/522/44261375338108.jpg', 'd:/web/www/webStudio/wwwroot/uploadfile/sitePage/2//img.360chengren.com/images/group/522/44261375338108.jpg', 1, 5),
(912, 2, 2, 'http://img.360chengren.com/images/group/522/46731375338117.jpg', 'http://img.360chengren.com/images/group/522/46731375338117.jpg', 'http://upload.ci.com/sitePage/2//img.360chengren.com/images/group/522/46731375338117.jpg', 'd:/web/www/webStudio/wwwroot/uploadfile/sitePage/2//img.360chengren.com/images/group/522/46731375338117.jpg', 1, 5),
(913, 2, 2, 'http://img.360chengren.com/images/group/522/45811375338128.jpg', 'http://img.360chengren.com/images/group/522/45811375338128.jpg', 'http://upload.ci.com/sitePage/2//img.360chengren.com/images/group/522/45811375338128.jpg', 'd:/web/www/webStudio/wwwroot/uploadfile/sitePage/2//img.360chengren.com/images/group/522/45811375338128.jpg', 1, 5),
(914, 2, 2, 'http://img.360chengren.com/images/group/522/47301375338137.jpg', 'http://img.360chengren.com/images/group/522/47301375338137.jpg', 'http://upload.ci.com/sitePage/2//img.360chengren.com/images/group/522/47301375338137.jpg', 'd:/web/www/webStudio/wwwroot/uploadfile/sitePage/2//img.360chengren.com/images/group/522/47301375338137.jpg', 1, 5),
(915, 2, 2, 'http://img.360chengren.com/images/goods/201211/thumb_img/4732_thumb_G_1353914344506.jpg', 'http://img.360chengren.com/images/goods/201211/thumb_img/4732_thumb_G_1353914344506.jpg', 'http://upload.ci.com/sitePage/2//img.360chengren.com/images/goods/201211/thumb_img/4732_thumb_G_1353914344506.jpg', 'd:/web/www/webStudio/wwwroot/uploadfile/sitePage/2//img.360chengren.com/images/goods/201211/thumb_img/4732_thumb_G_1353914344506.jpg', 1, 5),
(916, 2, 2, 'http://img.360chengren.com/images/goods/201211/thumb_img/4727_thumb_G_1353058988583.jpg', 'http://img.360chengren.com/images/goods/201211/thumb_img/4727_thumb_G_1353058988583.jpg', 'http://upload.ci.com/sitePage/2//img.360chengren.com/images/goods/201211/thumb_img/4727_thumb_G_1353058988583.jpg', 'd:/web/www/webStudio/wwwroot/uploadfile/sitePage/2//img.360chengren.com/images/goods/201211/thumb_img/4727_thumb_G_1353058988583.jpg', 1, 5),
(917, 2, 2, 'http://img.360chengren.com/images/goods/201211/thumb_img/4402_thumb_G_1353914722086.jpg', 'http://img.360chengren.com/images/goods/201211/thumb_img/4402_thumb_G_1353914722086.jpg', 'http://upload.ci.com/sitePage/2//img.360chengren.com/images/goods/201211/thumb_img/4402_thumb_G_1353914722086.jpg', 'd:/web/www/webStudio/wwwroot/uploadfile/sitePage/2//img.360chengren.com/images/goods/201211/thumb_img/4402_thumb_G_1353914722086.jpg', 1, 5),
(918, 2, 2, 'http://img.360chengren.com/images/goods/201204/thumb_img/4464_thumb_G_1334629771680.jpg', 'http://img.360chengren.com/images/goods/201204/thumb_img/4464_thumb_G_1334629771680.jpg', 'http://upload.ci.com/sitePage/2//img.360chengren.com/images/goods/201204/thumb_img/4464_thumb_G_1334629771680.jpg', 'd:/web/www/webStudio/wwwroot/uploadfile/sitePage/2//img.360chengren.com/images/goods/201204/thumb_img/4464_thumb_G_1334629771680.jpg', 1, 5),
(919, 2, 2, 'http://img.360chengren.com/images/goods/201209/thumb_img/4426_thumb_G_1348814837800.jpg', 'http://img.360chengren.com/images/goods/201209/thumb_img/4426_thumb_G_1348814837800.jpg', 'http://upload.ci.com/sitePage/2//img.360chengren.com/images/goods/201209/thumb_img/4426_thumb_G_1348814837800.jpg', 'd:/web/www/webStudio/wwwroot/uploadfile/sitePage/2//img.360chengren.com/images/goods/201209/thumb_img/4426_thumb_G_1348814837800.jpg', 1, 5),
(920, 2, 2, 'http://img.360chengren.com/images/goods/201307/thumb_img/4882_thumb_G_1374918584043.jpg', 'http://img.360chengren.com/images/goods/201307/thumb_img/4882_thumb_G_1374918584043.jpg', 'http://upload.ci.com/sitePage/2//img.360chengren.com/images/goods/201307/thumb_img/4882_thumb_G_1374918584043.jpg', 'd:/web/www/webStudio/wwwroot/uploadfile/sitePage/2//img.360chengren.com/images/goods/201307/thumb_img/4882_thumb_G_1374918584043.jpg', 1, 5),
(921, 2, 2, 'http://img.360chengren.com/images/goods/201307/thumb_img/4881_thumb_G_1374740459808.jpg', 'http://img.360chengren.com/images/goods/201307/thumb_img/4881_thumb_G_1374740459808.jpg', 'http://upload.ci.com/sitePage/2//img.360chengren.com/images/goods/201307/thumb_img/4881_thumb_G_1374740459808.jpg', 'd:/web/www/webStudio/wwwroot/uploadfile/sitePage/2//img.360chengren.com/images/goods/201307/thumb_img/4881_thumb_G_1374740459808.jpg', 1, 5),
(922, 2, 2, 'http://img.360chengren.com/images/goods/201307/thumb_img/4879_thumb_G_1374914927174.jpg', 'http://img.360chengren.com/images/goods/201307/thumb_img/4879_thumb_G_1374914927174.jpg', 'http://upload.ci.com/sitePage/2//img.360chengren.com/images/goods/201307/thumb_img/4879_thumb_G_1374914927174.jpg', 'd:/web/www/webStudio/wwwroot/uploadfile/sitePage/2//img.360chengren.com/images/goods/201307/thumb_img/4879_thumb_G_1374914927174.jpg', 1, 5),
(923, 2, 2, 'http://img.360chengren.com/images/goods/201307/thumb_img/4883_thumb_G_1374910718605.jpg', 'http://img.360chengren.com/images/goods/201307/thumb_img/4883_thumb_G_1374910718605.jpg', 'http://upload.ci.com/sitePage/2//img.360chengren.com/images/goods/201307/thumb_img/4883_thumb_G_1374910718605.jpg', 'd:/web/www/webStudio/wwwroot/uploadfile/sitePage/2//img.360chengren.com/images/goods/201307/thumb_img/4883_thumb_G_1374910718605.jpg', 1, 5),
(924, 2, 2, 'http://img.360chengren.com/images/goods/201307/thumb_img/4878_thumb_G_1374891279631.jpg', 'http://img.360chengren.com/images/goods/201307/thumb_img/4878_thumb_G_1374891279631.jpg', 'http://upload.ci.com/sitePage/2//img.360chengren.com/images/goods/201307/thumb_img/4878_thumb_G_1374891279631.jpg', 'd:/web/www/webStudio/wwwroot/uploadfile/sitePage/2//img.360chengren.com/images/goods/201307/thumb_img/4878_thumb_G_1374891279631.jpg', 1, 5),
(925, 2, 2, 'http://img.360chengren.com/images/goods/201308/thumb_img/4880_thumb_G_1375428504562.jpg', 'http://img.360chengren.com/images/goods/201308/thumb_img/4880_thumb_G_1375428504562.jpg', 'http://upload.ci.com/sitePage/2//img.360chengren.com/images/goods/201308/thumb_img/4880_thumb_G_1375428504562.jpg', 'd:/web/www/webStudio/wwwroot/uploadfile/sitePage/2//img.360chengren.com/images/goods/201308/thumb_img/4880_thumb_G_1375428504562.jpg', 1, 5),
(926, 2, 2, 'http://img.360chengren.com/images/goods/201307/thumb_img/4783_thumb_G_1374648448148.jpg', 'http://img.360chengren.com/images/goods/201307/thumb_img/4783_thumb_G_1374648448148.jpg', 'http://upload.ci.com/sitePage/2//img.360chengren.com/images/goods/201307/thumb_img/4783_thumb_G_1374648448148.jpg', 'd:/web/www/webStudio/wwwroot/uploadfile/sitePage/2//img.360chengren.com/images/goods/201307/thumb_img/4783_thumb_G_1374648448148.jpg', 1, 5),
(927, 2, 2, 'http://img.360chengren.com/images/goods/201306/thumb_img/4839_thumb_G_1372227694342.jpg', 'http://img.360chengren.com/images/goods/201306/thumb_img/4839_thumb_G_1372227694342.jpg', 'http://upload.ci.com/sitePage/2//img.360chengren.com/images/goods/201306/thumb_img/4839_thumb_G_1372227694342.jpg', 'd:/web/www/webStudio/wwwroot/uploadfile/sitePage/2//img.360chengren.com/images/goods/201306/thumb_img/4839_thumb_G_1372227694342.jpg', 1, 5),
(928, 2, 2, 'http://img.360chengren.com/data/brandlogo/1339753769438062840.jpg', 'http://img.360chengren.com/data/brandlogo/1339753769438062840.jpg', 'http://upload.ci.com/sitePage/2//img.360chengren.com/data/brandlogo/1339753769438062840.jpg', 'd:/web/www/webStudio/wwwroot/uploadfile/sitePage/2//img.360chengren.com/data/brandlogo/1339753769438062840.jpg', 1, 5),
(929, 2, 2, 'http://img.360chengren.com/data/brandlogo/1339754815175111639.jpg', 'http://img.360chengren.com/data/brandlogo/1339754815175111639.jpg', 'http://upload.ci.com/sitePage/2//img.360chengren.com/data/brandlogo/1339754815175111639.jpg', 'd:/web/www/webStudio/wwwroot/uploadfile/sitePage/2//img.360chengren.com/data/brandlogo/1339754815175111639.jpg', 1, 5),
(930, 2, 2, 'http://img.360chengren.com/data/brandlogo/1341539055495360528.jpg', 'http://img.360chengren.com/data/brandlogo/1341539055495360528.jpg', 'http://upload.ci.com/sitePage/2//img.360chengren.com/data/brandlogo/1341539055495360528.jpg', 'd:/web/www/webStudio/wwwroot/uploadfile/sitePage/2//img.360chengren.com/data/brandlogo/1341539055495360528.jpg', 1, 5),
(931, 2, 2, 'http://img.360chengren.com/data/brandlogo/1372668091756063701.jpg', 'http://img.360chengren.com/data/brandlogo/1372668091756063701.jpg', 'http://upload.ci.com/sitePage/2//img.360chengren.com/data/brandlogo/1372668091756063701.jpg', 'd:/web/www/webStudio/wwwroot/uploadfile/sitePage/2//img.360chengren.com/data/brandlogo/1372668091756063701.jpg', 1, 5),
(932, 2, 2, 'http://img.360chengren.com/data/brandlogo/1339754212228501118.jpg', 'http://img.360chengren.com/data/brandlogo/1339754212228501118.jpg', 'http://upload.ci.com/sitePage/2//img.360chengren.com/data/brandlogo/1339754212228501118.jpg', 'd:/web/www/webStudio/wwwroot/uploadfile/sitePage/2//img.360chengren.com/data/brandlogo/1339754212228501118.jpg', 1, 5),
(933, 2, 2, 'http://img.360chengren.com/images/group/523/43771375338176.jpg', 'http://img.360chengren.com/images/group/523/43771375338176.jpg', 'http://upload.ci.com/sitePage/2//img.360chengren.com/images/group/523/43771375338176.jpg', 'd:/web/www/webStudio/wwwroot/uploadfile/sitePage/2//img.360chengren.com/images/group/523/43771375338176.jpg', 1, 5),
(934, 2, 2, 'http://img.360chengren.com/images/group/523/45141375338218.jpg', 'http://img.360chengren.com/images/group/523/45141375338218.jpg', 'http://upload.ci.com/sitePage/2//img.360chengren.com/images/group/523/45141375338218.jpg', 'd:/web/www/webStudio/wwwroot/uploadfile/sitePage/2//img.360chengren.com/images/group/523/45141375338218.jpg', 1, 5),
(935, 2, 2, 'http://img.360chengren.com/images/group/523/46511375338229.jpg', 'http://img.360chengren.com/images/group/523/46511375338229.jpg', 'http://upload.ci.com/sitePage/2//img.360chengren.com/images/group/523/46511375338229.jpg', 'd:/web/www/webStudio/wwwroot/uploadfile/sitePage/2//img.360chengren.com/images/group/523/46511375338229.jpg', 1, 5),
(936, 2, 2, 'http://img.360chengren.com/images/group/523/45931375338243.jpg', 'http://img.360chengren.com/images/group/523/45931375338243.jpg', 'http://upload.ci.com/sitePage/2//img.360chengren.com/images/group/523/45931375338243.jpg', 'd:/web/www/webStudio/wwwroot/uploadfile/sitePage/2//img.360chengren.com/images/group/523/45931375338243.jpg', 1, 5),
(937, 2, 2, 'http://img.360chengren.com/images/group/523/44651375338252.jpg', 'http://img.360chengren.com/images/group/523/44651375338252.jpg', 'http://upload.ci.com/sitePage/2//img.360chengren.com/images/group/523/44651375338252.jpg', 'd:/web/www/webStudio/wwwroot/uploadfile/sitePage/2//img.360chengren.com/images/group/523/44651375338252.jpg', 1, 5),
(938, 2, 2, 'http://img.360chengren.com/images/group/523/43711375338260.jpg', 'http://img.360chengren.com/images/group/523/43711375338260.jpg', 'http://upload.ci.com/sitePage/2//img.360chengren.com/images/group/523/43711375338260.jpg', 'd:/web/www/webStudio/wwwroot/uploadfile/sitePage/2//img.360chengren.com/images/group/523/43711375338260.jpg', 1, 5),
(939, 2, 2, 'http://img.360chengren.com/images/group/523/45101375338270.jpg', 'http://img.360chengren.com/images/group/523/45101375338270.jpg', 'http://upload.ci.com/sitePage/2//img.360chengren.com/images/group/523/45101375338270.jpg', 'd:/web/www/webStudio/wwwroot/uploadfile/sitePage/2//img.360chengren.com/images/group/523/45101375338270.jpg', 1, 5),
(940, 2, 2, 'http://img.360chengren.com/images/goods/201205/thumb_img/4491_thumb_G_1336102479169.jpg', 'http://img.360chengren.com/images/goods/201205/thumb_img/4491_thumb_G_1336102479169.jpg', 'http://upload.ci.com/sitePage/2//img.360chengren.com/images/goods/201205/thumb_img/4491_thumb_G_1336102479169.jpg', 'd:/web/www/webStudio/wwwroot/uploadfile/sitePage/2//img.360chengren.com/images/goods/201205/thumb_img/4491_thumb_G_1336102479169.jpg', 1, 5),
(941, 2, 2, 'http://img.360chengren.com/images/goods/201204/thumb_img/4465_thumb_G_1334641419497.jpg', 'http://img.360chengren.com/images/goods/201204/thumb_img/4465_thumb_G_1334641419497.jpg', 'http://upload.ci.com/sitePage/2//img.360chengren.com/images/goods/201204/thumb_img/4465_thumb_G_1334641419497.jpg', 'd:/web/www/webStudio/wwwroot/uploadfile/sitePage/2//img.360chengren.com/images/goods/201204/thumb_img/4465_thumb_G_1334641419497.jpg', 1, 5),
(942, 2, 2, 'http://img.360chengren.com/images/goods/201203/thumb_img/4416_thumb_G_1331175672557.jpg', 'http://img.360chengren.com/images/goods/201203/thumb_img/4416_thumb_G_1331175672557.jpg', 'http://upload.ci.com/sitePage/2//img.360chengren.com/images/goods/201203/thumb_img/4416_thumb_G_1331175672557.jpg', 'd:/web/www/webStudio/wwwroot/uploadfile/sitePage/2//img.360chengren.com/images/goods/201203/thumb_img/4416_thumb_G_1331175672557.jpg', 1, 5),
(943, 2, 2, 'http://img.360chengren.com/images/goods/201211/thumb_img/4487_thumb_G_1352533929995.jpg', 'http://img.360chengren.com/images/goods/201211/thumb_img/4487_thumb_G_1352533929995.jpg', 'http://upload.ci.com/sitePage/2//img.360chengren.com/images/goods/201211/thumb_img/4487_thumb_G_1352533929995.jpg', 'd:/web/www/webStudio/wwwroot/uploadfile/sitePage/2//img.360chengren.com/images/goods/201211/thumb_img/4487_thumb_G_1352533929995.jpg', 1, 5),
(944, 2, 2, 'http://img.360chengren.com/images/goods/201105/thumb_img/1921_thumb_G_1305253836108.jpg', 'http://img.360chengren.com/images/goods/201105/thumb_img/1921_thumb_G_1305253836108.jpg', 'http://upload.ci.com/sitePage/2//img.360chengren.com/images/goods/201105/thumb_img/1921_thumb_G_1305253836108.jpg', 'd:/web/www/webStudio/wwwroot/uploadfile/sitePage/2//img.360chengren.com/images/goods/201105/thumb_img/1921_thumb_G_1305253836108.jpg', 1, 5),
(945, 2, 2, 'http://img.360chengren.com/images/goods/201307/thumb_img/4842_thumb_G_1375164598531.jpg', 'http://img.360chengren.com/images/goods/201307/thumb_img/4842_thumb_G_1375164598531.jpg', 'http://upload.ci.com/sitePage/2//img.360chengren.com/images/goods/201307/thumb_img/4842_thumb_G_1375164598531.jpg', 'd:/web/www/webStudio/wwwroot/uploadfile/sitePage/2//img.360chengren.com/images/goods/201307/thumb_img/4842_thumb_G_1375164598531.jpg', 1, 5),
(946, 2, 2, 'http://img.360chengren.com/images/goods/201307/thumb_img/4866_thumb_G_1375164117648.jpg', 'http://img.360chengren.com/images/goods/201307/thumb_img/4866_thumb_G_1375164117648.jpg', 'http://upload.ci.com/sitePage/2//img.360chengren.com/images/goods/201307/thumb_img/4866_thumb_G_1375164117648.jpg', 'd:/web/www/webStudio/wwwroot/uploadfile/sitePage/2//img.360chengren.com/images/goods/201307/thumb_img/4866_thumb_G_1375164117648.jpg', 1, 5),
(947, 2, 2, 'http://img.360chengren.com/images/goods/201307/thumb_img/4869_thumb_G_1375163974343.jpg', 'http://img.360chengren.com/images/goods/201307/thumb_img/4869_thumb_G_1375163974343.jpg', 'http://upload.ci.com/sitePage/2//img.360chengren.com/images/goods/201307/thumb_img/4869_thumb_G_1375163974343.jpg', 'd:/web/www/webStudio/wwwroot/uploadfile/sitePage/2//img.360chengren.com/images/goods/201307/thumb_img/4869_thumb_G_1375163974343.jpg', 1, 5),
(948, 2, 2, 'http://img.360chengren.com/images/goods/201307/thumb_img/4868_thumb_G_1375164023767.jpg', 'http://img.360chengren.com/images/goods/201307/thumb_img/4868_thumb_G_1375164023767.jpg', 'http://upload.ci.com/sitePage/2//img.360chengren.com/images/goods/201307/thumb_img/4868_thumb_G_1375164023767.jpg', 'd:/web/www/webStudio/wwwroot/uploadfile/sitePage/2//img.360chengren.com/images/goods/201307/thumb_img/4868_thumb_G_1375164023767.jpg', 1, 5),
(949, 2, 2, 'http://img.360chengren.com/images/goods/201307/thumb_img/4867_thumb_G_1375164073062.jpg', 'http://img.360chengren.com/images/goods/201307/thumb_img/4867_thumb_G_1375164073062.jpg', 'http://upload.ci.com/sitePage/2//img.360chengren.com/images/goods/201307/thumb_img/4867_thumb_G_1375164073062.jpg', 'd:/web/www/webStudio/wwwroot/uploadfile/sitePage/2//img.360chengren.com/images/goods/201307/thumb_img/4867_thumb_G_1375164073062.jpg', 1, 5),
(950, 2, 2, 'http://img.360chengren.com/images/goods/201307/thumb_img/4870_thumb_G_1375163523268.jpg', 'http://img.360chengren.com/images/goods/201307/thumb_img/4870_thumb_G_1375163523268.jpg', 'http://upload.ci.com/sitePage/2//img.360chengren.com/images/goods/201307/thumb_img/4870_thumb_G_1375163523268.jpg', 'd:/web/www/webStudio/wwwroot/uploadfile/sitePage/2//img.360chengren.com/images/goods/201307/thumb_img/4870_thumb_G_1375163523268.jpg', 1, 5),
(951, 2, 2, 'http://img.360chengren.com/images/goods/201307/thumb_img/4875_thumb_G_1375163262289.jpg', 'http://img.360chengren.com/images/goods/201307/thumb_img/4875_thumb_G_1375163262289.jpg', 'http://upload.ci.com/sitePage/2//img.360chengren.com/images/goods/201307/thumb_img/4875_thumb_G_1375163262289.jpg', 'd:/web/www/webStudio/wwwroot/uploadfile/sitePage/2//img.360chengren.com/images/goods/201307/thumb_img/4875_thumb_G_1375163262289.jpg', 1, 5),
(952, 2, 2, 'http://img.360chengren.com/images/goods/201307/thumb_img/4874_thumb_G_1375163309478.jpg', 'http://img.360chengren.com/images/goods/201307/thumb_img/4874_thumb_G_1375163309478.jpg', 'http://upload.ci.com/sitePage/2//img.360chengren.com/images/goods/201307/thumb_img/4874_thumb_G_1375163309478.jpg', 'd:/web/www/webStudio/wwwroot/uploadfile/sitePage/2//img.360chengren.com/images/goods/201307/thumb_img/4874_thumb_G_1375163309478.jpg', 1, 5),
(953, 2, 2, 'http://img.360chengren.com/data/brandlogo/1339754085126564661.jpg', 'http://img.360chengren.com/data/brandlogo/1339754085126564661.jpg', 'http://upload.ci.com/sitePage/2//img.360chengren.com/data/brandlogo/1339754085126564661.jpg', 'd:/web/www/webStudio/wwwroot/uploadfile/sitePage/2//img.360chengren.com/data/brandlogo/1339754085126564661.jpg', 1, 5),
(954, 2, 2, 'http://img.360chengren.com/data/brandlogo/1339753891250817893.jpg', 'http://img.360chengren.com/data/brandlogo/1339753891250817893.jpg', 'http://upload.ci.com/sitePage/2//img.360chengren.com/data/brandlogo/1339753891250817893.jpg', 'd:/web/www/webStudio/wwwroot/uploadfile/sitePage/2//img.360chengren.com/data/brandlogo/1339753891250817893.jpg', 1, 5),
(955, 2, 2, 'http://img.360chengren.com/data/brandlogo/1339753921241671380.jpg', 'http://img.360chengren.com/data/brandlogo/1339753921241671380.jpg', 'http://upload.ci.com/sitePage/2//img.360chengren.com/data/brandlogo/1339753921241671380.jpg', 'd:/web/www/webStudio/wwwroot/uploadfile/sitePage/2//img.360chengren.com/data/brandlogo/1339753921241671380.jpg', 1, 5),
(956, 2, 2, 'http://img.360chengren.com/data/brandlogo/1372647168784250302.jpg', 'http://img.360chengren.com/data/brandlogo/1372647168784250302.jpg', 'http://upload.ci.com/sitePage/2//img.360chengren.com/data/brandlogo/1372647168784250302.jpg', 'd:/web/www/webStudio/wwwroot/uploadfile/sitePage/2//img.360chengren.com/data/brandlogo/1372647168784250302.jpg', 1, 5),
(957, 2, 2, 'http://img.360chengren.com/data/brandlogo/1372650476574340987.jpg', 'http://img.360chengren.com/data/brandlogo/1372650476574340987.jpg', 'http://upload.ci.com/sitePage/2//img.360chengren.com/data/brandlogo/1372650476574340987.jpg', 'd:/web/www/webStudio/wwwroot/uploadfile/sitePage/2//img.360chengren.com/data/brandlogo/1372650476574340987.jpg', 1, 5),
(958, 2, 2, 'http://img.360chengren.com/data/brandlogo/1339754020051724062.jpg', 'http://img.360chengren.com/data/brandlogo/1339754020051724062.jpg', 'http://upload.ci.com/sitePage/2//img.360chengren.com/data/brandlogo/1339754020051724062.jpg', 'd:/web/www/webStudio/wwwroot/uploadfile/sitePage/2//img.360chengren.com/data/brandlogo/1339754020051724062.jpg', 1, 5),
(959, 2, 2, 'http://img.360chengren.com/data/brandlogo/1339754475352637062.jpg', 'http://img.360chengren.com/data/brandlogo/1339754475352637062.jpg', 'http://upload.ci.com/sitePage/2//img.360chengren.com/data/brandlogo/1339754475352637062.jpg', 'd:/web/www/webStudio/wwwroot/uploadfile/sitePage/2//img.360chengren.com/data/brandlogo/1339754475352637062.jpg', 1, 5),
(960, 2, 2, 'http://img.360chengren.com/data/brandlogo/1372646551745146997.jpg', 'http://img.360chengren.com/data/brandlogo/1372646551745146997.jpg', 'http://upload.ci.com/sitePage/2//img.360chengren.com/data/brandlogo/1372646551745146997.jpg', 'd:/web/www/webStudio/wwwroot/uploadfile/sitePage/2//img.360chengren.com/data/brandlogo/1372646551745146997.jpg', 1, 5),
(961, 2, 2, 'http://img.360chengren.com/data/brandlogo/1347332150474021068.jpg', 'http://img.360chengren.com/data/brandlogo/1347332150474021068.jpg', 'http://upload.ci.com/sitePage/2//img.360chengren.com/data/brandlogo/1347332150474021068.jpg', 'd:/web/www/webStudio/wwwroot/uploadfile/sitePage/2//img.360chengren.com/data/brandlogo/1347332150474021068.jpg', 1, 5),
(962, 2, 2, 'http://img.360chengren.com/images/group/524/48011375338308.jpg', 'http://img.360chengren.com/images/group/524/48011375338308.jpg', 'http://upload.ci.com/sitePage/2//img.360chengren.com/images/group/524/48011375338308.jpg', 'd:/web/www/webStudio/wwwroot/uploadfile/sitePage/2//img.360chengren.com/images/group/524/48011375338308.jpg', 1, 5),
(963, 2, 2, 'http://img.360chengren.com/images/group/524/34541375338317.jpg', 'http://img.360chengren.com/images/group/524/34541375338317.jpg', 'http://upload.ci.com/sitePage/2//img.360chengren.com/images/group/524/34541375338317.jpg', 'd:/web/www/webStudio/wwwroot/uploadfile/sitePage/2//img.360chengren.com/images/group/524/34541375338317.jpg', 1, 5),
(964, 2, 2, 'http://img.360chengren.com/images/group/524/42371375338329.jpg', 'http://img.360chengren.com/images/group/524/42371375338329.jpg', 'http://upload.ci.com/sitePage/2//img.360chengren.com/images/group/524/42371375338329.jpg', 'd:/web/www/webStudio/wwwroot/uploadfile/sitePage/2//img.360chengren.com/images/group/524/42371375338329.jpg', 1, 5),
(965, 2, 2, 'http://img.360chengren.com/images/group/524/44731375338508.jpg', 'http://img.360chengren.com/images/group/524/44731375338508.jpg', 'http://upload.ci.com/sitePage/2//img.360chengren.com/images/group/524/44731375338508.jpg', 'd:/web/www/webStudio/wwwroot/uploadfile/sitePage/2//img.360chengren.com/images/group/524/44731375338508.jpg', 1, 5),
(966, 2, 2, 'http://img.360chengren.com/images/group/524/45521375338359.jpg', 'http://img.360chengren.com/images/group/524/45521375338359.jpg', 'http://upload.ci.com/sitePage/2//img.360chengren.com/images/group/524/45521375338359.jpg', 'd:/web/www/webStudio/wwwroot/uploadfile/sitePage/2//img.360chengren.com/images/group/524/45521375338359.jpg', 1, 5);
INSERT INTO `ss_site_file` (`id`, `site_id`, `page_id`, `url`, `urlfull`, `urllocal`, `pathlocal`, `isdown`, `downtime`) VALUES
(967, 2, 2, 'http://img.360chengren.com/images/group/524/44811375338523.jpg', 'http://img.360chengren.com/images/group/524/44811375338523.jpg', 'http://upload.ci.com/sitePage/2//img.360chengren.com/images/group/524/44811375338523.jpg', 'd:/web/www/webStudio/wwwroot/uploadfile/sitePage/2//img.360chengren.com/images/group/524/44811375338523.jpg', 1, 5),
(968, 2, 2, 'http://img.360chengren.com/images/group/524/42131375338536.jpg', 'http://img.360chengren.com/images/group/524/42131375338536.jpg', 'http://upload.ci.com/sitePage/2//img.360chengren.com/images/group/524/42131375338536.jpg', 'd:/web/www/webStudio/wwwroot/uploadfile/sitePage/2//img.360chengren.com/images/group/524/42131375338536.jpg', 1, 5),
(969, 2, 2, 'http://img.360chengren.com/images/goods/201204/thumb_img/4481_thumb_G_1335253949811.jpg', 'http://img.360chengren.com/images/goods/201204/thumb_img/4481_thumb_G_1335253949811.jpg', 'http://upload.ci.com/sitePage/2//img.360chengren.com/images/goods/201204/thumb_img/4481_thumb_G_1335253949811.jpg', 'd:/web/www/webStudio/wwwroot/uploadfile/sitePage/2//img.360chengren.com/images/goods/201204/thumb_img/4481_thumb_G_1335253949811.jpg', 1, 5),
(970, 2, 2, 'http://img.360chengren.com/images/goods/201110/thumb_img/4287_thumb_G_1319608738514.jpg', 'http://img.360chengren.com/images/goods/201110/thumb_img/4287_thumb_G_1319608738514.jpg', 'http://upload.ci.com/sitePage/2//img.360chengren.com/images/goods/201110/thumb_img/4287_thumb_G_1319608738514.jpg', 'd:/web/www/webStudio/wwwroot/uploadfile/sitePage/2//img.360chengren.com/images/goods/201110/thumb_img/4287_thumb_G_1319608738514.jpg', 1, 5),
(971, 2, 2, 'http://img.360chengren.com/images/goods/201209/thumb_img/4553_thumb_G_1348819408490.jpg', 'http://img.360chengren.com/images/goods/201209/thumb_img/4553_thumb_G_1348819408490.jpg', 'http://upload.ci.com/sitePage/2//img.360chengren.com/images/goods/201209/thumb_img/4553_thumb_G_1348819408490.jpg', 'd:/web/www/webStudio/wwwroot/uploadfile/sitePage/2//img.360chengren.com/images/goods/201209/thumb_img/4553_thumb_G_1348819408490.jpg', 1, 5),
(972, 2, 2, 'http://img.360chengren.com/images/goods/201206/thumb_img/4560_thumb_G_1340156588333.jpg', 'http://img.360chengren.com/images/goods/201206/thumb_img/4560_thumb_G_1340156588333.jpg', 'http://upload.ci.com/sitePage/2//img.360chengren.com/images/goods/201206/thumb_img/4560_thumb_G_1340156588333.jpg', 'd:/web/www/webStudio/wwwroot/uploadfile/sitePage/2//img.360chengren.com/images/goods/201206/thumb_img/4560_thumb_G_1340156588333.jpg', 1, 5),
(973, 2, 2, 'http://img.360chengren.com/images/goods/201208/thumb_img/4283_thumb_G_1344322291475.jpg', 'http://img.360chengren.com/images/goods/201208/thumb_img/4283_thumb_G_1344322291475.jpg', 'http://upload.ci.com/sitePage/2//img.360chengren.com/images/goods/201208/thumb_img/4283_thumb_G_1344322291475.jpg', 'd:/web/www/webStudio/wwwroot/uploadfile/sitePage/2//img.360chengren.com/images/goods/201208/thumb_img/4283_thumb_G_1344322291475.jpg', 1, 5),
(974, 2, 2, 'http://img.360chengren.com/images/goods/201307/thumb_img/4859_thumb_G_1373353927068.jpg', 'http://img.360chengren.com/images/goods/201307/thumb_img/4859_thumb_G_1373353927068.jpg', 'http://upload.ci.com/sitePage/2//img.360chengren.com/images/goods/201307/thumb_img/4859_thumb_G_1373353927068.jpg', 'd:/web/www/webStudio/wwwroot/uploadfile/sitePage/2//img.360chengren.com/images/goods/201307/thumb_img/4859_thumb_G_1373353927068.jpg', 1, 5),
(975, 2, 2, 'http://img.360chengren.com/images/goods/201307/thumb_img/4860_thumb_G_1373363952698.jpg', 'http://img.360chengren.com/images/goods/201307/thumb_img/4860_thumb_G_1373363952698.jpg', 'http://upload.ci.com/sitePage/2//img.360chengren.com/images/goods/201307/thumb_img/4860_thumb_G_1373363952698.jpg', 'd:/web/www/webStudio/wwwroot/uploadfile/sitePage/2//img.360chengren.com/images/goods/201307/thumb_img/4860_thumb_G_1373363952698.jpg', 1, 5),
(976, 2, 2, 'http://img.360chengren.com/images/goods/201304/thumb_img/4798_thumb_G_1364967466660.jpg', 'http://img.360chengren.com/images/goods/201304/thumb_img/4798_thumb_G_1364967466660.jpg', 'http://upload.ci.com/sitePage/2//img.360chengren.com/images/goods/201304/thumb_img/4798_thumb_G_1364967466660.jpg', 'd:/web/www/webStudio/wwwroot/uploadfile/sitePage/2//img.360chengren.com/images/goods/201304/thumb_img/4798_thumb_G_1364967466660.jpg', 1, 5),
(977, 2, 2, 'http://img.360chengren.com/images/goods/201304/thumb_img/4835_thumb_G_1367135744316.jpg', 'http://img.360chengren.com/images/goods/201304/thumb_img/4835_thumb_G_1367135744316.jpg', 'http://upload.ci.com/sitePage/2//img.360chengren.com/images/goods/201304/thumb_img/4835_thumb_G_1367135744316.jpg', 'd:/web/www/webStudio/wwwroot/uploadfile/sitePage/2//img.360chengren.com/images/goods/201304/thumb_img/4835_thumb_G_1367135744316.jpg', 1, 5),
(978, 2, 2, 'http://img.360chengren.com/images/goods/201304/thumb_img/4834_thumb_G_1367129240336.jpg', 'http://img.360chengren.com/images/goods/201304/thumb_img/4834_thumb_G_1367129240336.jpg', 'http://upload.ci.com/sitePage/2//img.360chengren.com/images/goods/201304/thumb_img/4834_thumb_G_1367129240336.jpg', 'd:/web/www/webStudio/wwwroot/uploadfile/sitePage/2//img.360chengren.com/images/goods/201304/thumb_img/4834_thumb_G_1367129240336.jpg', 1, 5),
(979, 2, 2, 'http://img.360chengren.com/images/goods/201304/thumb_img/4833_thumb_G_1367125469329.jpg', 'http://img.360chengren.com/images/goods/201304/thumb_img/4833_thumb_G_1367125469329.jpg', 'http://upload.ci.com/sitePage/2//img.360chengren.com/images/goods/201304/thumb_img/4833_thumb_G_1367125469329.jpg', 'd:/web/www/webStudio/wwwroot/uploadfile/sitePage/2//img.360chengren.com/images/goods/201304/thumb_img/4833_thumb_G_1367125469329.jpg', 1, 5),
(980, 2, 2, 'http://img.360chengren.com/images/goods/201304/thumb_img/4831_thumb_G_1366774563278.jpg', 'http://img.360chengren.com/images/goods/201304/thumb_img/4831_thumb_G_1366774563278.jpg', 'http://upload.ci.com/sitePage/2//img.360chengren.com/images/goods/201304/thumb_img/4831_thumb_G_1366774563278.jpg', 'd:/web/www/webStudio/wwwroot/uploadfile/sitePage/2//img.360chengren.com/images/goods/201304/thumb_img/4831_thumb_G_1366774563278.jpg', 1, 5),
(981, 2, 2, 'http://img.360chengren.com/images/goods/201206/thumb_img/4555_thumb_G_1339555174386.jpg', 'http://img.360chengren.com/images/goods/201206/thumb_img/4555_thumb_G_1339555174386.jpg', 'http://upload.ci.com/sitePage/2//img.360chengren.com/images/goods/201206/thumb_img/4555_thumb_G_1339555174386.jpg', 'd:/web/www/webStudio/wwwroot/uploadfile/sitePage/2//img.360chengren.com/images/goods/201206/thumb_img/4555_thumb_G_1339555174386.jpg', 1, 5),
(982, 2, 2, 'http://img.360chengren.com/data/brandlogo/1372668373231584487.jpg', 'http://img.360chengren.com/data/brandlogo/1372668373231584487.jpg', 'http://upload.ci.com/sitePage/2//img.360chengren.com/data/brandlogo/1372668373231584487.jpg', 'd:/web/www/webStudio/wwwroot/uploadfile/sitePage/2//img.360chengren.com/data/brandlogo/1372668373231584487.jpg', 1, 5),
(983, 2, 2, 'http://img.360chengren.com/data/brandlogo/1339753945968088718.jpg', 'http://img.360chengren.com/data/brandlogo/1339753945968088718.jpg', 'http://upload.ci.com/sitePage/2//img.360chengren.com/data/brandlogo/1339753945968088718.jpg', 'd:/web/www/webStudio/wwwroot/uploadfile/sitePage/2//img.360chengren.com/data/brandlogo/1339753945968088718.jpg', 1, 5),
(984, 2, 2, 'http://img.360chengren.com/data/brandlogo/1341975946979291668.jpg', 'http://img.360chengren.com/data/brandlogo/1341975946979291668.jpg', 'http://upload.ci.com/sitePage/2//img.360chengren.com/data/brandlogo/1341975946979291668.jpg', 'd:/web/www/webStudio/wwwroot/uploadfile/sitePage/2//img.360chengren.com/data/brandlogo/1341975946979291668.jpg', 1, 5),
(985, 2, 2, 'http://img.360chengren.com/images/tpl/index_new/comment_14.jpg', 'http://img.360chengren.com/images/tpl/index_new/comment_14.jpg', 'http://upload.ci.com/sitePage/2//img.360chengren.com/images/tpl/index_new/comment_14.jpg', 'd:/web/www/webStudio/wwwroot/uploadfile/sitePage/2//img.360chengren.com/images/tpl/index_new/comment_14.jpg', 1, 5),
(986, 2, 2, 'http://bdimg.share.baidu.com/static/images/type-button-1.jpg?cdnversion=20120831', 'http://bdimg.share.baidu.com/static/images/type-button-1.jpg?cdnversion=20120831', 'http://upload.ci.com/sitePage/2//bdimg.share.baidu.com/static/images/type-button-1.jpg?cdnversion=20120831', 'd:/web/www/webStudio/wwwroot/uploadfile/sitePage/2//bdimg.share.baidu.com/static/images/type-button-1.jpg?cdnversion=20120831', 1, 5),
(987, 2, 2, 'images/goods/201306/thumb_img/4674_thumb_G_1372235651853.jpg', 'http://www.aizhigu.com.cn/images/goods/201306/thumb_img/4674_thumb_G_1372235651853.jpg', 'http://upload.ci.com/sitePage/2//www.aizhigu.com.cn/images/goods/201306/thumb_img/4674_thumb_G_1372235651853.jpg', 'd:/web/www/webStudio/wwwroot/uploadfile/sitePage/2//www.aizhigu.com.cn/images/goods/201306/thumb_img/4674_thumb_G_1372235651853.jpg', 1, 5),
(988, 2, 2, 'images/goods/201205/thumb_img/1495_thumb_G_1336459199973.jpg', 'http://www.aizhigu.com.cn/images/goods/201205/thumb_img/1495_thumb_G_1336459199973.jpg', 'http://upload.ci.com/sitePage/2//www.aizhigu.com.cn/images/goods/201205/thumb_img/1495_thumb_G_1336459199973.jpg', 'd:/web/www/webStudio/wwwroot/uploadfile/sitePage/2//www.aizhigu.com.cn/images/goods/201205/thumb_img/1495_thumb_G_1336459199973.jpg', 1, 5),
(989, 2, 2, 'images/goods/201103/thumb_img/2795_G_1300245036600.jpg', 'http://www.aizhigu.com.cn/images/goods/201103/thumb_img/2795_G_1300245036600.jpg', 'http://upload.ci.com/sitePage/2//www.aizhigu.com.cn/images/goods/201103/thumb_img/2795_G_1300245036600.jpg', 'd:/web/www/webStudio/wwwroot/uploadfile/sitePage/2//www.aizhigu.com.cn/images/goods/201103/thumb_img/2795_G_1300245036600.jpg', 1, 5),
(990, 2, 2, 'images/goods/201206/thumb_img/4395_thumb_G_1340695443364.jpg', 'http://www.aizhigu.com.cn/images/goods/201206/thumb_img/4395_thumb_G_1340695443364.jpg', 'http://upload.ci.com/sitePage/2//www.aizhigu.com.cn/images/goods/201206/thumb_img/4395_thumb_G_1340695443364.jpg', 'd:/web/www/webStudio/wwwroot/uploadfile/sitePage/2//www.aizhigu.com.cn/images/goods/201206/thumb_img/4395_thumb_G_1340695443364.jpg', 1, 5),
(991, 2, 2, 'images/goods/201308/thumb_img/4893_thumb_G_1375439964511.jpg', 'http://www.aizhigu.com.cn/images/goods/201308/thumb_img/4893_thumb_G_1375439964511.jpg', 'http://upload.ci.com/sitePage/2//www.aizhigu.com.cn/images/goods/201308/thumb_img/4893_thumb_G_1375439964511.jpg', 'd:/web/www/webStudio/wwwroot/uploadfile/sitePage/2//www.aizhigu.com.cn/images/goods/201308/thumb_img/4893_thumb_G_1375439964511.jpg', 1, 5),
(992, 2, 2, 'images/goods/201308/thumb_img/4890_thumb_G_1375421882444.jpg', 'http://www.aizhigu.com.cn/images/goods/201308/thumb_img/4890_thumb_G_1375421882444.jpg', 'http://upload.ci.com/sitePage/2//www.aizhigu.com.cn/images/goods/201308/thumb_img/4890_thumb_G_1375421882444.jpg', 'd:/web/www/webStudio/wwwroot/uploadfile/sitePage/2//www.aizhigu.com.cn/images/goods/201308/thumb_img/4890_thumb_G_1375421882444.jpg', 1, 5),
(993, 2, 2, 'images/goods/201308/thumb_img/4892_thumb_G_1375432223451.jpg', 'http://www.aizhigu.com.cn/images/goods/201308/thumb_img/4892_thumb_G_1375432223451.jpg', 'http://upload.ci.com/sitePage/2//www.aizhigu.com.cn/images/goods/201308/thumb_img/4892_thumb_G_1375432223451.jpg', 'd:/web/www/webStudio/wwwroot/uploadfile/sitePage/2//www.aizhigu.com.cn/images/goods/201308/thumb_img/4892_thumb_G_1375432223451.jpg', 1, 5),
(994, 2, 2, 'images/goods/201308/thumb_img/4889_thumb_G_1375421574705.jpg', 'http://www.aizhigu.com.cn/images/goods/201308/thumb_img/4889_thumb_G_1375421574705.jpg', 'http://upload.ci.com/sitePage/2//www.aizhigu.com.cn/images/goods/201308/thumb_img/4889_thumb_G_1375421574705.jpg', 'd:/web/www/webStudio/wwwroot/uploadfile/sitePage/2//www.aizhigu.com.cn/images/goods/201308/thumb_img/4889_thumb_G_1375421574705.jpg', 1, 5),
(995, 2, 2, 'http://img.360chengren.com/images/index_new/common_ico1.jpg', 'http://img.360chengren.com/images/index_new/common_ico1.jpg', 'http://upload.ci.com/sitePage/2//img.360chengren.com/images/index_new/common_ico1.jpg', 'd:/web/www/webStudio/wwwroot/uploadfile/sitePage/2//img.360chengren.com/images/index_new/common_ico1.jpg', 1, 5),
(996, 2, 2, 'http://img.360chengren.com/images/index_new/common_ico2.jpg', 'http://img.360chengren.com/images/index_new/common_ico2.jpg', 'http://upload.ci.com/sitePage/2//img.360chengren.com/images/index_new/common_ico2.jpg', 'd:/web/www/webStudio/wwwroot/uploadfile/sitePage/2//img.360chengren.com/images/index_new/common_ico2.jpg', 1, 5),
(997, 2, 2, 'http://img.360chengren.com/images/index_new/common_ico3.jpg', 'http://img.360chengren.com/images/index_new/common_ico3.jpg', 'http://upload.ci.com/sitePage/2//img.360chengren.com/images/index_new/common_ico3.jpg', 'd:/web/www/webStudio/wwwroot/uploadfile/sitePage/2//img.360chengren.com/images/index_new/common_ico3.jpg', 1, 5),
(998, 2, 2, 'http://img.360chengren.com/images/index_new/common_ico4.jpg', 'http://img.360chengren.com/images/index_new/common_ico4.jpg', 'http://upload.ci.com/sitePage/2//img.360chengren.com/images/index_new/common_ico4.jpg', 'd:/web/www/webStudio/wwwroot/uploadfile/sitePage/2//img.360chengren.com/images/index_new/common_ico4.jpg', 1, 5),
(999, 2, 2, 'http://img.360chengren.com/images/index_new/common_ico5.jpg', 'http://img.360chengren.com/images/index_new/common_ico5.jpg', 'http://upload.ci.com/sitePage/2//img.360chengren.com/images/index_new/common_ico5.jpg', 'd:/web/www/webStudio/wwwroot/uploadfile/sitePage/2//img.360chengren.com/images/index_new/common_ico5.jpg', 1, 5),
(1000, 2, 2, 'http://img.360chengren.com/images/index_new/common_ico6.jpg', 'http://img.360chengren.com/images/index_new/common_ico6.jpg', 'http://upload.ci.com/sitePage/2//img.360chengren.com/images/index_new/common_ico6.jpg', 'd:/web/www/webStudio/wwwroot/uploadfile/sitePage/2//img.360chengren.com/images/index_new/common_ico6.jpg', 1, 5),
(1001, 2, 2, 'http://img.360chengren.com/images/index_new/tele_azg.jpg', 'http://img.360chengren.com/images/index_new/tele_azg.jpg', 'http://upload.ci.com/sitePage/2//img.360chengren.com/images/index_new/tele_azg.jpg', 'd:/web/www/webStudio/wwwroot/uploadfile/sitePage/2//img.360chengren.com/images/index_new/tele_azg.jpg', 1, 5),
(1002, 2, 2, 'http://img.360chengren.com/images/index_new/mobile_pic.jpg', 'http://img.360chengren.com/images/index_new/mobile_pic.jpg', 'http://upload.ci.com/sitePage/2//img.360chengren.com/images/index_new/mobile_pic.jpg', 'd:/web/www/webStudio/wwwroot/uploadfile/sitePage/2//img.360chengren.com/images/index_new/mobile_pic.jpg', 1, 5),
(1003, 2, 2, 'http://img.360chengren.com/images/tpl/index/di-ico1.gif', 'http://img.360chengren.com/images/tpl/index/di-ico1.gif', 'http://upload.ci.com/sitePage/2//img.360chengren.com/images/tpl/index/di-ico1.gif', 'd:/web/www/webStudio/wwwroot/uploadfile/sitePage/2//img.360chengren.com/images/tpl/index/di-ico1.gif', 1, 5),
(1004, 2, 2, 'http://img.360chengren.com/images/tpl/index/di-ico2.gif', 'http://img.360chengren.com/images/tpl/index/di-ico2.gif', 'http://upload.ci.com/sitePage/2//img.360chengren.com/images/tpl/index/di-ico2.gif', 'd:/web/www/webStudio/wwwroot/uploadfile/sitePage/2//img.360chengren.com/images/tpl/index/di-ico2.gif', 1, 5),
(1005, 2, 2, 'http://img.360chengren.com/images/tpl/index/di-ico3.gif', 'http://img.360chengren.com/images/tpl/index/di-ico3.gif', 'http://upload.ci.com/sitePage/2//img.360chengren.com/images/tpl/index/di-ico3.gif', 'd:/web/www/webStudio/wwwroot/uploadfile/sitePage/2//img.360chengren.com/images/tpl/index/di-ico3.gif', 1, 5),
(1006, 2, 2, 'http://img.360chengren.com/images/tpl/index/di-ico4.gif', 'http://img.360chengren.com/images/tpl/index/di-ico4.gif', 'http://upload.ci.com/sitePage/2//img.360chengren.com/images/tpl/index/di-ico4.gif', 'd:/web/www/webStudio/wwwroot/uploadfile/sitePage/2//img.360chengren.com/images/tpl/index/di-ico4.gif', 1, 5),
(1007, 2, 2, 'http://trust.360.cn/img.php?sn=7696&id=4', 'http://trust.360.cn/img.php?sn=7696&id=4', 'http://upload.ci.com/sitePage/2//trust.360.cn/img.php?sn=7696&id=4', 'd:/web/www/webStudio/wwwroot/uploadfile/sitePage/2//trust.360.cn/img.php?sn=7696&id=4', 1, 5),
(1009, 2, 2, 'http://eclick.baidu.com/rt.jpg?t=noscript&rtid=nHbYP1f', 'http://eclick.baidu.com/rt.jpg?t=noscript&rtid=nHbYP1f', 'http://upload.ci.com/sitePage/2//eclick.baidu.com/rt.jpg?t=noscript&rtid=nHbYP1f', 'd:/web/www/webStudio/wwwroot/uploadfile/sitePage/2//eclick.baidu.com/rt.jpg?t=noscript&rtid=nHbYP1f', 1, 5),
(1010, 2, 2, 'http://img.360chengren.com/js/wushuang.js', 'http://img.360chengren.com/js/wushuang.js', 'http://upload.ci.com/sitePage/2//img.360chengren.com/js/wushuang.js', 'd:/web/www/webStudio/wwwroot/uploadfile/sitePage/2//img.360chengren.com/js/wushuang.js', 1, 5),
(1011, 2, 2, 'http://img.360chengren.com/js/easyslider.js', 'http://img.360chengren.com/js/easyslider.js', 'http://upload.ci.com/sitePage/2//img.360chengren.com/js/easyslider.js', 'd:/web/www/webStudio/wwwroot/uploadfile/sitePage/2//img.360chengren.com/js/easyslider.js', 1, 5),
(1012, 2, 2, 'http://img.360chengren.com/js/new_index.js', 'http://img.360chengren.com/js/new_index.js', 'http://upload.ci.com/sitePage/2//img.360chengren.com/js/new_index.js', 'd:/web/www/webStudio/wwwroot/uploadfile/sitePage/2//img.360chengren.com/js/new_index.js', 1, 5),
(1014, 2, 2, '', 'http://www.aizhigu.com.cn/', 'http://upload.ci.com/sitePage/2//www.aizhigu.com.cn/', 'd:/web/www/webStudio/wwwroot/uploadfile/sitePage/2//www.aizhigu.com.cn/', 1, 5),
(1015, 2, 2, '_setAccount', 'http://www.aizhigu.com.cn/_setAccount', 'http://upload.ci.com/sitePage/2//www.aizhigu.com.cn/_setAccount', 'd:/web/www/webStudio/wwwroot/uploadfile/sitePage/2//www.aizhigu.com.cn/_setAccount', 1, 5),
(1016, 2, 2, '>\r<a class=', 'http://www.aizhigu.com.cn/>\r<a class=', 'http://upload.ci.com/sitePage/2//www.aizhigu.com.cn/>\r<a class=', 'd:/web/www/webStudio/wwwroot/uploadfile/sitePage/2//www.aizhigu.com.cn/>\r<a class=', 1, 5),
(1017, 2, 2, 'http://img.360chengren.com/images/group/512/512_4445_1374899301.jpg', 'http://img.360chengren.com/images/group/512/512_4445_1374899301.jpg', 'http://upload.ci.com/sitePage/2//img.360chengren.com/images/group/512/512_4445_1374899301.jpg', 'd:/web/www/webStudio/wwwroot/uploadfile/sitePage/2//img.360chengren.com/images/group/512/512_4445_1374899301.jpg', 1, 5),
(1018, 2, 2, 'http://img.360chengren.com/images/group/512/512_4444_1374889446.jpg', 'http://img.360chengren.com/images/group/512/512_4444_1374889446.jpg', 'http://upload.ci.com/sitePage/2//img.360chengren.com/images/group/512/512_4444_1374889446.jpg', 'd:/web/www/webStudio/wwwroot/uploadfile/sitePage/2//img.360chengren.com/images/group/512/512_4444_1374889446.jpg', 1, 5),
(1019, 2, 2, 'http://img.360chengren.com/images/group//512_4303_1372501237.jpg', 'http://img.360chengren.com/images/group//512_4303_1372501237.jpg', 'http://upload.ci.com/sitePage/2//img.360chengren.com/images/group//512_4303_1372501237.jpg', 'd:/web/www/webStudio/wwwroot/uploadfile/sitePage/2//img.360chengren.com/images/group//512_4303_1372501237.jpg', 1, 5),
(1021, 2, 2, 'http://img.360chengren.com/styles/1230common_index.css', 'http://img.360chengren.com/styles/1230common_index.css', 'http://upload.ci.com/sitePage/2//img.360chengren.com/styles/1230common_index.css', 'd:/web/www/webStudio/wwwroot/uploadfile/sitePage/2//img.360chengren.com/styles/1230common_index.css', 1, 5),
(1020, 2, 2, 'http://img.360chengren.com/styles/1230newindex.css', 'http://img.360chengren.com/styles/1230newindex.css', 'http://upload.ci.com/sitePage/2//img.360chengren.com/styles/1230newindex.css', 'd:/web/www/webStudio/wwwroot/uploadfile/sitePage/2//img.360chengren.com/styles/1230newindex.css', 1, 5),
(1049, 2, 12, '/images/index_new/index_arow.png', 'http://img.360chengren.com//images/index_new/index_arow.png', 'http://upload.ci.com/sitePage/2//img.360chengren.com//images/index_new/index_arow.png', 'd:/web/www/webStudio/wwwroot/uploadfile/sitePage/2//img.360chengren.com//images/index_new/index_arow.png', 1, 5),
(1050, 2, 12, '\\5b8b\\4f53', 'http://img.360chengren.com/\\5b8b\\4f53', 'http://upload.ci.com/sitePage/2//img.360chengren.com/\\5b8b\\4f53', 'd:/web/www/webStudio/wwwroot/uploadfile/sitePage/2//img.360chengren.com/\\5b8b\\4f53', 1, 5),
(1051, 2, 12, '/images/index_new/btico.jpg', 'http://img.360chengren.com//images/index_new/btico.jpg', 'http://upload.ci.com/sitePage/2//img.360chengren.com//images/index_new/btico.jpg', 'd:/web/www/webStudio/wwwroot/uploadfile/sitePage/2//img.360chengren.com//images/index_new/btico.jpg', 1, 5),
(1052, 2, 12, '/images/index_new/arewhite.jpg', 'http://img.360chengren.com//images/index_new/arewhite.jpg', 'http://upload.ci.com/sitePage/2//img.360chengren.com//images/index_new/arewhite.jpg', 'd:/web/www/webStudio/wwwroot/uploadfile/sitePage/2//img.360chengren.com//images/index_new/arewhite.jpg', 1, 5),
(1053, 2, 12, '/images/index_new/gray_arew.jpg', 'http://img.360chengren.com//images/index_new/gray_arew.jpg', 'http://upload.ci.com/sitePage/2//img.360chengren.com//images/index_new/gray_arew.jpg', 'd:/web/www/webStudio/wwwroot/uploadfile/sitePage/2//img.360chengren.com//images/index_new/gray_arew.jpg', 1, 5),
(1054, 2, 12, '/images/index_new/white_arew.jpg', 'http://img.360chengren.com//images/index_new/white_arew.jpg', 'http://upload.ci.com/sitePage/2//img.360chengren.com//images/index_new/white_arew.jpg', 'd:/web/www/webStudio/wwwroot/uploadfile/sitePage/2//img.360chengren.com//images/index_new/white_arew.jpg', 1, 5),
(1055, 2, 12, '/images/index_new/baseline.jpg', 'http://img.360chengren.com//images/index_new/baseline.jpg', 'http://upload.ci.com/sitePage/2//img.360chengren.com//images/index_new/baseline.jpg', 'd:/web/www/webStudio/wwwroot/uploadfile/sitePage/2//img.360chengren.com//images/index_new/baseline.jpg', 1, 5),
(1056, 2, 12, '/images/index_new/search_bg.gif', 'http://img.360chengren.com//images/index_new/search_bg.gif', 'http://upload.ci.com/sitePage/2//img.360chengren.com//images/index_new/search_bg.gif', 'd:/web/www/webStudio/wwwroot/uploadfile/sitePage/2//img.360chengren.com//images/index_new/search_bg.gif', 1, 5),
(1057, 2, 12, '/images/index_new/common.png', 'http://img.360chengren.com//images/index_new/common.png', 'http://upload.ci.com/sitePage/2//img.360chengren.com//images/index_new/common.png', 'd:/web/www/webStudio/wwwroot/uploadfile/sitePage/2//img.360chengren.com//images/index_new/common.png', 1, 5),
(1058, 2, 12, '/images/index_new/mobile16_16.jpg', 'http://img.360chengren.com//images/index_new/mobile16_16.jpg', 'http://upload.ci.com/sitePage/2//img.360chengren.com//images/index_new/mobile16_16.jpg', 'd:/web/www/webStudio/wwwroot/uploadfile/sitePage/2//img.360chengren.com//images/index_new/mobile16_16.jpg', 1, 5),
(1059, 2, 12, '/images/index_new/lovesave.jpg', 'http://img.360chengren.com//images/index_new/lovesave.jpg', 'http://upload.ci.com/sitePage/2//img.360chengren.com//images/index_new/lovesave.jpg', 'd:/web/www/webStudio/wwwroot/uploadfile/sitePage/2//img.360chengren.com//images/index_new/lovesave.jpg', 1, 5),
(1060, 2, 12, '/images/index_new/qq_login.jpg', 'http://img.360chengren.com//images/index_new/qq_login.jpg', 'http://upload.ci.com/sitePage/2//img.360chengren.com//images/index_new/qq_login.jpg', 'd:/web/www/webStudio/wwwroot/uploadfile/sitePage/2//img.360chengren.com//images/index_new/qq_login.jpg', 1, 5),
(1061, 2, 12, '/images/index_new/loginbg.jpg', 'http://img.360chengren.com//images/index_new/loginbg.jpg', 'http://upload.ci.com/sitePage/2//img.360chengren.com//images/index_new/loginbg.jpg', 'd:/web/www/webStudio/wwwroot/uploadfile/sitePage/2//img.360chengren.com//images/index_new/loginbg.jpg', 1, 5),
(1062, 2, 12, '"/images/index_new/index_arow.png"', 'http://img.360chengren.com/"/images/index_new/index_arow.png"', 'http://upload.ci.com/sitePage/2//img.360chengren.com/"/images/index_new/index_arow.png"', 'd:/web/www/webStudio/wwwroot/uploadfile/sitePage/2//img.360chengren.com/"/images/index_new/index_arow.png"', 1, 5),
(1100, 2, 10, '/images/index_new//shareIco.gif', 'http://img.360chengren.com//images/index_new//shareIco.gif', 'http://upload.ci.com/sitePage/2//img.360chengren.com//images/index_new//shareIco.gif', 'd:/web/www/webStudio/wwwroot/uploadfile/sitePage/2//img.360chengren.com//images/index_new//shareIco.gif', 1, 5),
(1099, 2, 10, '/images/index_new//200_shadow.jpg', 'http://img.360chengren.com//images/index_new//200_shadow.jpg', 'http://upload.ci.com/sitePage/2//img.360chengren.com//images/index_new//200_shadow.jpg', 'd:/web/www/webStudio/wwwroot/uploadfile/sitePage/2//img.360chengren.com//images/index_new//200_shadow.jpg', 1, 5),
(1098, 2, 10, '/images/index_new//borderline.jpg', 'http://img.360chengren.com//images/index_new//borderline.jpg', 'http://upload.ci.com/sitePage/2//img.360chengren.com//images/index_new//borderline.jpg', 'd:/web/www/webStudio/wwwroot/uploadfile/sitePage/2//img.360chengren.com//images/index_new//borderline.jpg', 1, 5),
(1097, 2, 10, '/images/index_new//listitem.jpg', 'http://img.360chengren.com//images/index_new//listitem.jpg', 'http://upload.ci.com/sitePage/2//img.360chengren.com//images/index_new//listitem.jpg', 'd:/web/www/webStudio/wwwroot/uploadfile/sitePage/2//img.360chengren.com//images/index_new//listitem.jpg', 1, 5),
(1096, 2, 10, '/images/index_new//listconn.jpg', 'http://img.360chengren.com//images/index_new//listconn.jpg', 'http://upload.ci.com/sitePage/2//img.360chengren.com//images/index_new//listconn.jpg', 'd:/web/www/webStudio/wwwroot/uploadfile/sitePage/2//img.360chengren.com//images/index_new//listconn.jpg', 1, 5),
(1095, 2, 10, '/images/index_new//hotsale_cur.jpg', 'http://img.360chengren.com//images/index_new//hotsale_cur.jpg', 'http://upload.ci.com/sitePage/2//img.360chengren.com//images/index_new//hotsale_cur.jpg', 'd:/web/www/webStudio/wwwroot/uploadfile/sitePage/2//img.360chengren.com//images/index_new//hotsale_cur.jpg', 1, 5),
(1094, 2, 10, '/images/index_new//rexiao_icobg.jpg', 'http://img.360chengren.com//images/index_new//rexiao_icobg.jpg', 'http://upload.ci.com/sitePage/2//img.360chengren.com//images/index_new//rexiao_icobg.jpg', 'd:/web/www/webStudio/wwwroot/uploadfile/sitePage/2//img.360chengren.com//images/index_new//rexiao_icobg.jpg', 1, 5),
(1093, 2, 10, 'px', 'http://img.360chengren.com/px', 'http://upload.ci.com/sitePage/2//img.360chengren.com/px', 'd:/web/www/webStudio/wwwroot/uploadfile/sitePage/2//img.360chengren.com/px', 1, 5),
(1071, 2, 12, '/images/index_new/deal_home_foot_v3.png', 'http://img.360chengren.com//images/index_new/deal_home_foot_v3.png', 'http://upload.ci.com/sitePage/2//img.360chengren.com//images/index_new/deal_home_foot_v3.png', 'd:/web/www/webStudio/wwwroot/uploadfile/sitePage/2//img.360chengren.com//images/index_new/deal_home_foot_v3.png', 1, 5),
(1070, 2, 12, '"/images/index_new/search_bg.gif"', 'http://img.360chengren.com/"/images/index_new/search_bg.gif"', 'http://upload.ci.com/sitePage/2//img.360chengren.com/"/images/index_new/search_bg.gif"', 'd:/web/www/webStudio/wwwroot/uploadfile/sitePage/2//img.360chengren.com/"/images/index_new/search_bg.gif"', 1, 5),
(1069, 2, 12, '"/images/index_new/baseline.jpg"', 'http://img.360chengren.com/"/images/index_new/baseline.jpg"', 'http://upload.ci.com/sitePage/2//img.360chengren.com/"/images/index_new/baseline.jpg"', 'd:/web/www/webStudio/wwwroot/uploadfile/sitePage/2//img.360chengren.com/"/images/index_new/baseline.jpg"', 1, 5),
(1068, 2, 12, '"/images/index_new/white_arew.jpg"', 'http://img.360chengren.com/"/images/index_new/white_arew.jpg"', 'http://upload.ci.com/sitePage/2//img.360chengren.com/"/images/index_new/white_arew.jpg"', 'd:/web/www/webStudio/wwwroot/uploadfile/sitePage/2//img.360chengren.com/"/images/index_new/white_arew.jpg"', 1, 5),
(1067, 2, 12, '"/images/index_new/gray_arew.jpg"', 'http://img.360chengren.com/"/images/index_new/gray_arew.jpg"', 'http://upload.ci.com/sitePage/2//img.360chengren.com/"/images/index_new/gray_arew.jpg"', 'd:/web/www/webStudio/wwwroot/uploadfile/sitePage/2//img.360chengren.com/"/images/index_new/gray_arew.jpg"', 1, 5),
(1066, 2, 12, '"/images/index_new/arewhite.jpg"', 'http://img.360chengren.com/"/images/index_new/arewhite.jpg"', 'http://upload.ci.com/sitePage/2//img.360chengren.com/"/images/index_new/arewhite.jpg"', 'd:/web/www/webStudio/wwwroot/uploadfile/sitePage/2//img.360chengren.com/"/images/index_new/arewhite.jpg"', 1, 5),
(1065, 2, 12, '"/images/index_new/btico.jpg"', 'http://img.360chengren.com/"/images/index_new/btico.jpg"', 'http://upload.ci.com/sitePage/2//img.360chengren.com/"/images/index_new/btico.jpg"', 'd:/web/www/webStudio/wwwroot/uploadfile/sitePage/2//img.360chengren.com/"/images/index_new/btico.jpg"', 1, 5),
(1064, 2, 12, '"/images/index_new/arew_menu.jpg"', 'http://img.360chengren.com/"/images/index_new/arew_menu.jpg"', 'http://upload.ci.com/sitePage/2//img.360chengren.com/"/images/index_new/arew_menu.jpg"', 'd:/web/www/webStudio/wwwroot/uploadfile/sitePage/2//img.360chengren.com/"/images/index_new/arew_menu.jpg"', 1, 5),
(1063, 2, 12, 'http://img.fa48.com/images/tpl/top/topwc1.png', 'http://img.fa48.com/images/tpl/top/topwc1.png', 'http://upload.ci.com/sitePage/2//img.fa48.com/images/tpl/top/topwc1.png', 'd:/web/www/webStudio/wwwroot/uploadfile/sitePage/2//img.fa48.com/images/tpl/top/topwc1.png', 1, 5),
(1023, 2, 2, 'http://img.360chengren.com/styles/980common_index.css', 'http://img.360chengren.com/styles/980common_index.css', 'http://upload.ci.com/sitePage/2//img.360chengren.com/styles/980common_index.css', 'd:/web/www/webStudio/wwwroot/uploadfile/sitePage/2//img.360chengren.com/styles/980common_index.css', 1, 5),
(1022, 2, 2, 'http://img.360chengren.com/styles/980newindex.css', 'http://img.360chengren.com/styles/980newindex.css', 'http://upload.ci.com/sitePage/2//img.360chengren.com/styles/980newindex.css', 'd:/web/www/webStudio/wwwroot/uploadfile/sitePage/2//img.360chengren.com/styles/980newindex.css', 1, 5),
(1048, 2, 12, 'Lucida Grande', 'http://img.360chengren.com/Lucida Grande', 'http://upload.ci.com/sitePage/2//img.360chengren.com/Lucida Grande', 'd:/web/www/webStudio/wwwroot/uploadfile/sitePage/2//img.360chengren.com/Lucida Grande', 1, 5),
(829, 3, 8, '../images/tdot_01.png', 'http://www.9939.com/9939//images/tdot_01.png', 'http://upload.ci.com/sitePage/3//www.9939.com/9939//images/tdot_01.png', 'd:/web/www/webStudio/wwwroot/uploadfile/sitePage/3//www.9939.com/9939//images/tdot_01.png', 1, 2),
(828, 3, 7, '../images/jianshen-ico-imgbox.gif', 'http://www.9939.com/9939//images/jianshen-ico-imgbox.gif', 'http://upload.ci.com/sitePage/3//www.9939.com/9939//images/jianshen-ico-imgbox.gif', 'd:/web/www/webStudio/wwwroot/uploadfile/sitePage/3//www.9939.com/9939//images/jianshen-ico-imgbox.gif', 1, 4),
(827, 3, 7, '../images/jianshen-tit.png', 'http://www.9939.com/9939//images/jianshen-tit.png', 'http://upload.ci.com/sitePage/3//www.9939.com/9939//images/jianshen-tit.png', 'd:/web/www/webStudio/wwwroot/uploadfile/sitePage/3//www.9939.com/9939//images/jianshen-tit.png', 1, 4),
(826, 3, 7, '../images/jianshen-nav-item.png', 'http://www.9939.com/9939//images/jianshen-nav-item.png', 'http://upload.ci.com/sitePage/3//www.9939.com/9939//images/jianshen-nav-item.png', 'd:/web/www/webStudio/wwwroot/uploadfile/sitePage/3//www.9939.com/9939//images/jianshen-nav-item.png', 1, 4),
(825, 3, 7, '../images/jianshen-nav-bg.png', 'http://www.9939.com/9939//images/jianshen-nav-bg.png', 'http://upload.ci.com/sitePage/3//www.9939.com/9939//images/jianshen-nav-bg.png', 'd:/web/www/webStudio/wwwroot/uploadfile/sitePage/3//www.9939.com/9939//images/jianshen-nav-bg.png', 1, 4),
(824, 3, 7, '../images/jianshen-ico.gif', 'http://www.9939.com/9939//images/jianshen-ico.gif', 'http://upload.ci.com/sitePage/3//www.9939.com/9939//images/jianshen-ico.gif', 'd:/web/www/webStudio/wwwroot/uploadfile/sitePage/3//www.9939.com/9939//images/jianshen-ico.gif', 1, 4),
(822, 3, 7, '\\0020', 'http://www.9939.com/9939/\\0020', 'http://upload.ci.com/sitePage/3//www.9939.com/9939/\\0020', 'd:/web/www/webStudio/wwwroot/uploadfile/sitePage/3//www.9939.com/9939/\\0020', 1, 4),
(823, 3, 7, '\\9ed1\\4f53', 'http://www.9939.com/9939/\\9ed1\\4f53', 'http://upload.ci.com/sitePage/3//www.9939.com/9939/\\9ed1\\4f53', 'd:/web/www/webStudio/wwwroot/uploadfile/sitePage/3//www.9939.com/9939/\\9ed1\\4f53', 1, 4),
(832, 3, 4, '../images/99392wmy.png', 'http://www.9939.com/9939//images/99392wmy.png', 'http://upload.ci.com/sitePage/3//www.9939.com/9939//images/99392wmy.png', 'd:/web/www/webStudio/wwwroot/uploadfile/sitePage/3//www.9939.com/9939//images/99392wmy.png', 0, 0),
(831, 3, 4, '../images/99392wmbottom.png', 'http://www.9939.com/9939//images/99392wmbottom.png', 'http://upload.ci.com/sitePage/3//www.9939.com/9939//images/99392wmbottom.png', 'd:/web/www/webStudio/wwwroot/uploadfile/sitePage/3//www.9939.com/9939//images/99392wmbottom.png', 0, 0),
(818, 3, 5, '../images/pf-zh.png', 'http://www.9939.com/9939//images/pf-zh.png', 'http://upload.ci.com/sitePage/3//www.9939.com/9939//images/pf-zh.png', 'd:/web/www/webStudio/wwwroot/uploadfile/sitePage/3//www.9939.com/9939//images/pf-zh.png', 1, 1),
(830, 3, 4, '../images/99392wmtit.png', 'http://www.9939.com/9939//images/99392wmtit.png', 'http://upload.ci.com/sitePage/3//www.9939.com/9939//images/99392wmtit.png', 'd:/web/www/webStudio/wwwroot/uploadfile/sitePage/3//www.9939.com/9939//images/99392wmtit.png', 0, 0),
(810, 3, 3, '#default#homepage', 'http://www.9939.com/#default#homepage', 'http://upload.ci.com/sitePage/3//www.9939.com/#default#homepage', 'd:/web/www/webStudio/wwwroot/uploadfile/sitePage/3//www.9939.com/#default#homepage', 0, 5),
(809, 3, 3, 'http://www.9939.com/images/gm-nicon.png', 'http://www.9939.com/images/gm-nicon.png', 'http://upload.ci.com/sitePage/3//www.9939.com/images/gm-nicon.png', 'd:/web/www/webStudio/wwwroot/uploadfile/sitePage/3//www.9939.com/images/gm-nicon.png', 1, 5),
(807, 3, 3, 'http://www.9939.com/images/gm-navbg.jpg', 'http://www.9939.com/images/gm-navbg.jpg', 'http://upload.ci.com/sitePage/3//www.9939.com/images/gm-navbg.jpg', 'd:/web/www/webStudio/wwwroot/uploadfile/sitePage/3//www.9939.com/images/gm-navbg.jpg', 1, 5),
(808, 3, 3, 'http://www.9939.com/images/gm-icon.png', 'http://www.9939.com/images/gm-icon.png', 'http://upload.ci.com/sitePage/3//www.9939.com/images/gm-icon.png', 'd:/web/www/webStudio/wwwroot/uploadfile/sitePage/3//www.9939.com/images/gm-icon.png', 1, 5),
(806, 3, 3, '/9939/images/zh-dcolumn.png', 'http://www.9939.com//9939/images/zh-dcolumn.png', 'http://upload.ci.com/sitePage/3//www.9939.com//9939/images/zh-dcolumn.png', 'd:/web/www/webStudio/wwwroot/uploadfile/sitePage/3//www.9939.com//9939/images/zh-dcolumn.png', 1, 5),
(805, 3, 3, '/9939/images/zhmore.gif', 'http://www.9939.com//9939/images/zhmore.gif', 'http://upload.ci.com/sitePage/3//www.9939.com//9939/images/zhmore.gif', 'd:/web/www/webStudio/wwwroot/uploadfile/sitePage/3//www.9939.com//9939/images/zhmore.gif', 1, 5),
(804, 3, 3, '/9939/images/g-bg.jpg', 'http://www.9939.com//9939/images/g-bg.jpg', 'http://upload.ci.com/sitePage/3//www.9939.com//9939/images/g-bg.jpg', 'd:/web/www/webStudio/wwwroot/uploadfile/sitePage/3//www.9939.com//9939/images/g-bg.jpg', 1, 5),
(803, 3, 3, '/9939/images/hd_titbg.gif', 'http://www.9939.com//9939/images/hd_titbg.gif', 'http://upload.ci.com/sitePage/3//www.9939.com//9939/images/hd_titbg.gif', 'd:/web/www/webStudio/wwwroot/uploadfile/sitePage/3//www.9939.com//9939/images/hd_titbg.gif', 1, 5),
(802, 3, 3, 'UniversalXPConnect', 'http://www.9939.com/UniversalXPConnect', 'http://upload.ci.com/sitePage/3//www.9939.com/UniversalXPConnect', 'd:/web/www/webStudio/wwwroot/uploadfile/sitePage/3//www.9939.com/UniversalXPConnect', 1, 5),
(800, 3, 3, 'http://www.9939.com/9939/style/99392wm.css', 'http://www.9939.com/9939/style/99392wm.css', 'http://upload.ci.com/sitePage/3//www.9939.com/9939/style/99392wm.css', 'd:/web/www/webStudio/wwwroot/uploadfile/sitePage/3//www.9939.com/9939/style/99392wm.css', 1, 5),
(801, 3, 3, ';obj.setHomePage(vrl);\r\n}\r\ncatch(e){\r\nif(window.netscape) {\r\ntry {\r\nnetscape.security.PrivilegeManager.enablePrivilege("UniversalXPConnect"); \r\n} \r\ncatch (e) \r\n{ \r\nalert("抱歉！您的浏览器不支持直接设为首页。请在浏览器地址栏输入“', 'http://www.9939.com/;obj.setHomePage(vrl);\r\n}\r\ncatch(e){\r\nif(window.netscape) {\r\ntry {\r\nnetscape.security.PrivilegeManager.enablePrivilege("UniversalXPConnect"); \r\n} \r\ncatch (e) \r\n{ \r\nalert("抱歉！您的浏览器不', 'http://upload.ci.com/sitePage/3//www.9939.com/;obj.setHomePage(vrl);\r\n}\r\ncatch(e){\r\nif(window.netscape) {\r\ntry {\r\nnetscape.security.PrivilegeManager.enablePrivilege("UniversalXPConnect"); \r\n} \r\ncatch ', 'd:/web/www/webStudio/wwwroot/uploadfile/sitePage/3//www.9939.com/;obj.setHomePage(vrl);\r\n}\r\ncatch(e){\r\nif(window.netscape) {\r\ntry {\r\nnetscape.security.PrivilegeManager.enablePrivilege("UniversalXPConn', 1, 5),
(799, 3, 3, 'http://www.9939.com/9939/style/lf-bottom.css', 'http://www.9939.com/9939/style/lf-bottom.css', 'http://upload.ci.com/sitePage/3//www.9939.com/9939/style/lf-bottom.css', 'd:/web/www/webStudio/wwwroot/uploadfile/sitePage/3//www.9939.com/9939/style/lf-bottom.css', 1, 5),
(798, 3, 3, '/9939/style/granule.css', 'http://www.9939.com//9939/style/granule.css', 'http://upload.ci.com/sitePage/3//www.9939.com//9939/style/granule.css', 'd:/web/www/webStudio/wwwroot/uploadfile/sitePage/3//www.9939.com//9939/style/granule.css', 1, 5),
(797, 3, 3, '/9939/style/jianshen.css', 'http://www.9939.com//9939/style/jianshen.css', 'http://upload.ci.com/sitePage/3//www.9939.com//9939/style/jianshen.css', 'd:/web/www/webStudio/wwwroot/uploadfile/sitePage/3//www.9939.com//9939/style/jianshen.css', 1, 5),
(796, 3, 3, '/9939/style/slide.css', 'http://www.9939.com//9939/style/slide.css', 'http://upload.ci.com/sitePage/3//www.9939.com//9939/style/slide.css', 'd:/web/www/webStudio/wwwroot/uploadfile/sitePage/3//www.9939.com//9939/style/slide.css', 1, 5),
(795, 3, 3, '/9939/style/grids-all.css', 'http://www.9939.com//9939/style/grids-all.css', 'http://upload.ci.com/sitePage/3//www.9939.com//9939/style/grids-all.css', 'd:/web/www/webStudio/wwwroot/uploadfile/sitePage/3//www.9939.com//9939/style/grids-all.css', 1, 5),
(794, 3, 3, '/9939/style/m.css', 'http://www.9939.com//9939/style/m.css', 'http://upload.ci.com/sitePage/3//www.9939.com//9939/style/m.css', 'd:/web/www/webStudio/wwwroot/uploadfile/sitePage/3//www.9939.com//9939/style/m.css', 1, 5),
(793, 3, 3, '/9939/style/g.css', 'http://www.9939.com//9939/style/g.css', 'http://upload.ci.com/sitePage/3//www.9939.com//9939/style/g.css', 'd:/web/www/webStudio/wwwroot/uploadfile/sitePage/3//www.9939.com//9939/style/g.css', 1, 5),
(792, 3, 3, '/9939/style/b.css', 'http://www.9939.com//9939/style/b.css', 'http://upload.ci.com/sitePage/3//www.9939.com//9939/style/b.css', 'd:/web/www/webStudio/wwwroot/uploadfile/sitePage/3//www.9939.com//9939/style/b.css', 1, 5),
(791, 3, 3, '/images/favicon.ico" type="image/x-icon" />                                                            <meta http-equiv="Content-Type" content="text/html; charset=utf-8" />\r\n<base href="http://www.993', 'http://www.9939.com//images/favicon.ico" type="image/x-icon" />                                                            <meta http-equiv="Content-Type" content="text/html; charset=utf-8" />\r\n<base ', 'http://upload.ci.com/sitePage/3//www.9939.com//images/favicon.ico" type="image/x-icon" />                                                            <meta http-equiv="Content-Type" content="text/html;', 'd:/web/www/webStudio/wwwroot/uploadfile/sitePage/3//www.9939.com//images/favicon.ico" type="image/x-icon" />                                                            <meta http-equiv="Content-Type" ', 1, 5),
(790, 3, 3, 'http://w.cnzz.com/c.php?id=30051245', 'http://w.cnzz.com/c.php?id=30051245', 'http://upload.ci.com/sitePage/3//w.cnzz.com/c.php?id=30051245', 'd:/web/www/webStudio/wwwroot/uploadfile/sitePage/3//w.cnzz.com/c.php?id=30051245', 1, 5),
(789, 3, 3, 'http://w.cnzz.com/c.php?id=30033552&l=3', 'http://w.cnzz.com/c.php?id=30033552&l=3', 'http://upload.ci.com/sitePage/3//w.cnzz.com/c.php?id=30033552&l=3', 'd:/web/www/webStudio/wwwroot/uploadfile/sitePage/3//w.cnzz.com/c.php?id=30033552&l=3', 1, 5),
(788, 3, 3, 'http://w.cnzz.com/c.php?id=30033500&l=3', 'http://w.cnzz.com/c.php?id=30033500&l=3', 'http://upload.ci.com/sitePage/3//w.cnzz.com/c.php?id=30033500&l=3', 'd:/web/www/webStudio/wwwroot/uploadfile/sitePage/3//w.cnzz.com/c.php?id=30033500&l=3', 1, 5),
(787, 3, 3, 'http://www.9939.com', 'http://www.9939.com', 'http://upload.ci.com/sitePage/3//www.9939.com', 'd:/web/www/webStudio/wwwroot/uploadfile/sitePage/3//www.9939.com', 1, 5),
(786, 3, 3, 'http://www.9939.com/qq/oauth/qq_login.php', 'http://www.9939.com/qq/oauth/qq_login.php', 'http://upload.ci.com/sitePage/3//www.9939.com/qq/oauth/qq_login.php', 'd:/web/www/webStudio/wwwroot/uploadfile/sitePage/3//www.9939.com/qq/oauth/qq_login.php', 1, 5),
(785, 3, 3, 'click', 'http://www.9939.com/click', 'http://upload.ci.com/sitePage/3//www.9939.com/click', 'd:/web/www/webStudio/wwwroot/uploadfile/sitePage/3//www.9939.com/click', 1, 5),
(784, 3, 3, 'http://tongji.9939.com/img/tjpindao.js', 'http://tongji.9939.com/img/tjpindao.js', 'http://upload.ci.com/sitePage/3//tongji.9939.com/img/tjpindao.js', 'd:/web/www/webStudio/wwwroot/uploadfile/sitePage/3//tongji.9939.com/img/tjpindao.js', 1, 5),
(783, 3, 3, 'http://www.9939.com/9939/images/99392wm.jpg', 'http://www.9939.com/9939/images/99392wm.jpg', 'http://upload.ci.com/sitePage/3//www.9939.com/9939/images/99392wm.jpg', 'd:/web/www/webStudio/wwwroot/uploadfile/sitePage/3//www.9939.com/9939/images/99392wm.jpg', 1, 5),
(782, 3, 3, 'http://eclick.baidu.com/rt.jpg?t=noscript&rtid=nW6YPWb', 'http://eclick.baidu.com/rt.jpg?t=noscript&rtid=nW6YPWb', 'http://upload.ci.com/sitePage/3//eclick.baidu.com/rt.jpg?t=noscript&rtid=nW6YPWb', 'd:/web/www/webStudio/wwwroot/uploadfile/sitePage/3//eclick.baidu.com/rt.jpg?t=noscript&rtid=nW6YPWb', 1, 5),
(1008, 2, 2, 'http://cpro.baidu.com/cpro/ui/rt.js', 'http://cpro.baidu.com/cpro/ui/rt.js', 'http://upload.ci.com/sitePage/2//cpro.baidu.com/cpro/ui/rt.js', 'd:/web/www/webStudio/wwwroot/uploadfile/sitePage/2//cpro.baidu.com/cpro/ui/rt.js', 1, 5),
(780, 3, 3, 'http://www.9939.com/9939/js/hotlink.js', 'http://www.9939.com/9939/js/hotlink.js', 'http://upload.ci.com/sitePage/3//www.9939.com/9939/js/hotlink.js', 'd:/web/www/webStudio/wwwroot/uploadfile/sitePage/3//www.9939.com/9939/js/hotlink.js', 1, 5),
(779, 3, 3, 'http://www.9939.com/9939/js/baidu_tj.js', 'http://www.9939.com/9939/js/baidu_tj.js', 'http://upload.ci.com/sitePage/3//www.9939.com/9939/js/baidu_tj.js', 'd:/web/www/webStudio/wwwroot/uploadfile/sitePage/3//www.9939.com/9939/js/baidu_tj.js', 1, 5),
(778, 3, 3, 'text/javascript', 'http://www.9939.com/text/javascript', 'http://upload.ci.com/sitePage/3//www.9939.com/text/javascript', 'd:/web/www/webStudio/wwwroot/uploadfile/sitePage/3//www.9939.com/text/javascript', 1, 5),
(777, 3, 3, '/uploadfile/201206/13395553911.jpg', 'http://www.9939.com//uploadfile/201206/13395553911.jpg', 'http://upload.ci.com/sitePage/3//www.9939.com//uploadfile/201206/13395553911.jpg', 'd:/web/www/webStudio/wwwroot/uploadfile/sitePage/3//www.9939.com//uploadfile/201206/13395553911.jpg', 1, 5),
(776, 3, 3, '/uploadfile/201207/13412062581.jpg', 'http://www.9939.com//uploadfile/201207/13412062581.jpg', 'http://upload.ci.com/sitePage/3//www.9939.com//uploadfile/201207/13412062581.jpg', 'd:/web/www/webStudio/wwwroot/uploadfile/sitePage/3//www.9939.com//uploadfile/201207/13412062581.jpg', 1, 5),
(775, 3, 3, '/uploadfile/201207/13424259551.jpg', 'http://www.9939.com//uploadfile/201207/13424259551.jpg', 'http://upload.ci.com/sitePage/3//www.9939.com//uploadfile/201207/13424259551.jpg', 'd:/web/www/webStudio/wwwroot/uploadfile/sitePage/3//www.9939.com//uploadfile/201207/13424259551.jpg', 1, 5),
(774, 3, 3, '/uploadfile/201207/13425128691.jpg', 'http://www.9939.com//uploadfile/201207/13425128691.jpg', 'http://upload.ci.com/sitePage/3//www.9939.com//uploadfile/201207/13425128691.jpg', 'd:/web/www/webStudio/wwwroot/uploadfile/sitePage/3//www.9939.com//uploadfile/201207/13425128691.jpg', 1, 5),
(773, 3, 3, '/uploadfile/201207/13427725721.jpg', 'http://www.9939.com//uploadfile/201207/13427725721.jpg', 'http://upload.ci.com/sitePage/3//www.9939.com//uploadfile/201207/13427725721.jpg', 'd:/web/www/webStudio/wwwroot/uploadfile/sitePage/3//www.9939.com//uploadfile/201207/13427725721.jpg', 1, 5),
(772, 3, 3, '/uploadfile/201207/13436373531.jpg', 'http://www.9939.com//uploadfile/201207/13436373531.jpg', 'http://upload.ci.com/sitePage/3//www.9939.com//uploadfile/201207/13436373531.jpg', 'd:/web/www/webStudio/wwwroot/uploadfile/sitePage/3//www.9939.com//uploadfile/201207/13436373531.jpg', 1, 5),
(771, 3, 3, '/uploadfile/201210/13505510081591920.jpg', 'http://www.9939.com//uploadfile/201210/13505510081591920.jpg', 'http://upload.ci.com/sitePage/3//www.9939.com//uploadfile/201210/13505510081591920.jpg', 'd:/web/www/webStudio/wwwroot/uploadfile/sitePage/3//www.9939.com//uploadfile/201210/13505510081591920.jpg', 1, 5),
(770, 3, 3, '/uploadfile/201210/13505508941592055.jpg', 'http://www.9939.com//uploadfile/201210/13505508941592055.jpg', 'http://upload.ci.com/sitePage/3//www.9939.com//uploadfile/201210/13505508941592055.jpg', 'd:/web/www/webStudio/wwwroot/uploadfile/sitePage/3//www.9939.com//uploadfile/201210/13505508941592055.jpg', 1, 5),
(769, 3, 3, '/uploadfile/201210/13505509781591921.jpg', 'http://www.9939.com//uploadfile/201210/13505509781591921.jpg', 'http://upload.ci.com/sitePage/3//www.9939.com//uploadfile/201210/13505509781591921.jpg', 'd:/web/www/webStudio/wwwroot/uploadfile/sitePage/3//www.9939.com//uploadfile/201210/13505509781591921.jpg', 1, 5),
(768, 3, 3, '/uploadfile/201210/13505510531591916.jpg', 'http://www.9939.com//uploadfile/201210/13505510531591916.jpg', 'http://upload.ci.com/sitePage/3//www.9939.com//uploadfile/201210/13505510531591916.jpg', 'd:/web/www/webStudio/wwwroot/uploadfile/sitePage/3//www.9939.com//uploadfile/201210/13505510531591916.jpg', 1, 5),
(767, 3, 3, '/uploadfile/201210/13505510531591918.jpg', 'http://www.9939.com//uploadfile/201210/13505510531591918.jpg', 'http://upload.ci.com/sitePage/3//www.9939.com//uploadfile/201210/13505510531591918.jpg', 'd:/web/www/webStudio/wwwroot/uploadfile/sitePage/3//www.9939.com//uploadfile/201210/13505510531591918.jpg', 1, 5),
(766, 3, 3, '/uploadfile/201210/13505511071591829.jpg', 'http://www.9939.com//uploadfile/201210/13505511071591829.jpg', 'http://upload.ci.com/sitePage/3//www.9939.com//uploadfile/201210/13505511071591829.jpg', 'd:/web/www/webStudio/wwwroot/uploadfile/sitePage/3//www.9939.com//uploadfile/201210/13505511071591829.jpg', 1, 5),
(765, 3, 3, '/uploadfile/201210/13505509301591923.jpg', 'http://www.9939.com//uploadfile/201210/13505509301591923.jpg', 'http://upload.ci.com/sitePage/3//www.9939.com//uploadfile/201210/13505509301591923.jpg', 'd:/web/www/webStudio/wwwroot/uploadfile/sitePage/3//www.9939.com//uploadfile/201210/13505509301591923.jpg', 1, 5),
(764, 3, 3, '/uploadfile/201210/13505511411591827.jpg', 'http://www.9939.com//uploadfile/201210/13505511411591827.jpg', 'http://upload.ci.com/sitePage/3//www.9939.com//uploadfile/201210/13505511411591827.jpg', 'd:/web/www/webStudio/wwwroot/uploadfile/sitePage/3//www.9939.com//uploadfile/201210/13505511411591827.jpg', 1, 5),
(763, 3, 3, '/uploadfile/201210/13505511741591658.jpg', 'http://www.9939.com//uploadfile/201210/13505511741591658.jpg', 'http://upload.ci.com/sitePage/3//www.9939.com//uploadfile/201210/13505511741591658.jpg', 'd:/web/www/webStudio/wwwroot/uploadfile/sitePage/3//www.9939.com//uploadfile/201210/13505511741591658.jpg', 1, 5),
(762, 3, 3, '/uploadfile/201210/13505511741591826.jpg', 'http://www.9939.com//uploadfile/201210/13505511741591826.jpg', 'http://upload.ci.com/sitePage/3//www.9939.com//uploadfile/201210/13505511741591826.jpg', 'd:/web/www/webStudio/wwwroot/uploadfile/sitePage/3//www.9939.com//uploadfile/201210/13505511741591826.jpg', 1, 5),
(761, 3, 3, '/uploadfile/201210/13505512111591656.jpg', 'http://www.9939.com//uploadfile/201210/13505512111591656.jpg', 'http://upload.ci.com/sitePage/3//www.9939.com//uploadfile/201210/13505512111591656.jpg', 'd:/web/www/webStudio/wwwroot/uploadfile/sitePage/3//www.9939.com//uploadfile/201210/13505512111591656.jpg', 1, 5),
(760, 3, 3, '/uploadfile/201210/13505512111591657.jpg', 'http://www.9939.com//uploadfile/201210/13505512111591657.jpg', 'http://upload.ci.com/sitePage/3//www.9939.com//uploadfile/201210/13505512111591657.jpg', 'd:/web/www/webStudio/wwwroot/uploadfile/sitePage/3//www.9939.com//uploadfile/201210/13505512111591657.jpg', 1, 5),
(759, 3, 3, '/uploadfile/201210/13505512381591467.jpg', 'http://www.9939.com//uploadfile/201210/13505512381591467.jpg', 'http://upload.ci.com/sitePage/3//www.9939.com//uploadfile/201210/13505512381591467.jpg', 'd:/web/www/webStudio/wwwroot/uploadfile/sitePage/3//www.9939.com//uploadfile/201210/13505512381591467.jpg', 1, 5),
(758, 3, 3, '/uploadfile/201210/13505512381591655.jpg', 'http://www.9939.com//uploadfile/201210/13505512381591655.jpg', 'http://upload.ci.com/sitePage/3//www.9939.com//uploadfile/201210/13505512381591655.jpg', 'd:/web/www/webStudio/wwwroot/uploadfile/sitePage/3//www.9939.com//uploadfile/201210/13505512381591655.jpg', 1, 5),
(757, 3, 3, 'http://www.9939.com/uploadfile/201004/1272590792.swf', 'http://www.9939.com/uploadfile/201004/1272590792.swf', 'http://upload.ci.com/sitePage/3//www.9939.com/uploadfile/201004/1272590792.swf', 'd:/web/www/webStudio/wwwroot/uploadfile/sitePage/3//www.9939.com/uploadfile/201004/1272590792.swf', 1, 5),
(756, 3, 3, '/uploadfile/201210/13505508391592057.jpg', 'http://www.9939.com//uploadfile/201210/13505508391592057.jpg', 'http://upload.ci.com/sitePage/3//www.9939.com//uploadfile/201210/13505508391592057.jpg', 'd:/web/www/webStudio/wwwroot/uploadfile/sitePage/3//www.9939.com//uploadfile/201210/13505508391592057.jpg', 1, 5);
INSERT INTO `ss_site_file` (`id`, `site_id`, `page_id`, `url`, `urlfull`, `urllocal`, `pathlocal`, `isdown`, `downtime`) VALUES
(755, 3, 3, '/uploadfile/201210/13505512741591358.jpg', 'http://www.9939.com//uploadfile/201210/13505512741591358.jpg', 'http://upload.ci.com/sitePage/3//www.9939.com//uploadfile/201210/13505512741591358.jpg', 'd:/web/www/webStudio/wwwroot/uploadfile/sitePage/3//www.9939.com//uploadfile/201210/13505512741591358.jpg', 1, 5),
(754, 3, 3, '/uploadfile/201210/13505512741591361.jpg', 'http://www.9939.com//uploadfile/201210/13505512741591361.jpg', 'http://upload.ci.com/sitePage/3//www.9939.com//uploadfile/201210/13505512741591361.jpg', 'd:/web/www/webStudio/wwwroot/uploadfile/sitePage/3//www.9939.com//uploadfile/201210/13505512741591361.jpg', 1, 5),
(753, 3, 3, '/uploadfile/201210/13505513061591355.jpg', 'http://www.9939.com//uploadfile/201210/13505513061591355.jpg', 'http://upload.ci.com/sitePage/3//www.9939.com//uploadfile/201210/13505513061591355.jpg', 'd:/web/www/webStudio/wwwroot/uploadfile/sitePage/3//www.9939.com//uploadfile/201210/13505513061591355.jpg', 1, 5),
(752, 3, 3, '/uploadfile/201210/13505513061591356.jpg', 'http://www.9939.com//uploadfile/201210/13505513061591356.jpg', 'http://upload.ci.com/sitePage/3//www.9939.com//uploadfile/201210/13505513061591356.jpg', 'd:/web/www/webStudio/wwwroot/uploadfile/sitePage/3//www.9939.com//uploadfile/201210/13505513061591356.jpg', 1, 5),
(751, 3, 3, 'http://www.9939.com/uploadfile/201303/1364536084.jpg', 'http://www.9939.com/uploadfile/201303/1364536084.jpg', 'http://upload.ci.com/sitePage/3//www.9939.com/uploadfile/201303/1364536084.jpg', 'd:/web/www/webStudio/wwwroot/uploadfile/sitePage/3//www.9939.com/uploadfile/201303/1364536084.jpg', 1, 5),
(750, 3, 3, '/uploadfile/201210/13505513441590870.jpg', 'http://www.9939.com//uploadfile/201210/13505513441590870.jpg', 'http://upload.ci.com/sitePage/3//www.9939.com//uploadfile/201210/13505513441590870.jpg', 'd:/web/www/webStudio/wwwroot/uploadfile/sitePage/3//www.9939.com//uploadfile/201210/13505513441590870.jpg', 1, 5),
(749, 3, 3, '/uploadfile/201210/13505513441590871.jpg', 'http://www.9939.com//uploadfile/201210/13505513441590871.jpg', 'http://upload.ci.com/sitePage/3//www.9939.com//uploadfile/201210/13505513441590871.jpg', 'd:/web/www/webStudio/wwwroot/uploadfile/sitePage/3//www.9939.com//uploadfile/201210/13505513441590871.jpg', 1, 5),
(748, 3, 3, '/uploadfile/201210/13505513731590865.jpg', 'http://www.9939.com//uploadfile/201210/13505513731590865.jpg', 'http://upload.ci.com/sitePage/3//www.9939.com//uploadfile/201210/13505513731590865.jpg', 'd:/web/www/webStudio/wwwroot/uploadfile/sitePage/3//www.9939.com//uploadfile/201210/13505513731590865.jpg', 1, 5),
(747, 3, 3, '/uploadfile/201210/13505513731590866.jpg', 'http://www.9939.com//uploadfile/201210/13505513731590866.jpg', 'http://upload.ci.com/sitePage/3//www.9939.com//uploadfile/201210/13505513731590866.jpg', 'd:/web/www/webStudio/wwwroot/uploadfile/sitePage/3//www.9939.com//uploadfile/201210/13505513731590866.jpg', 1, 5),
(746, 3, 3, 'http://www.9939.com/uploadfile/201303/1364366689.jpg', 'http://www.9939.com/uploadfile/201303/1364366689.jpg', 'http://upload.ci.com/sitePage/3//www.9939.com/uploadfile/201303/1364366689.jpg', 'd:/web/www/webStudio/wwwroot/uploadfile/sitePage/3//www.9939.com/uploadfile/201303/1364366689.jpg', 1, 5),
(745, 3, 3, '/uploadfile/201210/13505515761590142.jpg', 'http://www.9939.com//uploadfile/201210/13505515761590142.jpg', 'http://upload.ci.com/sitePage/3//www.9939.com//uploadfile/201210/13505515761590142.jpg', 'd:/web/www/webStudio/wwwroot/uploadfile/sitePage/3//www.9939.com//uploadfile/201210/13505515761590142.jpg', 1, 5),
(742, 3, 3, 'http://www.9939.com/uploadfile/201011/1289553096.jpg', 'http://www.9939.com/uploadfile/201011/1289553096.jpg', 'http://upload.ci.com/sitePage/3//www.9939.com/uploadfile/201011/1289553096.jpg', 'd:/web/www/webStudio/wwwroot/uploadfile/sitePage/3//www.9939.com/uploadfile/201011/1289553096.jpg', 1, 5),
(743, 3, 3, 'http://www.9939.com/uploadfile/201003/1268993510.jpg', 'http://www.9939.com/uploadfile/201003/1268993510.jpg', 'http://upload.ci.com/sitePage/3//www.9939.com/uploadfile/201003/1268993510.jpg', 'd:/web/www/webStudio/wwwroot/uploadfile/sitePage/3//www.9939.com/uploadfile/201003/1268993510.jpg', 1, 5),
(744, 3, 3, 'http://www.9939.com/uploadfile/201211/1352168375.jpg', 'http://www.9939.com/uploadfile/201211/1352168375.jpg', 'http://upload.ci.com/sitePage/3//www.9939.com/uploadfile/201211/1352168375.jpg', 'd:/web/www/webStudio/wwwroot/uploadfile/sitePage/3//www.9939.com/uploadfile/201211/1352168375.jpg', 1, 5),
(741, 3, 3, '/uploadfile/201304/13654038591617431.jpg', 'http://www.9939.com//uploadfile/201304/13654038591617431.jpg', 'http://upload.ci.com/sitePage/3//www.9939.com//uploadfile/201304/13654038591617431.jpg', 'd:/web/www/webStudio/wwwroot/uploadfile/sitePage/3//www.9939.com//uploadfile/201304/13654038591617431.jpg', 1, 5),
(740, 3, 3, '/uploadfile/201304/136540702188538.jpg', 'http://www.9939.com//uploadfile/201304/136540702188538.jpg', 'http://upload.ci.com/sitePage/3//www.9939.com//uploadfile/201304/136540702188538.jpg', 'd:/web/www/webStudio/wwwroot/uploadfile/sitePage/3//www.9939.com//uploadfile/201304/136540702188538.jpg', 1, 5),
(739, 3, 3, 'http://www.9939.com/uploadfile/201102/1298862231.jpg', 'http://www.9939.com/uploadfile/201102/1298862231.jpg', 'http://upload.ci.com/sitePage/3//www.9939.com/uploadfile/201102/1298862231.jpg', 'd:/web/www/webStudio/wwwroot/uploadfile/sitePage/3//www.9939.com/uploadfile/201102/1298862231.jpg', 1, 5),
(738, 3, 3, 'http://www.9939.com/uploadfile/201211/1351846864.jpg', 'http://www.9939.com/uploadfile/201211/1351846864.jpg', 'http://upload.ci.com/sitePage/3//www.9939.com/uploadfile/201211/1351846864.jpg', 'd:/web/www/webStudio/wwwroot/uploadfile/sitePage/3//www.9939.com/uploadfile/201211/1351846864.jpg', 1, 5),
(737, 3, 3, 'http://www.9939.com/uploadfile/201211/1351846844.jpg', 'http://www.9939.com/uploadfile/201211/1351846844.jpg', 'http://upload.ci.com/sitePage/3//www.9939.com/uploadfile/201211/1351846844.jpg', 'd:/web/www/webStudio/wwwroot/uploadfile/sitePage/3//www.9939.com/uploadfile/201211/1351846844.jpg', 1, 5),
(734, 3, 3, '/9939/images/logo-index.png', 'http://www.9939.com//9939/images/logo-index.png', 'http://upload.ci.com/sitePage/3//www.9939.com//9939/images/logo-index.png', 'd:/web/www/webStudio/wwwroot/uploadfile/sitePage/3//www.9939.com//9939/images/logo-index.png', 1, 5),
(735, 3, 3, '/9939/images/jianshen-logo.jpg', 'http://www.9939.com//9939/images/jianshen-logo.jpg', 'http://upload.ci.com/sitePage/3//www.9939.com//9939/images/jianshen-logo.jpg', 'd:/web/www/webStudio/wwwroot/uploadfile/sitePage/3//www.9939.com//9939/images/jianshen-logo.jpg', 1, 5),
(736, 3, 3, 'http://www.9939.com/uploadfile/201211/1351846814.jpg', 'http://www.9939.com/uploadfile/201211/1351846814.jpg', 'http://upload.ci.com/sitePage/3//www.9939.com/uploadfile/201211/1351846814.jpg', 'd:/web/www/webStudio/wwwroot/uploadfile/sitePage/3//www.9939.com/uploadfile/201211/1351846814.jpg', 1, 5),
(733, 3, 3, '/9939/images/sin_login.png', 'http://www.9939.com//9939/images/sin_login.png', 'http://upload.ci.com/sitePage/3//www.9939.com//9939/images/sin_login.png', 'd:/web/www/webStudio/wwwroot/uploadfile/sitePage/3//www.9939.com//9939/images/sin_login.png', 1, 5),
(732, 3, 3, 'http://home.9939.com/images/qq_login.png', 'http://home.9939.com/images/qq_login.png', 'http://upload.ci.com/sitePage/3//home.9939.com/images/qq_login.png', 'd:/web/www/webStudio/wwwroot/uploadfile/sitePage/3//home.9939.com/images/qq_login.png', 1, 5),
(731, 3, 3, '/9939/js/login.js', 'http://www.9939.com//9939/js/login.js', 'http://upload.ci.com/sitePage/3//www.9939.com//9939/js/login.js', 'd:/web/www/webStudio/wwwroot/uploadfile/sitePage/3//www.9939.com//9939/js/login.js', 1, 5),
(730, 3, 3, '/9939/js/jquery.slide3.js', 'http://www.9939.com//9939/js/jquery.slide3.js', 'http://upload.ci.com/sitePage/3//www.9939.com//9939/js/jquery.slide3.js', 'd:/web/www/webStudio/wwwroot/uploadfile/sitePage/3//www.9939.com//9939/js/jquery.slide3.js', 1, 5),
(729, 3, 3, '/9939/js/jquery.tab.js', 'http://www.9939.com//9939/js/jquery.tab.js', 'http://upload.ci.com/sitePage/3//www.9939.com//9939/js/jquery.tab.js', 'd:/web/www/webStudio/wwwroot/uploadfile/sitePage/3//www.9939.com//9939/js/jquery.tab.js', 1, 5),
(728, 3, 3, '/9939/js/jquery.js', 'http://www.9939.com//9939/js/jquery.js', 'http://upload.ci.com/sitePage/3//www.9939.com//9939/js/jquery.js', 'd:/web/www/webStudio/wwwroot/uploadfile/sitePage/3//www.9939.com//9939/js/jquery.js', 1, 5),
(1101, 2, 10, '/images/index_new//azg_kefu.png', 'http://img.360chengren.com//images/index_new//azg_kefu.png', 'http://upload.ci.com/sitePage/2//img.360chengren.com//images/index_new//azg_kefu.png', 'd:/web/www/webStudio/wwwroot/uploadfile/sitePage/2//img.360chengren.com//images/index_new//azg_kefu.png', 1, 5),
(1102, 2, 10, '/images/index_new//nav_floor_2.png', 'http://img.360chengren.com//images/index_new//nav_floor_2.png', 'http://upload.ci.com/sitePage/2//img.360chengren.com//images/index_new//nav_floor_2.png', 'd:/web/www/webStudio/wwwroot/uploadfile/sitePage/2//img.360chengren.com//images/index_new//nav_floor_2.png', 1, 5),
(1103, 2, 10, '"/images/index_new//rexiao_icobg.jpg"', 'http://img.360chengren.com/"/images/index_new//rexiao_icobg.jpg"', 'http://upload.ci.com/sitePage/2//img.360chengren.com/"/images/index_new//rexiao_icobg.jpg"', 'd:/web/www/webStudio/wwwroot/uploadfile/sitePage/2//img.360chengren.com/"/images/index_new//rexiao_icobg.jpg"', 1, 5),
(1104, 2, 10, '"/images/index_new//hotsale_cur.jpg"', 'http://img.360chengren.com/"/images/index_new//hotsale_cur.jpg"', 'http://upload.ci.com/sitePage/2//img.360chengren.com/"/images/index_new//hotsale_cur.jpg"', 'd:/web/www/webStudio/wwwroot/uploadfile/sitePage/2//img.360chengren.com/"/images/index_new//hotsale_cur.jpg"', 1, 5),
(1105, 2, 10, '"/images/index_new//listconn.jpg"', 'http://img.360chengren.com/"/images/index_new//listconn.jpg"', 'http://upload.ci.com/sitePage/2//img.360chengren.com/"/images/index_new//listconn.jpg"', 'd:/web/www/webStudio/wwwroot/uploadfile/sitePage/2//img.360chengren.com/"/images/index_new//listconn.jpg"', 1, 5),
(1106, 2, 10, '"/images/index_new//listitem.jpg"', 'http://img.360chengren.com/"/images/index_new//listitem.jpg"', 'http://upload.ci.com/sitePage/2//img.360chengren.com/"/images/index_new//listitem.jpg"', 'd:/web/www/webStudio/wwwroot/uploadfile/sitePage/2//img.360chengren.com/"/images/index_new//listitem.jpg"', 1, 5),
(1107, 2, 10, '"/images/index_new//borderline.jpg"', 'http://img.360chengren.com/"/images/index_new//borderline.jpg"', 'http://upload.ci.com/sitePage/2//img.360chengren.com/"/images/index_new//borderline.jpg"', 'd:/web/www/webStudio/wwwroot/uploadfile/sitePage/2//img.360chengren.com/"/images/index_new//borderline.jpg"', 1, 5),
(1108, 2, 10, '/images/index_new//rating_small_v2.png', 'http://img.360chengren.com//images/index_new//rating_small_v2.png', 'http://upload.ci.com/sitePage/2//img.360chengren.com//images/index_new//rating_small_v2.png', 'd:/web/www/webStudio/wwwroot/uploadfile/sitePage/2//img.360chengren.com//images/index_new//rating_small_v2.png', 1, 5),
(1109, 2, 10, '/images/index_new//mallallbg.png', 'http://img.360chengren.com//images/index_new//mallallbg.png', 'http://upload.ci.com/sitePage/2//img.360chengren.com//images/index_new//mallallbg.png', 'd:/web/www/webStudio/wwwroot/uploadfile/sitePage/2//img.360chengren.com//images/index_new//mallallbg.png', 1, 5),
(1110, 2, 10, '"/images/index_new//200_shadow.jpg"', 'http://img.360chengren.com/"/images/index_new//200_shadow.jpg"', 'http://upload.ci.com/sitePage/2//img.360chengren.com/"/images/index_new//200_shadow.jpg"', 'd:/web/www/webStudio/wwwroot/uploadfile/sitePage/2//img.360chengren.com/"/images/index_new//200_shadow.jpg"', 1, 5),
(1111, 2, 10, '"/images/index_new//shareIco.gif"', 'http://img.360chengren.com/"/images/index_new//shareIco.gif"', 'http://upload.ci.com/sitePage/2//img.360chengren.com/"/images/index_new//shareIco.gif"', 'd:/web/www/webStudio/wwwroot/uploadfile/sitePage/2//img.360chengren.com/"/images/index_new//shareIco.gif"', 1, 5),
(1112, 2, 10, '"/images/index_new//azg_kefu.png"', 'http://img.360chengren.com/"/images/index_new//azg_kefu.png"', 'http://upload.ci.com/sitePage/2//img.360chengren.com/"/images/index_new//azg_kefu.png"', 'd:/web/www/webStudio/wwwroot/uploadfile/sitePage/2//img.360chengren.com/"/images/index_new//azg_kefu.png"', 1, 5),
(1113, 2, 10, '"/images/index_new//nav_floor_2.png"', 'http://img.360chengren.com/"/images/index_new//nav_floor_2.png"', 'http://upload.ci.com/sitePage/2//img.360chengren.com/"/images/index_new//nav_floor_2.png"', 'd:/web/www/webStudio/wwwroot/uploadfile/sitePage/2//img.360chengren.com/"/images/index_new//nav_floor_2.png"', 1, 5),
(1181, 1, 1, 'http://hits.39.net/Data/HistsData.ashx?x=480&y=269&s=1366*768&bro=Mozilla Firefox 22.0&os=Win7&typeid=sports&u=mozilla/5.0 (windows nt 6.1; wow64; rv:22.0) gecko/20100101 firefox/22.0&si=http://sports', 'http://hits.39.net/Data/HistsData.ashx?x=480&y=269&s=1366*768&bro=Mozilla Firefox 22.0&os=Win7&typeid=sports&u=mozilla/5.0 (windows nt 6.1; wow64; rv:22.0) gecko/20100101 firefox/22.0&si=http://sports', 'http://upload.ci.com/sitePage/1//hits.39.net/Data/HistsData.ashx?x=480&y=269&s=1366*768&bro=Mozilla Firefox 22.0&os=Win7&typeid=sports&u=mozilla/5.0 (windows nt 6.1; wow64; rv:22.0) gecko/20100101 fir', 'd:/web/www/webStudio/wwwroot/uploadfile/sitePage/1//hits.39.net/Data/HistsData.ashx?x=480&y=269&s=1366*768&bro=Mozilla Firefox 22.0&os=Win7&typeid=sports&u=mozilla/5.0 (windows nt 6.1; wow64; rv:22.0)', 0, 0),
(1182, 1, 1, 'http://www.google-analytics.com/ga.js', 'http://www.google-analytics.com/ga.js', 'http://upload.ci.com/sitePage/1//www.google-analytics.com/ga.js', 'd:/web/www/webStudio/wwwroot/uploadfile/sitePage/1//www.google-analytics.com/ga.js', 0, 0),
(1183, 1, 1, 'http://image.39.net/sports/js/common.js', 'http://image.39.net/sports/js/common.js', 'http://upload.ci.com/sitePage/1//image.39.net/sports/js/common.js', 'd:/web/www/webStudio/wwwroot/uploadfile/sitePage/1//image.39.net/sports/js/common.js', 0, 0),
(1184, 1, 1, 'http://image.39.net/js/function.js', 'http://image.39.net/js/function.js', 'http://upload.ci.com/sitePage/1//image.39.net/js/function.js', 'd:/web/www/webStudio/wwwroot/uploadfile/sitePage/1//image.39.net/js/function.js', 0, 0),
(1185, 1, 1, 'http://hits.39.net/Scripts/jquery-1.4.1.min.js', 'http://hits.39.net/Scripts/jquery-1.4.1.min.js', 'http://upload.ci.com/sitePage/1//hits.39.net/Scripts/jquery-1.4.1.min.js', 'd:/web/www/webStudio/wwwroot/uploadfile/sitePage/1//hits.39.net/Scripts/jquery-1.4.1.min.js', 0, 0),
(1186, 1, 1, 'http://hits.39.net/Scripts/mouseonclick.js', 'http://hits.39.net/Scripts/mouseonclick.js', 'http://upload.ci.com/sitePage/1//hits.39.net/Scripts/mouseonclick.js', 'd:/web/www/webStudio/wwwroot/uploadfile/sitePage/1//hits.39.net/Scripts/mouseonclick.js', 0, 0),
(1187, 1, 1, 'http://my.39.net/post.ashx?action=NavGetUserData&pid=18515178', 'http://my.39.net/post.ashx?action=NavGetUserData&pid=18515178', 'http://upload.ci.com/sitePage/1//my.39.net/post.ashx?action=NavGetUserData&pid=18515178', 'd:/web/www/webStudio/wwwroot/uploadfile/sitePage/1//my.39.net/post.ashx?action=NavGetUserData&pid=18515178', 0, 0),
(1188, 1, 1, '''+ url +''', '''+ url +''', 'http://upload.ci.com/sitePage/1/''+ url +''', 'd:/web/www/webStudio/wwwroot/uploadfile/sitePage/1/''+ url +''', 0, 0),
(1189, 1, 1, 'http://www.39.net/gy/39top_login.js', 'http://www.39.net/gy/39top_login.js', 'http://upload.ci.com/sitePage/1//www.39.net/gy/39top_login.js', 'd:/web/www/webStudio/wwwroot/uploadfile/sitePage/1//www.39.net/gy/39top_login.js', 0, 0),
(1190, 1, 1, 'http://my.39.net/js/NavLogin.js?v20100827', 'http://my.39.net/js/NavLogin.js?v20100827', 'http://upload.ci.com/sitePage/1//my.39.net/js/NavLogin.js?v20100827', 'd:/web/www/webStudio/wwwroot/uploadfile/sitePage/1//my.39.net/js/NavLogin.js?v20100827', 0, 0),
(1191, 1, 1, 'http://dpvc.39.net/ADPolestar/lgs/door/;ap=65409c98-8aaf-452f-92c6-94cf243c5ecb&ct=i&pw=970&ph=90&mv=710&er=&ir=f&pu=san9?', 'http://dpvc.39.net/ADPolestar/lgs/door/;ap=65409c98-8aaf-452f-92c6-94cf243c5ecb&ct=i&pw=970&ph=90&mv=710&er=&ir=f&pu=san9?', 'http://upload.ci.com/sitePage/1//dpvc.39.net/ADPolestar/lgs/door/;ap=65409c98-8aaf-452f-92c6-94cf243c5ecb&ct=i&pw=970&ph=90&mv=710&er=&ir=f&pu=san9?', 'd:/web/www/webStudio/wwwroot/uploadfile/sitePage/1//dpvc.39.net/ADPolestar/lgs/door/;ap=65409c98-8aaf-452f-92c6-94cf243c5ecb&ct=i&pw=970&ph=90&mv=710&er=&ir=f&pu=san9?', 0, 0),
(1192, 1, 1, 'http://pimg.39.net/PictureLib/A/CT1500016770/CT1500016777/2013-08-02/201308021039064135.jpg', 'http://pimg.39.net/PictureLib/A/CT1500016770/CT1500016777/2013-08-02/201308021039064135.jpg', 'http://upload.ci.com/sitePage/1//pimg.39.net/PictureLib/A/CT1500016770/CT1500016777/2013-08-02/201308021039064135.jpg', 'd:/web/www/webStudio/wwwroot/uploadfile/sitePage/1//pimg.39.net/PictureLib/A/CT1500016770/CT1500016777/2013-08-02/201308021039064135.jpg', 0, 0),
(1193, 1, 1, 'http://pimg.39.net/PictureLib/A/CT1500016770/CT1500016777/2013-07-24/201307241139440034.jpg', 'http://pimg.39.net/PictureLib/A/CT1500016770/CT1500016777/2013-07-24/201307241139440034.jpg', 'http://upload.ci.com/sitePage/1//pimg.39.net/PictureLib/A/CT1500016770/CT1500016777/2013-07-24/201307241139440034.jpg', 'd:/web/www/webStudio/wwwroot/uploadfile/sitePage/1//pimg.39.net/PictureLib/A/CT1500016770/CT1500016777/2013-07-24/201307241139440034.jpg', 0, 0),
(1194, 1, 1, 'http://pimg.39.net/PictureLib/A/CT1500016770/CT1500016777/2013-07-15/201307151119532004.jpg', 'http://pimg.39.net/PictureLib/A/CT1500016770/CT1500016777/2013-07-15/201307151119532004.jpg', 'http://upload.ci.com/sitePage/1//pimg.39.net/PictureLib/A/CT1500016770/CT1500016777/2013-07-15/201307151119532004.jpg', 'd:/web/www/webStudio/wwwroot/uploadfile/sitePage/1//pimg.39.net/PictureLib/A/CT1500016770/CT1500016777/2013-07-15/201307151119532004.jpg', 0, 0),
(1195, 1, 1, 'http://image.39.net/2012/06/20120620_100x120.jpg', 'http://image.39.net/2012/06/20120620_100x120.jpg', 'http://upload.ci.com/sitePage/1//image.39.net/2012/06/20120620_100x120.jpg', 'd:/web/www/webStudio/wwwroot/uploadfile/sitePage/1//image.39.net/2012/06/20120620_100x120.jpg', 0, 0),
(1196, 1, 1, 'http://dpvc.39.net/adpolestar/door/;ap=BCD7E9F7_D600_097F_8716_C89A9C95BDD9;ct=if;pu=san9;/?', 'http://dpvc.39.net/adpolestar/door/;ap=BCD7E9F7_D600_097F_8716_C89A9C95BDD9;ct=if;pu=san9;/?', 'http://upload.ci.com/sitePage/1//dpvc.39.net/adpolestar/door/;ap=BCD7E9F7_D600_097F_8716_C89A9C95BDD9;ct=if;pu=san9;/?', 'd:/web/www/webStudio/wwwroot/uploadfile/sitePage/1//dpvc.39.net/adpolestar/door/;ap=BCD7E9F7_D600_097F_8716_C89A9C95BDD9;ct=if;pu=san9;/?', 0, 0),
(1197, 1, 1, 'http://pimg.39.net/PictureLib/A/CT1500016770/CT1500016777/2013-05-30/201305301449136642.jpg', 'http://pimg.39.net/PictureLib/A/CT1500016770/CT1500016777/2013-05-30/201305301449136642.jpg', 'http://upload.ci.com/sitePage/1//pimg.39.net/PictureLib/A/CT1500016770/CT1500016777/2013-05-30/201305301449136642.jpg', 'd:/web/www/webStudio/wwwroot/uploadfile/sitePage/1//pimg.39.net/PictureLib/A/CT1500016770/CT1500016777/2013-05-30/201305301449136642.jpg', 0, 0),
(1198, 1, 1, 'http://dpvc.39.net/ADPolestar/lgs/door/;ap=4c99ea76-94b4-4b61-9e23-157be2cdcb00&ct=i&pw=210&ph=120&mv=710&er=&ir=f&pu=san9?', 'http://dpvc.39.net/ADPolestar/lgs/door/;ap=4c99ea76-94b4-4b61-9e23-157be2cdcb00&ct=i&pw=210&ph=120&mv=710&er=&ir=f&pu=san9?', 'http://upload.ci.com/sitePage/1//dpvc.39.net/ADPolestar/lgs/door/;ap=4c99ea76-94b4-4b61-9e23-157be2cdcb00&ct=i&pw=210&ph=120&mv=710&er=&ir=f&pu=san9?', 'd:/web/www/webStudio/wwwroot/uploadfile/sitePage/1//dpvc.39.net/ADPolestar/lgs/door/;ap=4c99ea76-94b4-4b61-9e23-157be2cdcb00&ct=i&pw=210&ph=120&mv=710&er=&ir=f&pu=san9?', 0, 0),
(1199, 1, 1, 'http://dpvc.39.net/ADPolestar/lgs/door/;ap=c2a34038-720e-45df-a91c-a53bfb6f61c1&ct=i&pw=210&ph=120&mv=710&er=&ir=f&pu=san9?', 'http://dpvc.39.net/ADPolestar/lgs/door/;ap=c2a34038-720e-45df-a91c-a53bfb6f61c1&ct=i&pw=210&ph=120&mv=710&er=&ir=f&pu=san9?', 'http://upload.ci.com/sitePage/1//dpvc.39.net/ADPolestar/lgs/door/;ap=c2a34038-720e-45df-a91c-a53bfb6f61c1&ct=i&pw=210&ph=120&mv=710&er=&ir=f&pu=san9?', 'd:/web/www/webStudio/wwwroot/uploadfile/sitePage/1//dpvc.39.net/ADPolestar/lgs/door/;ap=c2a34038-720e-45df-a91c-a53bfb6f61c1&ct=i&pw=210&ph=120&mv=710&er=&ir=f&pu=san9?', 0, 0),
(1200, 1, 1, 'http://dpvc.39.net/adpolestar/door/;ap=BF34C504_C900_12F6_59AB_FA7F9BAF31FC;ct=if;pu=san9;/?', 'http://dpvc.39.net/adpolestar/door/;ap=BF34C504_C900_12F6_59AB_FA7F9BAF31FC;ct=if;pu=san9;/?', 'http://upload.ci.com/sitePage/1//dpvc.39.net/adpolestar/door/;ap=BF34C504_C900_12F6_59AB_FA7F9BAF31FC;ct=if;pu=san9;/?', 'd:/web/www/webStudio/wwwroot/uploadfile/sitePage/1//dpvc.39.net/adpolestar/door/;ap=BF34C504_C900_12F6_59AB_FA7F9BAF31FC;ct=if;pu=san9;/?', 0, 0),
(1201, 1, 1, 'http://dpvc.39.net/adpolestar/door/;ap=D5CB5EEA_5378_347A_B05E_68D2CBCC6974;ct=if;pu=san9;/?', 'http://dpvc.39.net/adpolestar/door/;ap=D5CB5EEA_5378_347A_B05E_68D2CBCC6974;ct=if;pu=san9;/?', 'http://upload.ci.com/sitePage/1//dpvc.39.net/adpolestar/door/;ap=D5CB5EEA_5378_347A_B05E_68D2CBCC6974;ct=if;pu=san9;/?', 'd:/web/www/webStudio/wwwroot/uploadfile/sitePage/1//dpvc.39.net/adpolestar/door/;ap=D5CB5EEA_5378_347A_B05E_68D2CBCC6974;ct=if;pu=san9;/?', 0, 0),
(1202, 1, 1, 'http://pimg.39.net/PictureLib/A/CT1500016770/CT1500016777/2013-05-30/201305301455598621.jpg', 'http://pimg.39.net/PictureLib/A/CT1500016770/CT1500016777/2013-05-30/201305301455598621.jpg', 'http://upload.ci.com/sitePage/1//pimg.39.net/PictureLib/A/CT1500016770/CT1500016777/2013-05-30/201305301455598621.jpg', 'd:/web/www/webStudio/wwwroot/uploadfile/sitePage/1//pimg.39.net/PictureLib/A/CT1500016770/CT1500016777/2013-05-30/201305301455598621.jpg', 0, 0),
(1203, 1, 1, 'http://pimg.39.net/PictureLib/A/CT1500016770/CT1500016777/2012-08-24/201208241043110573.jpg', 'http://pimg.39.net/PictureLib/A/CT1500016770/CT1500016777/2012-08-24/201208241043110573.jpg', 'http://upload.ci.com/sitePage/1//pimg.39.net/PictureLib/A/CT1500016770/CT1500016777/2012-08-24/201208241043110573.jpg', 'd:/web/www/webStudio/wwwroot/uploadfile/sitePage/1//pimg.39.net/PictureLib/A/CT1500016770/CT1500016777/2012-08-24/201208241043110573.jpg', 0, 0),
(1204, 1, 1, 'http://pimg.39.net/PictureLib/A/CT1500016770/CT1500016777/2012-08-17/201208171056229495.jpg', 'http://pimg.39.net/PictureLib/A/CT1500016770/CT1500016777/2012-08-17/201208171056229495.jpg', 'http://upload.ci.com/sitePage/1//pimg.39.net/PictureLib/A/CT1500016770/CT1500016777/2012-08-17/201208171056229495.jpg', 'd:/web/www/webStudio/wwwroot/uploadfile/sitePage/1//pimg.39.net/PictureLib/A/CT1500016770/CT1500016777/2012-08-17/201208171056229495.jpg', 0, 0),
(1205, 1, 1, 'http://pimg.39.net/PictureLib/A/CT1500016770/CT1500016777/2012-08-08/201208081117564205.jpg', 'http://pimg.39.net/PictureLib/A/CT1500016770/CT1500016777/2012-08-08/201208081117564205.jpg', 'http://upload.ci.com/sitePage/1//pimg.39.net/PictureLib/A/CT1500016770/CT1500016777/2012-08-08/201208081117564205.jpg', 'd:/web/www/webStudio/wwwroot/uploadfile/sitePage/1//pimg.39.net/PictureLib/A/CT1500016770/CT1500016777/2012-08-08/201208081117564205.jpg', 0, 0),
(1206, 1, 1, 'http://pimg.39.net/PictureLib/A/CT1500016770/CT1500016777/2012-08-01/201208011128452366.jpg', 'http://pimg.39.net/PictureLib/A/CT1500016770/CT1500016777/2012-08-01/201208011128452366.jpg', 'http://upload.ci.com/sitePage/1//pimg.39.net/PictureLib/A/CT1500016770/CT1500016777/2012-08-01/201208011128452366.jpg', 'd:/web/www/webStudio/wwwroot/uploadfile/sitePage/1//pimg.39.net/PictureLib/A/CT1500016770/CT1500016777/2012-08-01/201208011128452366.jpg', 0, 0),
(1207, 1, 1, 'http://pimg.39.net/PictureLib/A/CT1500016770/CT1500016777/2012-07-27/201207271431450337.jpg', 'http://pimg.39.net/PictureLib/A/CT1500016770/CT1500016777/2012-07-27/201207271431450337.jpg', 'http://upload.ci.com/sitePage/1//pimg.39.net/PictureLib/A/CT1500016770/CT1500016777/2012-07-27/201207271431450337.jpg', 'd:/web/www/webStudio/wwwroot/uploadfile/sitePage/1//pimg.39.net/PictureLib/A/CT1500016770/CT1500016777/2012-07-27/201207271431450337.jpg', 0, 0),
(1208, 1, 1, 'http://pimg.39.net/PictureLib/A/CT1500016770/CT1500016777/2012-07-25/201207251041415483.jpg', 'http://pimg.39.net/PictureLib/A/CT1500016770/CT1500016777/2012-07-25/201207251041415483.jpg', 'http://upload.ci.com/sitePage/1//pimg.39.net/PictureLib/A/CT1500016770/CT1500016777/2012-07-25/201207251041415483.jpg', 'd:/web/www/webStudio/wwwroot/uploadfile/sitePage/1//pimg.39.net/PictureLib/A/CT1500016770/CT1500016777/2012-07-25/201207251041415483.jpg', 0, 0),
(1209, 1, 1, 'http://pimg.39.net/PictureLib/A/CT1500016770/CT1500016777/2012-07-17/201207171108523057.jpg', 'http://pimg.39.net/PictureLib/A/CT1500016770/CT1500016777/2012-07-17/201207171108523057.jpg', 'http://upload.ci.com/sitePage/1//pimg.39.net/PictureLib/A/CT1500016770/CT1500016777/2012-07-17/201207171108523057.jpg', 'd:/web/www/webStudio/wwwroot/uploadfile/sitePage/1//pimg.39.net/PictureLib/A/CT1500016770/CT1500016777/2012-07-17/201207171108523057.jpg', 0, 0),
(1210, 1, 1, 'http://pimg.39.net/PictureLib/A/CT1500016770/CT1500016777/2012-07-11/201207111057378516.jpg', 'http://pimg.39.net/PictureLib/A/CT1500016770/CT1500016777/2012-07-11/201207111057378516.jpg', 'http://upload.ci.com/sitePage/1//pimg.39.net/PictureLib/A/CT1500016770/CT1500016777/2012-07-11/201207111057378516.jpg', 'd:/web/www/webStudio/wwwroot/uploadfile/sitePage/1//pimg.39.net/PictureLib/A/CT1500016770/CT1500016777/2012-07-11/201207111057378516.jpg', 0, 0),
(1211, 1, 1, 'http://dpvc.39.net/adpolestar/door/;ap=549402D4_8D49_F6B4_D8A2_61C1D7285692;ct=if;pu=san9;/?', 'http://dpvc.39.net/adpolestar/door/;ap=549402D4_8D49_F6B4_D8A2_61C1D7285692;ct=if;pu=san9;/?', 'http://upload.ci.com/sitePage/1//dpvc.39.net/adpolestar/door/;ap=549402D4_8D49_F6B4_D8A2_61C1D7285692;ct=if;pu=san9;/?', 'd:/web/www/webStudio/wwwroot/uploadfile/sitePage/1//dpvc.39.net/adpolestar/door/;ap=549402D4_8D49_F6B4_D8A2_61C1D7285692;ct=if;pu=san9;/?', 0, 0),
(1212, 1, 1, 'http://pimg.39.net/PictureLib/A/CT1500016770/CT1500016777/2012-10-10/201210101125034996.jpg', 'http://pimg.39.net/PictureLib/A/CT1500016770/CT1500016777/2012-10-10/201210101125034996.jpg', 'http://upload.ci.com/sitePage/1//pimg.39.net/PictureLib/A/CT1500016770/CT1500016777/2012-10-10/201210101125034996.jpg', 'd:/web/www/webStudio/wwwroot/uploadfile/sitePage/1//pimg.39.net/PictureLib/A/CT1500016770/CT1500016777/2012-10-10/201210101125034996.jpg', 0, 0),
(1213, 1, 1, 'http://pimg.39.net/PictureLib/A/CT1500016770/CT1500016777/2012-08-02/201208021140479821.jpg', 'http://pimg.39.net/PictureLib/A/CT1500016770/CT1500016777/2012-08-02/201208021140479821.jpg', 'http://upload.ci.com/sitePage/1//pimg.39.net/PictureLib/A/CT1500016770/CT1500016777/2012-08-02/201208021140479821.jpg', 'd:/web/www/webStudio/wwwroot/uploadfile/sitePage/1//pimg.39.net/PictureLib/A/CT1500016770/CT1500016777/2012-08-02/201208021140479821.jpg', 0, 0),
(1214, 1, 1, 'http://pimg.39.net/PictureLib/A/CT1500016770/CT1500016777/2012-12-21/201212211112498100.jpg', 'http://pimg.39.net/PictureLib/A/CT1500016770/CT1500016777/2012-12-21/201212211112498100.jpg', 'http://upload.ci.com/sitePage/1//pimg.39.net/PictureLib/A/CT1500016770/CT1500016777/2012-12-21/201212211112498100.jpg', 'd:/web/www/webStudio/wwwroot/uploadfile/sitePage/1//pimg.39.net/PictureLib/A/CT1500016770/CT1500016777/2012-12-21/201212211112498100.jpg', 0, 0),
(1215, 1, 1, 'http://image.39.net/116/27/882126_18075.jpg', 'http://image.39.net/116/27/882126_18075.jpg', 'http://upload.ci.com/sitePage/1//image.39.net/116/27/882126_18075.jpg', 'd:/web/www/webStudio/wwwroot/uploadfile/sitePage/1//image.39.net/116/27/882126_18075.jpg', 0, 0),
(1216, 1, 1, 'http://image.39.net/2011/10/871006_article-1360918-0d5fc695000005dc-676_468x286.jpg', 'http://image.39.net/2011/10/871006_article-1360918-0d5fc695000005dc-676_468x286.jpg', 'http://upload.ci.com/sitePage/1//image.39.net/2011/10/871006_article-1360918-0d5fc695000005dc-676_468x286.jpg', 'd:/web/www/webStudio/wwwroot/uploadfile/sitePage/1//image.39.net/2011/10/871006_article-1360918-0d5fc695000005dc-676_468x286.jpg', 0, 0),
(1217, 1, 1, 'http://pimg.39.net/PictureLib/A/CT1500016770/CT1500016777/2013-07-24/201307241153223651.jpg', 'http://pimg.39.net/PictureLib/A/CT1500016770/CT1500016777/2013-07-24/201307241153223651.jpg', 'http://upload.ci.com/sitePage/1//pimg.39.net/PictureLib/A/CT1500016770/CT1500016777/2013-07-24/201307241153223651.jpg', 'd:/web/www/webStudio/wwwroot/uploadfile/sitePage/1//pimg.39.net/PictureLib/A/CT1500016770/CT1500016777/2013-07-24/201307241153223651.jpg', 0, 0),
(1218, 1, 1, 'http://pimg.39.net/PictureLib/A/CT1500016770/CT1500016777/2012-08-02/201208021143022060.jpg', 'http://pimg.39.net/PictureLib/A/CT1500016770/CT1500016777/2012-08-02/201208021143022060.jpg', 'http://upload.ci.com/sitePage/1//pimg.39.net/PictureLib/A/CT1500016770/CT1500016777/2012-08-02/201208021143022060.jpg', 'd:/web/www/webStudio/wwwroot/uploadfile/sitePage/1//pimg.39.net/PictureLib/A/CT1500016770/CT1500016777/2012-08-02/201208021143022060.jpg', 0, 0),
(1219, 1, 1, 'http://pimg.39.net/PictureLib/A/CT1500016770/CT1500016777/2013-07-24/201307241153225369.jpg', 'http://pimg.39.net/PictureLib/A/CT1500016770/CT1500016777/2013-07-24/201307241153225369.jpg', 'http://upload.ci.com/sitePage/1//pimg.39.net/PictureLib/A/CT1500016770/CT1500016777/2013-07-24/201307241153225369.jpg', 'd:/web/www/webStudio/wwwroot/uploadfile/sitePage/1//pimg.39.net/PictureLib/A/CT1500016770/CT1500016777/2013-07-24/201307241153225369.jpg', 0, 0),
(1220, 1, 1, 'http://pimg.39.net/PictureLib/A/CT1500016770/CT1500016777/2012-08-02/201208021125037739.jpg', 'http://pimg.39.net/PictureLib/A/CT1500016770/CT1500016777/2012-08-02/201208021125037739.jpg', 'http://upload.ci.com/sitePage/1//pimg.39.net/PictureLib/A/CT1500016770/CT1500016777/2012-08-02/201208021125037739.jpg', 'd:/web/www/webStudio/wwwroot/uploadfile/sitePage/1//pimg.39.net/PictureLib/A/CT1500016770/CT1500016777/2012-08-02/201208021125037739.jpg', 0, 0),
(1221, 1, 1, 'http://pimg.39.net/PictureLib/A/CT1500016770/CT1500016777/2012-08-02/201208021122546752.jpg', 'http://pimg.39.net/PictureLib/A/CT1500016770/CT1500016777/2012-08-02/201208021122546752.jpg', 'http://upload.ci.com/sitePage/1//pimg.39.net/PictureLib/A/CT1500016770/CT1500016777/2012-08-02/201208021122546752.jpg', 'd:/web/www/webStudio/wwwroot/uploadfile/sitePage/1//pimg.39.net/PictureLib/A/CT1500016770/CT1500016777/2012-08-02/201208021122546752.jpg', 0, 0),
(1222, 1, 1, 'http://pimg.39.net/PictureLib/A/CT1500016770/CT1500016777/2012-08-02/201208021126312461.jpg', 'http://pimg.39.net/PictureLib/A/CT1500016770/CT1500016777/2012-08-02/201208021126312461.jpg', 'http://upload.ci.com/sitePage/1//pimg.39.net/PictureLib/A/CT1500016770/CT1500016777/2012-08-02/201208021126312461.jpg', 'd:/web/www/webStudio/wwwroot/uploadfile/sitePage/1//pimg.39.net/PictureLib/A/CT1500016770/CT1500016777/2012-08-02/201208021126312461.jpg', 0, 0),
(1223, 1, 1, 'http://image.39.net/2012/06/20120628_200x250.jpg', 'http://image.39.net/2012/06/20120628_200x250.jpg', 'http://upload.ci.com/sitePage/1//image.39.net/2012/06/20120628_200x250.jpg', 'd:/web/www/webStudio/wwwroot/uploadfile/sitePage/1//image.39.net/2012/06/20120628_200x250.jpg', 0, 0),
(1224, 1, 1, 'http://image.39.net/2011/08/20100912201030364.jpg', 'http://image.39.net/2011/08/20100912201030364.jpg', 'http://upload.ci.com/sitePage/1//image.39.net/2011/08/20100912201030364.jpg', 'd:/web/www/webStudio/wwwroot/uploadfile/sitePage/1//image.39.net/2011/08/20100912201030364.jpg', 0, 0),
(1225, 1, 1, 'http://image.39.net/2011/06/133100_7.jpg', 'http://image.39.net/2011/06/133100_7.jpg', 'http://upload.ci.com/sitePage/1//image.39.net/2011/06/133100_7.jpg', 'd:/web/www/webStudio/wwwroot/uploadfile/sitePage/1//image.39.net/2011/06/133100_7.jpg', 0, 0),
(1226, 1, 1, 'http://image.39.net/2011/06/133100_5.jpg', 'http://image.39.net/2011/06/133100_5.jpg', 'http://upload.ci.com/sitePage/1//image.39.net/2011/06/133100_5.jpg', 'd:/web/www/webStudio/wwwroot/uploadfile/sitePage/1//image.39.net/2011/06/133100_5.jpg', 0, 0),
(1227, 1, 1, 'http://image.39.net/2011/06/133100_4.jpg', 'http://image.39.net/2011/06/133100_4.jpg', 'http://upload.ci.com/sitePage/1//image.39.net/2011/06/133100_4.jpg', 'd:/web/www/webStudio/wwwroot/uploadfile/sitePage/1//image.39.net/2011/06/133100_4.jpg', 0, 0),
(1228, 1, 1, 'http://image.39.net/2011/06/133100_3.jpg', 'http://image.39.net/2011/06/133100_3.jpg', 'http://upload.ci.com/sitePage/1//image.39.net/2011/06/133100_3.jpg', 'd:/web/www/webStudio/wwwroot/uploadfile/sitePage/1//image.39.net/2011/06/133100_3.jpg', 0, 0),
(1229, 1, 1, 'http://image.39.net/tools/djan.js', 'http://image.39.net/tools/djan.js', 'http://upload.ci.com/sitePage/1//image.39.net/tools/djan.js', 'd:/web/www/webStudio/wwwroot/uploadfile/sitePage/1//image.39.net/tools/djan.js', 0, 0),
(1230, 1, 1, 'http://wt.39.net/js/wt.js', 'http://wt.39.net/js/wt.js', 'http://upload.ci.com/sitePage/1//wt.39.net/js/wt.js', 'd:/web/www/webStudio/wwwroot/uploadfile/sitePage/1//wt.39.net/js/wt.js', 0, 0),
(1231, 1, 1, 'http://app-g.39.net/NNN/same.php?url=http%3A//sports.39.net/', 'http://app-g.39.net/NNN/same.php?url=http%3A//sports.39.net/', 'http://upload.ci.com/sitePage/1//app-g.39.net/NNN/same.php?url=http%3A//sports.39.net/', 'd:/web/www/webStudio/wwwroot/uploadfile/sitePage/1//app-g.39.net/NNN/same.php?url=http%3A//sports.39.net/', 0, 0),
(1232, 1, 1, 'http://image.39.net/tools/3.js', 'http://image.39.net/tools/3.js', 'http://upload.ci.com/sitePage/1//image.39.net/tools/3.js', 'd:/web/www/webStudio/wwwroot/uploadfile/sitePage/1//image.39.net/tools/3.js', 0, 0),
(1233, 1, 1, 'http://image.39.net/tools/bdtj20120508.js', 'http://image.39.net/tools/bdtj20120508.js', 'http://upload.ci.com/sitePage/1//image.39.net/tools/bdtj20120508.js', 'd:/web/www/webStudio/wwwroot/uploadfile/sitePage/1//image.39.net/tools/bdtj20120508.js', 0, 0),
(1234, 1, 1, 'http://hm.baidu.com/h.js?ab2e5965345c61109c5e97c34de8026a', 'http://hm.baidu.com/h.js?ab2e5965345c61109c5e97c34de8026a', 'http://upload.ci.com/sitePage/1//hm.baidu.com/h.js?ab2e5965345c61109c5e97c34de8026a', 'd:/web/www/webStudio/wwwroot/uploadfile/sitePage/1//hm.baidu.com/h.js?ab2e5965345c61109c5e97c34de8026a', 0, 0),
(1235, 1, 1, 'http://image.39.net/tools/googleanalytics121112.js', 'http://image.39.net/tools/googleanalytics121112.js', 'http://upload.ci.com/sitePage/1//image.39.net/tools/googleanalytics121112.js', 'd:/web/www/webStudio/wwwroot/uploadfile/sitePage/1//image.39.net/tools/googleanalytics121112.js', 0, 0),
(1236, 1, 1, 'http://dpvc.39.net/adpolestar/door/;ap=E5983F28_B0CA_AA24_E5EC_D7E4F4D65245;ct=js;pu=san9;/?', 'http://dpvc.39.net/adpolestar/door/;ap=E5983F28_B0CA_AA24_E5EC_D7E4F4D65245;ct=js;pu=san9;/?', 'http://upload.ci.com/sitePage/1//dpvc.39.net/adpolestar/door/;ap=E5983F28_B0CA_AA24_E5EC_D7E4F4D65245;ct=js;pu=san9;/?', 'd:/web/www/webStudio/wwwroot/uploadfile/sitePage/1//dpvc.39.net/adpolestar/door/;ap=E5983F28_B0CA_AA24_E5EC_D7E4F4D65245;ct=js;pu=san9;/?', 0, 0),
(1237, 1, 1, 'http://dpvc.39.net/adpolestar/door/;ap=E4208AA3_5C7B_9509_28DA_C593DEBAA030;ct=js;pu=san9;/?', 'http://dpvc.39.net/adpolestar/door/;ap=E4208AA3_5C7B_9509_28DA_C593DEBAA030;ct=js;pu=san9;/?', 'http://upload.ci.com/sitePage/1//dpvc.39.net/adpolestar/door/;ap=E4208AA3_5C7B_9509_28DA_C593DEBAA030;ct=js;pu=san9;/?', 'd:/web/www/webStudio/wwwroot/uploadfile/sitePage/1//dpvc.39.net/adpolestar/door/;ap=E4208AA3_5C7B_9509_28DA_C593DEBAA030;ct=js;pu=san9;/?', 0, 0),
(1238, 1, 1, 'http://dpvc.39.net/adpolestar/door/;ap=3F392261_8F78_1408_3001_EE56B97C46A4;ct=js;pu=san9;/?', 'http://dpvc.39.net/adpolestar/door/;ap=3F392261_8F78_1408_3001_EE56B97C46A4;ct=js;pu=san9;/?', 'http://upload.ci.com/sitePage/1//dpvc.39.net/adpolestar/door/;ap=3F392261_8F78_1408_3001_EE56B97C46A4;ct=js;pu=san9;/?', 'd:/web/www/webStudio/wwwroot/uploadfile/sitePage/1//dpvc.39.net/adpolestar/door/;ap=3F392261_8F78_1408_3001_EE56B97C46A4;ct=js;pu=san9;/?', 0, 0),
(1239, 1, 1, 'http://yyk.39.net/search/hospital', 'http://yyk.39.net/search/hospital', 'http://upload.ci.com/sitePage/1//yyk.39.net/search/hospital', 'd:/web/www/webStudio/wwwroot/uploadfile/sitePage/1//yyk.39.net/search/hospital', 0, 0),
(1240, 1, 1, '+ url +', '+ url +', 'http://upload.ci.com/sitePage/1/+ url +', 'd:/web/www/webStudio/wwwroot/uploadfile/sitePage/1/+ url +', 0, 0),
(1241, 1, 1, 'top_loginbox', 'top_loginbox', 'http://upload.ci.com/sitePage/1/top_loginbox', 'd:/web/www/webStudio/wwwroot/uploadfile/sitePage/1/top_loginbox', 0, 0),
(1242, 1, 1, 'new_zt_navi', 'new_zt_navi', 'http://upload.ci.com/sitePage/1/new_zt_navi', 'd:/web/www/webStudio/wwwroot/uploadfile/sitePage/1/new_zt_navi', 0, 0),
(1243, 1, 1, 'h', 'h', 'http://upload.ci.com/sitePage/1/h', 'd:/web/www/webStudio/wwwroot/uploadfile/sitePage/1/h', 0, 0),
(1244, 1, 1, 'document.getElementById("', 'document.getElementById("', 'http://upload.ci.com/sitePage/1/document.getElementById("', 'd:/web/www/webStudio/wwwroot/uploadfile/sitePage/1/document.getElementById("', 0, 0),
(1245, 1, 1, 'http://sports.39.net/rss.xml" title="39', 'http://sports.39.net/rss.xml" title="39', 'http://upload.ci.com/sitePage/1//sports.39.net/rss.xml" title="39', 'd:/web/www/webStudio/wwwroot/uploadfile/sitePage/1//sports.39.net/rss.xml" title="39', 0, 0),
(1246, 1, 1, 'http://image.39.net/sports/css/sports2011.css', 'http://image.39.net/sports/css/sports2011.css', 'http://upload.ci.com/sitePage/1//image.39.net/sports/css/sports2011.css', 'd:/web/www/webStudio/wwwroot/uploadfile/sitePage/1//image.39.net/sports/css/sports2011.css', 0, 0),
(1247, 1, 1, 'http://image.39.net/on_new.css', 'http://image.39.net/on_new.css', 'http://upload.ci.com/sitePage/1//image.39.net/on_new.css', 'd:/web/www/webStudio/wwwroot/uploadfile/sitePage/1//image.39.net/on_new.css', 0, 0);

-- --------------------------------------------------------

--
-- 表的结构 `ss_site_page`
--

CREATE TABLE IF NOT EXISTS `ss_site_page` (
  `id` smallint(5) unsigned NOT NULL AUTO_INCREMENT COMMENT '页面ID',
  `site_id` smallint(5) unsigned NOT NULL COMMENT '页面所属站点',
  `name` varchar(30) NOT NULL COMMENT '页面名称',
  `pageurl` varchar(100) NOT NULL COMMENT '页面源地址',
  `baseurl` varchar(100) NOT NULL,
  PRIMARY KEY (`id`)
) ENGINE=MyISAM  DEFAULT CHARSET=utf8 AUTO_INCREMENT=13 ;

--
-- 转存表中的数据 `ss_site_page`
--

INSERT INTO `ss_site_page` (`id`, `site_id`, `name`, `pageurl`, `baseurl`) VALUES
(1, 1, '39健身首页', 'http://sports.39.net/', ''),
(2, 2, '爱之谷首页', 'http://www.aizhigu.com.cn/', 'http://www.aizhigu.com.cn/'),
(3, 3, '久久健身首页', 'http://js.9939.com/', 'http://www.9939.com/'),
(4, 3, '久久样式99392wm', 'http://www.9939.com/9939/style/99392wm.css', 'http://www.9939.com/9939/'),
(5, 3, '久久样式slide.css', 'http://www.9939.com/9939/style/slide.css', 'http://www.9939.com/9939/'),
(6, 3, '久久样式lf-bottom', 'http://www.9939.com/9939/style/lf-bottom.css', 'http://www.9939.com/9939/'),
(7, 3, '久久样式jianshen', 'http://www.9939.com/9939/style/jianshen.css', 'http://www.9939.com/9939/'),
(8, 3, '久久健身', 'http://www.9939.com/9939/style/granule.css', 'http://www.9939.com/9939/'),
(9, 2, '爱之谷样式980common_index', 'http://img.360chengren.com/styles/980common_index.css', 'http://img.360chengren.com/'),
(10, 2, '爱之谷样式980newindex', 'http://img.360chengren.com/styles/980newindex.css', 'http://img.360chengren.com/'),
(11, 2, '爱之谷1230newindex', 'http://img.360chengren.com/styles/1230newindex.css', 'http://img.360chengren.com/'),
(12, 2, '爱之谷样式1230comm', 'http://img.360chengren.com/styles/1230common_index.css', 'http://img.360chengren.com/');

-- --------------------------------------------------------

--
-- 表的结构 `ss_site_result`
--

CREATE TABLE IF NOT EXISTS `ss_site_result` (
  `id` int(8) NOT NULL AUTO_INCREMENT,
  `site_id` int(4) NOT NULL,
  `listpage_num` int(8) NOT NULL,
  `listpage_num_valid` int(8) NOT NULL,
  `listspider_num` int(8) NOT NULL,
  `listspider_num_valid` int(8) NOT NULL,
  `listcontent_num` int(8) NOT NULL,
  `listcontent_num_valid` int(8) NOT NULL,
  `contentpage_num` int(8) NOT NULL,
  `contentpage_num_valid` int(8) NOT NULL,
  `contentspider_num` int(8) NOT NULL,
  `contentspider_num_valid` int(8) NOT NULL,
  `getfile_num` int(8) NOT NULL,
  `getfile_num_valid` int(8) NOT NULL,
  `filespider_num` int(8) NOT NULL,
  `filespider_num_valid` int(8) NOT NULL,
  `publish_num` int(8) NOT NULL,
  `publish_num_valid` int(8) NOT NULL,
  `date` int(9) NOT NULL,
  PRIMARY KEY (`id`)
) ENGINE=MyISAM DEFAULT CHARSET=utf8 AUTO_INCREMENT=1 ;

/*!40101 SET CHARACTER_SET_CLIENT=@OLD_CHARACTER_SET_CLIENT */;
/*!40101 SET CHARACTER_SET_RESULTS=@OLD_CHARACTER_SET_RESULTS */;
/*!40101 SET COLLATION_CONNECTION=@OLD_COLLATION_CONNECTION */;
