-- phpMyAdmin SQL Dump
-- version 3.5.8.2
-- http://www.phpmyadmin.net
--
-- ä¸»æœº: localhost
-- ç”Ÿæˆæ—¥æœŸ: 2013 å¹?09 æœ?10 æ—?05:54
-- æœåŠ¡å™¨ç‰ˆæœ¬: 5.6.11
-- PHP ç‰ˆæœ¬: 5.5.1

SET SQL_MODE="NO_AUTO_VALUE_ON_ZERO";
SET time_zone = "+00:00";


/*!40101 SET @OLD_CHARACTER_SET_CLIENT=@@CHARACTER_SET_CLIENT */;
/*!40101 SET @OLD_CHARACTER_SET_RESULTS=@@CHARACTER_SET_RESULTS */;
/*!40101 SET @OLD_COLLATION_CONNECTION=@@COLLATION_CONNECTION */;
/*!40101 SET NAMES utf8 */;

--
-- æ•°æ®åº“: `studio_passport`
--

-- --------------------------------------------------------

--
-- è¡¨çš„ç»“æ„ `sp_admin_manager`
--

CREATE TABLE IF NOT EXISTS `sp_admin_manager` (
  `id` smallint(5) unsigned NOT NULL AUTO_INCREMENT COMMENT 'ç®¡ç†å‘˜ID',
  `username` varchar(20) NOT NULL COMMENT 'ç®¡ç†å‘˜å¸å·',
  `truename` varchar(30) NOT NULL,
  `password` char(32) NOT NULL COMMENT 'ç®¡ç†å‘˜å¯†ç ',
  `roleid` smallint(5) unsigned NOT NULL COMMENT 'ç®¡ç†å‘˜è§’è‰²',
  `email` varchar(40) NOT NULL COMMENT 'ç®¡ç†å‘˜E-mail',
  `encrypt` char(6) NOT NULL COMMENT 'è¾…åŠ©åŠ å¯†å­—ç¬¦ä¸²',
  `createtime` int(10) unsigned NOT NULL COMMENT 'åˆ›å»ºæ—¶é—´',
  `loginnum` smallint(5) unsigned NOT NULL COMMENT 'ç™»å½•æ¬¡æ•°',
  `lastip` varchar(15) NOT NULL COMMENT 'æœ€åç™»å½•IP',
  `lasttime` int(10) unsigned NOT NULL COMMENT 'æœ€åç™»å½•æ—¶é—´',
  `islock` enum('1','0') NOT NULL COMMENT 'æ˜¯å¦é”å®šï¼Œ0ï¼šé”å®šï¼Œ1ï¼šä¸é”å®š',
  `handpay_key` char(100) NOT NULL COMMENT 'äººå·¥æ”¯ä»˜å¯†é’¥',
  `handpay_en` char(10) NOT NULL COMMENT 'æ”¯ä»˜å¯†é’¥çŸ­è¯­',
  PRIMARY KEY (`id`),
  UNIQUE KEY `name` (`username`)
) ENGINE=MyISAM  DEFAULT CHARSET=utf8 AUTO_INCREMENT=3 ;

--
-- è½¬å­˜è¡¨ä¸­çš„æ•°æ® `sp_admin_manager`
--

INSERT INTO `sp_admin_manager` (`id`, `username`, `truename`, `password`, `roleid`, `email`, `encrypt`, `createtime`, `loginnum`, `lastip`, `lasttime`, `islock`, `handpay_key`, `handpay_en`) VALUES
(1, 'wangcanliang', '', '04ffd28d0a85e2050db77cbeeaa7d8ac', 1, '0', 'l9rIUD', 1361149565, 131, '127.0.0.1', 1378705114, '1', '2f5a45a93f1bb1824dbb649e85e3753d', 'tE4RTF'),
(2, 'wangcan', 'wang', '3b7bdee72acc991e195b29abf6ee2471', 3, 'eee@test.com', 'SEQ7TW', 1378707398, 7, '127.0.0.1', 1378774946, '1', '', '');

-- --------------------------------------------------------

--
-- è¡¨çš„ç»“æ„ `sp_admin_managerlog`
--

CREATE TABLE IF NOT EXISTS `sp_admin_managerlog` (
  `id` int(10) unsigned NOT NULL AUTO_INCREMENT COMMENT 'æ—¥å¿—ID',
  `userid` smallint(5) unsigned NOT NULL COMMENT 'ç®¡ç†å‘˜ID',
  `username` varchar(20) NOT NULL COMMENT 'ç®¡ç†å‘˜å¸å·',
  `roleid` smallint(5) unsigned NOT NULL COMMENT 'è§’è‰²ID',
  `role_name` varchar(50) NOT NULL COMMENT 'è§’è‰²åç§°',
  `menu_id` varchar(100) NOT NULL COMMENT 'èœå•ID',
  `menu_name` char(20) NOT NULL COMMENT 'èœå•åç§°',
  `data` mediumtext NOT NULL COMMENT 'æ“ä½œè¯¦æƒ…',
  `data_old` varchar(5000) NOT NULL,
  `logtype` varchar(20) NOT NULL,
  `ip` varchar(17) NOT NULL COMMENT 'æ“ä½œIP',
  `inputtime` int(10) unsigned NOT NULL COMMENT 'æ“ä½œæ—¶é—´',
  PRIMARY KEY (`id`)
) ENGINE=MyISAM  DEFAULT CHARSET=utf8 AUTO_INCREMENT=7 ;

--
-- è½¬å­˜è¡¨ä¸­çš„æ•°æ® `sp_admin_managerlog`
--

INSERT INTO `sp_admin_managerlog` (`id`, `userid`, `username`, `roleid`, `role_name`, `menu_id`, `menu_name`, `data`, `data_old`, `logtype`, `ip`, `inputtime`) VALUES
(1, 1, 'wangcanliang', 1, 'è¶…çº§ç®¡ç†å‘˜', '28', 'æ·»åŠ è§’è‰²', 'a:4:{s:4:"name";s:9:"ç®¡ç†å‘˜";s:11:"description";s:0:"";s:9:"listorder";s:0:"";s:6:"status";s:1:"1";}', 'a:0:{}', 'add', '127.0.0.1', 1378707355),
(2, 1, 'wangcanliang', 1, 'è¶…çº§ç®¡ç†å‘˜', '20', 'ç¼–è¾‘ç®¡ç†å‘˜', 'a:7:{s:8:"username";s:7:"wangcan";s:6:"roleid";s:1:"3";s:5:"email";s:12:"eee@test.com";s:6:"islock";s:1:"1";s:10:"createtime";i:1378707398;s:8:"password";s:32:"3b7bdee72acc991e195b29abf6ee2471";s:7:"encrypt";s:6:"SEQ7TW";}', 'a:14:{s:2:"id";s:1:"2";s:8:"username";s:7:"wangcan";s:8:"truename";s:4:"wang";s:8:"password";s:32:"37bbc5485e0993f7caf024ef545d5d5c";s:6:"roleid";s:1:"2";s:5:"email";s:12:"eee@test.com";s:7:"encrypt";s:6:"g9dYGv";s:10:"createtime";s:10:"1364371358";s:8:"loginnum";s:1:"3";s:6:"lastip";s:9:"127.0.0.1";s:8:"lasttime";s:10:"1362981487";s:6:"islock";s:1:"1";s:11:"handpay_key";s:0:"";s:10:"handpay_en";s:0:"";}', 'edit', '127.0.0.1', 1378707398),
(3, 2, 'wangcan', 3, 'ç®¡ç†å‘˜', '94', 'ç¼–è¾‘æ ç›®', 'a:14:{s:7:"catname";s:12:"è¯ºç“¦å¥‡å…µ";s:8:"parentid";s:1:"0";s:7:"modelid";s:1:"2";s:6:"catdir";s:4:"nova";s:5:"image";s:0:"";s:11:"description";s:18:"è¯ºç“¦å¥‡å…µèµ„è®¯";s:6:"ishtml";s:1:"1";s:8:"template";s:8:"list_big";s:10:"meta_title";s:0:"";s:13:"meta_keywords";s:0:"";s:16:"meta_description";s:0:"";s:9:"listorder";b:0;s:7:"urlrule";s:12:"biglist_html";s:11:"bind_domain";s:19:"http://nova.ci.com/";}', 'a:17:{s:2:"id";s:1:"8";s:7:"catname";s:12:"è¯ºç“¦å¥‡å…µ";s:6:"catdir";s:4:"nova";s:9:"parentdir";s:1:"/";s:5:"image";s:0:"";s:8:"parentid";s:1:"0";s:7:"modelid";s:1:"2";s:11:"bind_domain";s:0:"";s:3:"url";s:46:"http://webgame.kids.com/index/category?catid=8";s:9:"listorder";s:1:"0";s:11:"description";s:18:"è¯ºç“¦å¥‡å…µèµ„è®¯";s:8:"template";s:8:"list_big";s:10:"meta_title";s:0:"";s:13:"meta_keywords";s:0:"";s:16:"meta_description";s:0:"";s:7:"urlrule";s:12:"biglist_html";s:6:"ishtml";s:1:"1";}', 'edit', '127.0.0.1', 1378719466),
(4, 2, 'wangcan', 3, 'ç®¡ç†å‘˜', '94', 'ç¼–è¾‘æ ç›®', 'a:14:{s:7:"catname";s:12:"æ–°é—»å…¬å‘Š";s:8:"parentid";s:1:"8";s:7:"modelid";s:1:"2";s:6:"catdir";s:4:"xwgg";s:5:"image";s:0:"";s:11:"description";s:12:"è¯ºç“¦æ–°é—»";s:6:"ishtml";s:1:"1";s:8:"template";s:1:"0";s:10:"meta_title";s:0:"";s:13:"meta_keywords";s:0:"";s:16:"meta_description";s:0:"";s:9:"listorder";b:0;s:7:"urlrule";s:1:"0";s:11:"bind_domain";s:19:"http://nova.ci.com/";}', 'a:17:{s:2:"id";s:1:"9";s:7:"catname";s:12:"æ–°é—»å…¬å‘Š";s:6:"catdir";s:4:"xwgg";s:9:"parentdir";s:5:"nova/";s:5:"image";s:0:"";s:8:"parentid";s:1:"8";s:7:"modelid";s:1:"2";s:11:"bind_domain";s:0:"";s:3:"url";s:46:"http://webgame.kids.com/index/category?catid=9";s:9:"listorder";s:1:"0";s:11:"description";s:12:"è¯ºç“¦æ–°é—»";s:8:"template";s:1:"0";s:10:"meta_title";s:0:"";s:13:"meta_keywords";s:0:"";s:16:"meta_description";s:0:"";s:7:"urlrule";s:1:"0";s:6:"ishtml";s:1:"0";}', 'edit', '127.0.0.1', 1378720044),
(5, 2, 'wangcan', 3, 'ç®¡ç†å‘˜', '116', 'ç¼–è¾‘æ¸¸æˆ', 'a:19:{s:4:"name";s:12:"è¯ºç“¦å¥‡å…µ";s:4:"code";s:4:"nova";s:12:"webgame_type";s:1:"1";s:14:"webgame_status";s:1:"1";s:8:"url_home";s:19:"http://nova.ci.com/";s:10:"url_server";s:0:"";s:7:"url_bbs";s:0:"";s:9:"listorder";s:1:"1";s:5:"ispay";s:1:"1";s:11:"description";s:48:"è¯ºç“¦å¥‡å…µï¼Œå€¾å¿ƒæ‰“é€ ï¼Œç»å…¸å„¿ç«¥æ¸¸æˆ";s:9:"pic_small";s:62:"http://upload.kids.com/passport2013/0905/20130905144330972.jpg";s:10:"pic_middle";s:62:"http://upload.kids.com/passport2013/0905/20130905144418890.jpg";s:7:"pic_big";s:62:"http://upload.kids.com/passport2013/0905/20130905144425525.jpg";s:9:"coin_name";s:6:"ç“¦å¸";s:9:"coin_unit";s:3:"ä¸ª";s:9:"coin_rate";s:2:"10";s:14:"start_maintain";i:1377164880;s:12:"end_maintain";i:1377769680;s:12:"url_maintain";s:21:"http://nova.kids.com/";}', 'a:21:{s:2:"id";s:1:"1";s:4:"code";s:4:"nova";s:4:"name";s:12:"è¯ºç“¦å¥‡å…µ";s:11:"description";s:48:"è¯ºç“¦å¥‡å…µï¼Œå€¾å¿ƒæ‰“é€ ï¼Œç»å…¸å„¿ç«¥æ¸¸æˆ";s:5:"brief";N;s:9:"pic_small";s:62:"http://upload.kids.com/passport2013/0905/20130905144330972.jpg";s:10:"pic_middle";s:62:"http://upload.kids.com/passport2013/0905/20130905144418890.jpg";s:7:"pic_big";s:62:"http://upload.kids.com/passport2013/0905/20130905144425525.jpg";s:8:"url_home";s:21:"http://nova.kids.com/";s:10:"url_server";s:0:"";s:7:"url_bbs";s:0:"";s:9:"coin_name";s:6:"ç“¦å¸";s:9:"coin_unit";s:3:"ä¸ª";s:9:"coin_rate";s:2:"10";s:9:"listorder";s:1:"1";s:5:"ispay";s:1:"1";s:12:"webgame_type";s:1:"1";s:14:"webgame_status";s:1:"1";s:12:"url_maintain";s:21:"http://nova.kids.com/";s:14:"start_maintain";s:10:"1377164880";s:12:"end_maintain";s:10:"1377769680";}', 'edit', '127.0.0.1', 1378775403),
(6, 2, 'wangcan', 3, 'ç®¡ç†å‘˜', '116', 'ç¼–è¾‘æ¸¸æˆ', 'a:19:{s:4:"name";s:13:"è‡ªä¸»å ä½1";s:4:"code";s:4:"self";s:12:"webgame_type";s:1:"1";s:14:"webgame_status";s:1:"1";s:8:"url_home";s:19:"http://nova.ci.com/";s:10:"url_server";s:0:"";s:7:"url_bbs";s:0:"";s:9:"listorder";s:1:"1";s:5:"ispay";s:1:"1";s:11:"description";s:33:"æ­£åœ¨ç²¾å¿ƒæ‰“é€ ï¼Œæ•¬è¯·æœŸå¾…";s:9:"pic_small";s:62:"http://upload.kids.com/passport2013/0828/20130828182405772.jpg";s:10:"pic_middle";s:62:"http://upload.kids.com/passport2013/0828/20130828182415985.jpg";s:7:"pic_big";s:62:"http://upload.kids.com/passport2013/0828/20130828182438223.png";s:9:"coin_name";s:7:"ç“¦å¸3";s:9:"coin_unit";s:3:"ä¸ª";s:9:"coin_rate";s:2:"10";s:14:"start_maintain";i:1377164880;s:12:"end_maintain";i:1377769680;s:12:"url_maintain";s:21:"http://nova.kids.com/";}', 'a:21:{s:2:"id";s:1:"3";s:4:"code";s:4:"self";s:4:"name";s:13:"è‡ªä¸»å ä½1";s:11:"description";s:33:"æ­£åœ¨ç²¾å¿ƒæ‰“é€ ï¼Œæ•¬è¯·æœŸå¾…";s:5:"brief";N;s:9:"pic_small";s:62:"http://upload.kids.com/passport2013/0828/20130828182405772.jpg";s:10:"pic_middle";s:62:"http://upload.kids.com/passport2013/0828/20130828182415985.jpg";s:7:"pic_big";s:62:"http://upload.kids.com/passport2013/0828/20130828182438223.png";s:8:"url_home";s:21:"http://nova.kids.com/";s:10:"url_server";s:0:"";s:7:"url_bbs";s:0:"";s:9:"coin_name";s:7:"ç“¦å¸3";s:9:"coin_unit";s:3:"ä¸ª";s:9:"coin_rate";s:2:"10";s:9:"listorder";s:1:"1";s:5:"ispay";s:1:"1";s:12:"webgame_type";s:1:"1";s:14:"webgame_status";s:1:"1";s:12:"url_maintain";s:21:"http://nova.kids.com/";s:14:"start_maintain";s:10:"1377164880";s:12:"end_maintain";s:10:"1377769680";}', 'edit', '127.0.0.1', 1378777788);

-- --------------------------------------------------------

--
-- è¡¨çš„ç»“æ„ `sp_admin_menu`
--

CREATE TABLE IF NOT EXISTS `sp_admin_menu` (
  `id` smallint(5) unsigned NOT NULL AUTO_INCREMENT COMMENT 'èœå•ID',
  `name` char(20) NOT NULL COMMENT 'åç§°',
  `parentid` smallint(5) unsigned NOT NULL COMMENT 'çˆ¶çº§èœå•ID',
  `app_code` char(20) NOT NULL COMMENT 'æ‰€å±åº”ç”¨ä»£ç ',
  `controller` char(20) NOT NULL COMMENT 'æ§åˆ¶å™¨ä»£ç ',
  `method` char(20) NOT NULL COMMENT 'æ–¹æ³•',
  `extparam` char(100) NOT NULL COMMENT 'é™„åŠ å‚æ•°',
  `listorder` smallint(5) unsigned NOT NULL COMMENT 'æ’åº',
  `islog` enum('1','0') NOT NULL COMMENT 'æ˜¯å¦è®°å…¥ç®¡ç†å‘˜æ“ä½œæ—¥å¿—ï¼Œ0ï¼šä¸è®°å…¥ï¼›1ï¼šè®°å…¥',
  `display` enum('4','3','2','1','0') NOT NULL DEFAULT '1' COMMENT 'æ˜¾ç¤ºç±»å‹ï¼Œ0æˆ–1ï¼šåœ¨åå°é¡¶éƒ¨å’Œå·¦ä¾§æ˜¾ç¤ºï¼›2ï¼šåœ¨åå°å³ä¾§é¡¶éƒ¨æ˜¾ç¤ºï¼›3ï¼šåŸºäºå…·ä½“çš„è®°å½•æ˜¾ç¤º',
  PRIMARY KEY (`id`),
  KEY `listorder` (`listorder`),
  KEY `parentid` (`parentid`),
  KEY `operation` (`app_code`,`controller`,`method`)
) ENGINE=MyISAM  DEFAULT CHARSET=utf8 AUTO_INCREMENT=248 ;

--
-- è½¬å­˜è¡¨ä¸­çš„æ•°æ® `sp_admin_menu`
--

INSERT INTO `sp_admin_menu` (`id`, `name`, `parentid`, `app_code`, `controller`, `method`, `extparam`, `listorder`, `islog`, `display`) VALUES
(1, 'æˆ‘çš„é¢æ¿', 0, 'passport', '', '', '', 1, '0', '1'),
(2, 'ç®¡ç†è®¾ç½®', 0, 'passport', '', '', '', 2, '0', '1'),
(3, 'ç”¨æˆ·ä¸­å¿ƒ', 0, 'passport', '', '', '', 3, '0', '1'),
(4, 'åº”ç”¨ç®¡ç†', 0, 'passport', '', '', '', 4, '0', '1'),
(5, 'ç½‘é¡µæ¸¸æˆ', 0, 'webgame', '', '', '', 5, '0', '1'),
(6, 'æ”¯ä»˜æ¨¡å—', 0, 'pay', '', '', '', 6, '0', '1'),
(7, 'é‡‡é›†ç³»ç»Ÿ', 0, 'spider', '', '', '', 7, '0', '1'),
(8, 'æµ‹è¯•ç«™ç‚¹', 0, 'movie', '', '', '', 8, '0', '1'),
(9, 'æµ‹è¯•ç«™ç‚¹2', 0, 'tbshop', '', '', '', 9, '0', '1'),
(10, 'å„¿ç«¥æ•™è‚²', 0, 'kidsedu', '', '', '', 10, '0', '1'),
(11, 'ç®¡ç†å‘˜ä¿¡æ¯', 1, 'passport', '', '', '', 0, '0', '1'),
(12, 'ä¿®æ”¹ä¸ªäººä¿¡æ¯', 11, 'passport', 'manager', 'editm', '', 0, '0', '1'),
(13, 'ä¿®æ”¹å¯†ç ', 11, 'passport', 'manager', 'editp', '', 0, '0', '1'),
(14, 'æ“ä½œè®°å½•', 11, 'passport', 'managerlog', 'listinfom', '', 0, '0', '1'),
(15, 'æŸ¥çœ‹æ—¥å¿—', 11, 'passport', 'managerlog', 'viewm', '', 0, '0', '1'),
(16, 'ç®¡ç†å‘˜è®¾ç½®', 2, 'passport', '', '', '', 0, '0', '1'),
(17, 'ç®¡ç†å‘˜æ“ä½œæ—¥å¿—', 2, 'passport', '', '', '', 1, '0', '0'),
(18, 'ç®¡ç†å‘˜ç®¡ç†', 16, 'passport', 'manager', 'listinfo', '', 0, '0', '1'),
(19, 'æ·»åŠ ç®¡ç†å‘˜', 16, 'passport', 'manager', 'add', '', 0, '1', '2'),
(20, 'ç¼–è¾‘ç®¡ç†å‘˜', 16, 'passport', 'manager', 'edit', '', 0, '1', '3'),
(21, 'åˆ é™¤ç®¡ç†å‘˜', 16, 'passport', 'manager', 'delete', '', 0, '1', '3'),
(22, 'é”å®šç®¡ç†å‘˜', 16, 'passport', 'manager', 'lock', '', 0, '1', '3'),
(23, 'æŸ¥çœ‹ç®¡ç†å‘˜', 16, 'passport', 'manager', 'view', '', 0, '1', '3'),
(24, 'è§’è‰²ç®¡ç†', 16, 'passport', 'role', 'listinfo', '', 0, '0', '1'),
(25, 'æŸ¥çœ‹', 16, 'passport', 'role', 'view', '', 0, '1', '3'),
(26, 'ç¼–è¾‘', 16, 'passport', 'role', 'edit', '', 0, '1', '3'),
(27, 'åˆ é™¤', 16, 'passport', 'role', 'delete', '', 0, '1', '3'),
(28, 'æ·»åŠ è§’è‰²', 16, 'passport', 'role', 'add', '', 0, '1', '2'),
(29, 'èœå•ç®¡ç†', 16, 'passport', 'menu', 'listinfo', '', 0, '0', '1'),
(30, 'æŸ¥çœ‹', 16, 'passport', 'menu', 'view', '', 0, '1', '2'),
(31, 'æŸ¥çœ‹', 16, 'passport', 'menu', 'view', '', 0, '1', '3'),
(32, 'ç¼–è¾‘', 16, 'passport', 'menu', 'edit', '', 0, '1', '3'),
(33, 'åˆ é™¤è§’è‰²', 16, 'passport', 'menu', 'delete', '', 0, '1', '3'),
(34, 'æ·»åŠ èœå•', 16, 'passport', 'menu', 'add', '', 0, '1', '2'),
(35, 'è§’è‰²æƒé™', 16, 'passport', 'role', 'editPriv', '', 0, '1', '3'),
(36, 'æŸ¥çœ‹æ—¥å¿—', 17, 'passport', 'managerlog', 'view', '', 0, '0', '3'),
(37, 'æ“ä½œæ—¥å¿—', 17, 'passport', 'managerlog', 'listinfo', '', 0, '0', '1'),
(38, 'ç”¨æˆ·ä¸­å¿ƒè®¾ç½®', 3, 'passport', '', '', '', 0, '1', '1'),
(39, 'ç”¨æˆ·ç®¡ç†', 3, 'passport', '', '', '', 1, '1', '1'),
(40, 'ç”¨æˆ·ç»„ç®¡ç†', 3, 'passport', '', '', '', 2, '1', '1'),
(41, 'åŸºæœ¬è®¾ç½®', 38, 'passport', 'config', 'base', '', 0, '1', '1'),
(42, 'ç®¡ç†ç”¨æˆ·', 39, 'passport', 'member', 'listinfo', '', 0, '1', '1'),
(43, 'æŸ¥çœ‹ç”¨æˆ·', 39, 'passport', 'member', 'view', '', 0, '1', '1'),
(44, 'å®¡æ ¸ç”¨æˆ·', 39, 'passport', 'member', 'check', '', 0, '1', '1'),
(45, 'ç®¡ç†ç”¨æˆ·ç»„', 40, 'passport', 'group', 'listinfo', '', 0, '1', '1'),
(46, 'æ·»åŠ ç”¨æˆ·ç»„', 40, 'passport', 'group', 'add', '', 0, '1', '2'),
(47, 'æŸ¥çœ‹ç”¨æˆ·ç»„', 40, 'passport', 'group', 'view', '', 0, '1', '3'),
(48, 'ç¼–è¾‘ç”¨æˆ·ç»„', 40, 'passport', 'group', 'edit', '', 0, '1', '3'),
(49, 'åˆ é™¤ç”¨æˆ·ç»„', 40, 'passport', 'group', 'delete', '', 0, '1', '3'),
(50, 'å¹³å°é™„ä»¶ç®¡ç†', 4, 'passport', '', '', '', 0, '1', '1'),
(51, 'å¹¿å‘Šç®¡ç†', 4, 'passport', '', '', '', 0, '1', '1'),
(52, 'å‹æƒ…é“¾æ¥', 4, 'passport', '', '', '', 0, '1', '1'),
(53, 'æ¶ˆæ¯ç®¡ç†', 4, 'passport', '', '', '', 0, '1', '1'),
(54, 'è¯„è®ºç®¡ç†', 4, 'passport', '', '', '', 0, '1', '1'),
(55, 'ç®¡ç†é™„ä»¶', 50, 'passport', 'attachment', 'listinfo', '', 0, '1', '1'),
(56, 'æŸ¥çœ‹é™„ä»¶', 50, 'passport', 'attachment', 'view', '', 0, '1', '3'),
(57, 'åˆ é™¤é™„ä»¶', 50, 'passport', 'attachment', 'delete', '', 0, '1', '3'),
(58, 'ç®¡ç†ç‰ˆä½', 51, 'passport', 'poster_space', 'listinfo', '', 0, '1', '1'),
(59, 'æ·»åŠ ç‰ˆä½', 51, 'passport', 'poster_space', 'add', '', 0, '1', '2'),
(60, 'æŸ¥çœ‹ç‰ˆä½', 51, 'passport', 'poster_space', 'view', '', 0, '1', '3'),
(61, 'ç¼–è¾‘ç‰ˆä½', 51, 'passport', 'poster_space', 'edit', '', 0, '1', '3'),
(62, 'åˆ é™¤ç‰ˆä½', 51, 'passport', 'poster_space', 'delete', '', 0, '1', '3'),
(63, 'ç®¡ç†å¹¿å‘Š', 51, 'passport', 'poster', 'listinfo', '', 0, '1', '1'),
(64, 'æ·»åŠ å¹¿å‘Š', 51, 'passport', 'poster', 'add', '', 0, '1', '2'),
(65, 'æŸ¥çœ‹å¹¿å‘Š', 51, 'passport', 'poster', 'view', '', 0, '1', '3'),
(66, 'ç¼–è¾‘å¹¿å‘Š', 51, 'passport', 'poster', 'edit', '', 0, '1', '3'),
(67, 'åˆ é™¤å¹¿å‘Š', 51, 'passport', 'poster', 'delete', '', 0, '1', '3'),
(68, 'ç®¡ç†å‹é“¾', 52, 'passport', 'linkurl', 'listinfo', '', 0, '1', '1'),
(69, 'æ·»åŠ å‹é“¾', 52, 'passport', 'linkurl', 'add', '', 0, '1', '2'),
(70, 'æŸ¥çœ‹å‹é“¾', 52, 'passport', 'linkurl', 'view', '', 0, '1', '3'),
(71, 'ç¼–è¾‘å‹é“¾', 52, 'passport', 'linkurl', 'edit', '', 0, '1', '3'),
(72, 'åˆ é™¤å‹é“¾', 52, 'passport', 'linkurl', 'delete', '', 0, '1', '3'),
(73, 'ç®¡ç†ç±»å‹', 53, 'passport', 'message_type', 'listinfo', '', 0, '1', '1'),
(74, 'æ·»åŠ ç±»å‹', 53, 'passport', 'message_type', 'add', '', 0, '1', '2'),
(75, 'æŸ¥çœ‹ç±»å‹', 53, 'passport', 'message_type', 'view', '', 0, '1', '3'),
(76, 'ç¼–è¾‘ç±»å‹', 53, 'passport', 'message_type', 'edit', '', 0, '1', '3'),
(77, 'åˆ é™¤ç±»å‹', 53, 'passport', 'message_type', 'delete', '', 0, '1', '3'),
(78, 'ç®¡ç†æ¶ˆæ¯', 53, 'passport', 'message', 'listinfo', '', 0, '1', '1'),
(79, 'æ·»åŠ æ¶ˆæ¯', 53, 'passport', 'message', 'add', '', 0, '1', '2'),
(80, 'æŸ¥çœ‹æ¶ˆæ¯', 53, 'passport', 'message', 'view', '', 0, '1', '3'),
(81, 'ç¼–è¾‘æ¶ˆæ¯', 53, 'passport', 'message', 'edit', '', 0, '1', '3'),
(82, 'åˆ é™¤æ¶ˆæ¯', 53, 'passport', 'message', 'delete', '', 0, '1', '3'),
(83, 'ç®¡ç†è¯„è®º', 54, 'passport', 'commend', 'listinfo', '', 0, '1', '1'),
(84, 'æ·»åŠ è¯„è®º', 54, 'passport', 'commend', 'add', '', 0, '1', '2'),
(85, 'æŸ¥çœ‹è¯„è®º', 54, 'passport', 'commend', 'view', '', 0, '1', '3'),
(86, 'ç¼–è¾‘è¯„è®º', 54, 'passport', 'commend', 'edit', '', 0, '1', '3'),
(87, 'åˆ é™¤è¯„è®º', 54, 'passport', 'commend', 'delete', '', 0, '1', '3'),
(88, 'æ¸¸æˆç®¡ç†', 5, 'webgame', '', '', '', 1, '0', '1'),
(89, 'å†…å®¹ç›¸å…³è®¾ç½®', 5, 'webgame', '', '', '', 2, '1', '1'),
(90, 'å†…å®¹ç®¡ç†', 5, 'webgame', '', '', '', 3, '1', '1'),
(91, 'å‘å¸ƒç®¡ç†', 5, 'webgame', '', '', '', 4, '1', '1'),
(92, 'æ·»åŠ æ ç›®', 89, 'webgame', 'category', 'add', '', 0, '1', '2'),
(93, 'åˆ é™¤æ ç›®', 89, 'webgame', 'category', 'delete', '', 0, '1', '3'),
(94, 'ç¼–è¾‘æ ç›®', 89, 'webgame', 'category', 'edit', '', 0, '1', '3'),
(95, 'ç®¡ç†æ ç›®', 89, 'webgame', 'category', 'listinfo', '', 0, '1', '1'),
(96, 'æŸ¥çœ‹æ ç›®', 89, 'webgame', 'category', 'view', '', 0, '1', '3'),
(97, 'æ·»åŠ å†…å®¹', 90, 'webgame', 'content', 'add', '', 0, '1', '2'),
(98, 'ç®¡ç†å†…å®¹', 90, 'webgame', 'content', 'catquick', '', 0, '1', '1'),
(99, 'åˆ é™¤å†…å®¹', 90, 'webgame', 'content', 'delete', '', 0, '1', '3'),
(100, 'ç¼–è¾‘å†…å®¹', 90, 'webgame', 'content', 'edit', '', 0, '1', '3'),
(101, 'å†…å®¹åˆ—è¡¨', 90, 'webgame', 'content', 'listinfo', '', 0, '1', '3'),
(102, 'æŸ¥çœ‹å†…å®¹', 90, 'webgame', 'content', 'view', '', 0, '1', '3'),
(103, 'ç”Ÿæˆæ ç›®é¡µ', 91, 'webgame', 'publish', 'category', '', 0, '1', '1'),
(104, 'ç”Ÿæˆå†…å®¹é¡µ', 91, 'webgame', 'publish', 'content', '', 0, '1', '1'),
(105, 'ç”Ÿæˆé¦–é¡µ', 91, 'webgame', 'publish', 'index', '', 0, '1', '1'),
(106, 'æ›´æ–°URLé¡µ', 91, 'webgame', 'publish', 'url', '', 0, '1', '1'),
(107, 'æ¸¸æˆå¸å·æŠ¥è¡¨', 88, 'webgame', 'member', 'report', '', 0, '1', '2'),
(108, 'æ¸¸æˆå¸å·æ˜ç»†', 88, 'webgame', 'member', 'listinfo', '', 4, '1', '1'),
(109, 'å¤åˆ¶æœåŠ¡å™¨', 88, 'webgame', 'server', 'copy', '', 0, '1', '3'),
(110, 'åˆ é™¤æœåŠ¡å™¨', 88, 'webgame', 'server', 'delete', '', 0, '1', '3'),
(111, 'ç¼–è¾‘æœåŠ¡å™¨', 88, 'webgame', 'server', 'edit', '', 0, '1', '3'),
(112, 'æŸ¥çœ‹æœåŠ¡å™¨', 88, 'webgame', 'server', 'view', '', 0, '1', '3'),
(113, 'æ·»åŠ æœåŠ¡å™¨', 88, 'webgame', 'server', 'add', '', 0, '1', '2'),
(114, 'ç®¡ç†æœåŠ¡å™¨', 88, 'webgame', 'server', 'listinfo', '', 2, '1', '1'),
(115, 'åˆ é™¤æ¸¸æˆ', 88, 'webgame', 'webgame', 'delete', '', 0, '1', '3'),
(116, 'ç¼–è¾‘æ¸¸æˆ', 88, 'webgame', 'webgame', 'edit', '', 0, '1', '3'),
(117, 'æŸ¥çœ‹æ¸¸æˆ', 88, 'webgame', 'webgame', 'view', '', 0, '1', '3'),
(118, 'æ·»åŠ æ¸¸æˆ', 88, 'webgame', 'webgame', 'add', '', 0, '1', '2'),
(119, 'ç®¡ç†æ¸¸æˆ', 88, 'webgame', 'webgame', 'listinfo', '', 1, '1', '1'),
(120, 'æ”¯ä»˜ç®¡ç†', 6, 'pay', '', '', '', 0, '1', '1'),
(121, 'æ”¯ä»˜æŠ¥è¡¨', 6, 'pay', '', '', '', 0, '1', '1'),
(122, 'ç®¡ç†åŒ…æœˆ', 120, 'pay', 'paymonth', 'listinfo', '', 0, '1', '1'),
(123, 'æ·»åŠ åŒ…æœˆ', 120, 'pay', 'paymonth', 'add', '', 0, '1', '2'),
(124, 'æŸ¥çœ‹åŒ…æœˆ', 120, 'pay', 'paymonth', 'view', '', 0, '1', '3'),
(125, 'ç¼–è¾‘åŒ…æœˆ', 120, 'pay', 'paymonth', 'edit', '', 0, '1', '3'),
(126, 'åˆ é™¤åŒ…æœˆ', 120, 'pay', 'paymonth', 'delete', '', 0, '1', '3'),
(127, 'å¸å·å……å€¼ç»Ÿè®¡', 120, 'pay', 'member_pay', 'listinfo', '', 0, '1', '1'),
(128, 'åˆ é™¤æ”¯ä»˜æ–¹å¼', 120, 'pay', 'payment', 'delete', '', 0, '1', '3'),
(129, 'ç¼–è¾‘æ”¯ä»˜æ–¹å¼', 120, 'pay', 'payment', 'edit', '', 0, '1', '3'),
(130, 'æŸ¥çœ‹æ”¯ä»˜æ–¹å¼', 120, 'pay', 'payment', 'view', '', 0, '1', '3'),
(131, 'æ·»åŠ æ”¯ä»˜æ–¹å¼', 120, 'pay', 'payment', 'add', '', 0, '1', '2'),
(132, 'ç®¡ç†æ”¯ä»˜æ–¹å¼', 120, 'pay', 'payment', 'listinfo', '', 0, '1', '1'),
(133, 'ç¼–è¾‘é…ç½®', 120, 'pay', 'config', 'change', '', 0, '1', '3'),
(134, 'æ”¯ä»˜é…ç½®', 120, 'pay', 'config', 'base', '', 0, '1', '1'),
(135, 'æ´»åŠ¨å¥–åŠ±', 121, 'pay', 'handcharge', 'listinfo', '', 0, '1', '1'),
(136, 'æ‰‹å·¥å……å€¼', 121, 'pay', 'handcharge', 'add', '', 0, '1', '2'),
(137, 'å¼‚å¸¸å……å€¼', 121, 'pay', 'account_unusual', 'listinfo', '', 0, '1', '1'),
(138, 'æ”¯ä»˜è®°å½•', 121, 'pay', 'pay', 'listinfo', '', 0, '1', '1'),
(139, 'å……å€¼è®°å½•', 121, 'pay', 'account', 'listinfo', '', 0, '1', '1'),
(140, 'æºç«™ç®¡ç†', 7, 'spider', '', '', '', 0, '0', '1'),
(141, 'é‡‡é›†ç®¡ç†', 7, 'spider', '', '', '', 1, '0', '1'),
(142, 'é‡‡é›†å†…å®¹ç®¡ç†', 7, 'spider', '', '', '', 2, '0', '1'),
(143, 'æºç«™ç®¡ç†', 140, 'spider', 'site', 'listinfo', '', 0, '0', '1'),
(144, 'æ·»åŠ æºç«™', 140, 'spider', 'site', 'add', '', 0, '0', '2'),
(145, 'ç¼–è¾‘æºç«™', 140, 'spider', 'site', 'edit', '', 0, '0', '3'),
(146, 'åˆ é™¤æºç«™', 140, 'spider', 'site', 'delete', '', 0, '0', '3'),
(147, 'æºç«™é¡µé¢é‡‡é›†', 140, 'spider', 'sitePage', 'listinfo', '', 0, '0', '1'),
(148, 'æ·»åŠ é¡µé¢', 140, 'spider', 'sitePage', 'add', '', 0, '0', '2'),
(149, 'ç¼–è¾‘é¡µé¢', 140, 'spider', 'sitePage', 'edit', '', 0, '0', '3'),
(150, 'åˆ é™¤é¡µé¢', 140, 'spider', 'sitePage', 'delete', '', 0, '0', '3'),
(151, 'æŸ¥çœ‹æºé¡µé¢', 140, 'spider', 'sitePage', 'showSource', '', 0, '0', '3'),
(152, 'æŸ¥çœ‹æœ¬åœ°é¡µé¢', 140, 'spider', 'sitePage', 'showTarget', '', 0, '0', '3'),
(153, 'é‡‡é›†é¡µé¢èµ„æº', 140, 'spider', 'sitePage', 'spider', '', 0, '0', '3'),
(154, 'é¡µé¢æœ¬åœ°åŒ–', 140, 'spider', 'sitePage', 'localPage', '', 0, '0', '3'),
(155, 'é‡‡é›†èµ„æº', 140, 'spider', 'sitePage', 'downFile', '', 0, '1', '4'),
(156, 'å¤åˆ¶ä»»åŠ¡', 141, 'spider', 'job', 'copy', '', 0, '0', '3'),
(157, 'é‡‡é›†è§„åˆ™ç®¡ç†', 141, 'spider', 'crule', 'listinfo', '', 0, '0', '1'),
(158, 'æ·»åŠ è§„åˆ™', 141, 'spider', 'crule', 'add', '', 0, '0', '2'),
(159, 'ç¼–è¾‘è§„åˆ™', 141, 'spider', 'crule', 'edit', '', 0, '0', '3'),
(160, 'åˆ é™¤è§„åˆ™', 141, 'spider', 'crule', 'delete', '', 0, '0', '3'),
(161, 'é‡‡é›†ä»»åŠ¡ç®¡ç†', 141, 'spider', 'job', 'listinfo', '', 0, '0', '1'),
(162, 'æ·»åŠ ä»»åŠ¡', 141, 'spider', 'job', 'add', '', 0, '0', '2'),
(163, 'ç¼–è¾‘ä»»åŠ¡', 141, 'spider', 'job', 'edit', '', 0, '0', '3'),
(164, 'åˆ é™¤ä»»åŠ¡', 141, 'spider', 'job', 'delete', '', 0, '0', '3'),
(165, 'åˆ—è¡¨é¡µé¢é‡‡é›†', 141, 'spider', 'spider', 'spiderList', '', 0, '0', '3'),
(166, 'åˆ—è¡¨é¡µå¤„ç†', 141, 'spider', 'spider', 'dealList', '', 0, '0', '3'),
(167, 'å†…å®¹é¡µé¢é‡‡é›†', 141, 'spider', 'spider', 'spiderContent', '', 0, '0', '3'),
(168, 'å†…å®¹é¡µå¤„ç†', 141, 'spider', 'spider', 'dealContent', '', 0, '0', '3'),
(169, 'ç”³è¯·å¼ºåˆ¶å¤„ç†', 141, 'spider', 'spider', 'askForce', '', 0, '0', '3'),
(170, 'æ–‡ä»¶é‡‡é›†', 141, 'spider', 'spider', 'spiderFile', '', 0, '0', '3'),
(171, 'é‡‡é›†å†…å®¹ç®¡ç†', 142, 'spider', 'content', 'listinfo', '', 0, '0', '1'),
(172, 'é‡‡é›†ä»»åŠ¡å‘å¸ƒ', 142, 'spider', 'content', 'publish', '', 0, '0', '1'),
(173, 'æŸ¥çœ‹æºå†…å®¹', 142, 'spider', 'content', 'showSource', '', 0, '0', '3'),
(174, 'æŸ¥çœ‹æœ¬åœ°å†…å®¹', 142, 'spider', 'content', 'showTarget', '', 0, '0', '3'),
(175, 'å†…å®¹ç®¡ç†', 8, 'movie', '', '', '', 3, '1', '1'),
(176, 'å‘å¸ƒç®¡ç†', 8, 'movie', '', '', '', 4, '1', '1'),
(177, 'æ·»åŠ æ ç›®', 175, 'movie', 'category', 'add', '', 0, '1', '2'),
(178, 'åˆ é™¤æ ç›®', 175, 'movie', 'category', 'delete', '', 0, '1', '3'),
(179, 'ç¼–è¾‘æ ç›®', 175, 'movie', 'category', 'edit', '', 0, '1', '3'),
(180, 'ç®¡ç†æ ç›®', 175, 'movie', 'category', 'listinfo', '', 0, '1', '1'),
(181, 'æŸ¥çœ‹æ ç›®', 175, 'movie', 'category', 'view', '', 0, '1', '3'),
(182, 'æ·»åŠ å†…å®¹', 175, 'movie', 'content', 'add', '', 0, '1', '2'),
(183, 'ç®¡ç†å†…å®¹', 175, 'movie', 'content', 'catquick', '', 0, '1', '1'),
(184, 'åˆ é™¤å†…å®¹', 175, 'movie', 'content', 'delete', '', 0, '1', '3'),
(185, 'ç¼–è¾‘å†…å®¹', 175, 'movie', 'content', 'edit', '', 0, '1', '3'),
(186, 'å†…å®¹åˆ—è¡¨', 175, 'movie', 'content', 'listinfo', '', 0, '1', '3'),
(187, 'æŸ¥çœ‹å†…å®¹', 175, 'movie', 'content', 'view', '', 0, '1', '3'),
(188, 'ç”Ÿæˆæ ç›®é¡µ', 176, 'movie', 'publish', 'category', '', 0, '1', '1'),
(189, 'ç”Ÿæˆå†…å®¹é¡µ', 176, 'movie', 'publish', 'content', '', 0, '1', '1'),
(190, 'ç”Ÿæˆé¦–é¡µ', 176, 'movie', 'publish', 'index', '', 0, '1', '1'),
(191, 'æ›´æ–°URLé¡µ', 176, 'movie', 'publish', 'url', '', 0, '1', '1'),
(192, 'å†…å®¹ç®¡ç†', 9, 'tbshop', '', '', '', 3, '1', '1'),
(193, 'å‘å¸ƒç®¡ç†', 9, 'tbshop', '', '', '', 4, '1', '1'),
(194, 'æ·»åŠ æ ç›®', 192, 'tbshop', 'category', 'add', '', 0, '1', '2'),
(195, 'åˆ é™¤æ ç›®', 192, 'tbshop', 'category', 'delete', '', 0, '1', '3'),
(196, 'ç¼–è¾‘æ ç›®', 192, 'tbshop', 'category', 'edit', '', 0, '1', '3'),
(197, 'ç®¡ç†æ ç›®', 192, 'tbshop', 'category', 'listinfo', '', 0, '1', '1'),
(198, 'æŸ¥çœ‹æ ç›®', 192, 'tbshop', 'category', 'view', '', 0, '1', '3'),
(199, 'æ·»åŠ å†…å®¹', 192, 'tbshop', 'content', 'add', '', 0, '1', '2'),
(200, 'ç®¡ç†å†…å®¹', 192, 'tbshop', 'content', 'catquick', '', 0, '1', '1'),
(201, 'åˆ é™¤å†…å®¹', 192, 'tbshop', 'content', 'delete', '', 0, '1', '3'),
(202, 'ç¼–è¾‘å†…å®¹', 192, 'tbshop', 'content', 'edit', '', 0, '1', '3'),
(203, 'å†…å®¹åˆ—è¡¨', 192, 'tbshop', 'content', 'listinfo', '', 0, '1', '3'),
(204, 'æŸ¥çœ‹å†…å®¹', 192, 'tbshop', 'content', 'view', '', 0, '1', '3'),
(205, 'ç”Ÿæˆæ ç›®é¡µ', 193, 'tbshop', 'publish', 'category', '', 0, '1', '1'),
(206, 'ç”Ÿæˆå†…å®¹é¡µ', 193, 'tbshop', 'publish', 'content', '', 0, '1', '1'),
(207, 'ç”Ÿæˆé¦–é¡µ', 193, 'tbshop', 'publish', 'index', '', 0, '1', '1'),
(208, 'æ›´æ–°URLé¡µ', 193, 'tbshop', 'publish', 'url', '', 0, '1', '1'),
(209, 'æœºæ„ç®¡ç†', 10, 'kidsedu', '', '', '', 0, '0', '1'),
(210, 'å†…å®¹ç®¡ç†', 10, 'kidsedu', '', '', '', 0, '0', '1'),
(211, 'èµ„æºç®¡ç†', 10, 'kidsedu', '', '', '', 0, '0', '1'),
(212, 'å†…å®¹å‘å¸ƒç®¡ç†', 10, 'kidsedu', '', '', '', 0, '0', '1'),
(213, 'æ·»åŠ æ ç›®', 210, 'kidsedu', 'category', 'add', '', 0, '1', '2'),
(214, 'åˆ é™¤æ ç›®', 210, 'kidsedu', 'category', 'delete', '', 0, '1', '3'),
(215, 'ç¼–è¾‘æ ç›®', 210, 'kidsedu', 'category', 'edit', '', 0, '1', '3'),
(216, 'ç®¡ç†æ ç›®', 210, 'kidsedu', 'category', 'listinfo', '', 0, '1', '1'),
(217, 'æŸ¥çœ‹æ ç›®', 210, 'kidsedu', 'category', 'view', '', 0, '1', '3'),
(218, 'æ·»åŠ å†…å®¹', 210, 'kidsedu', 'content', 'add', '', 0, '1', '2'),
(219, 'ç®¡ç†å†…å®¹', 210, 'kidsedu', 'content', 'catquick', '', 0, '1', '1'),
(220, 'åˆ é™¤å†…å®¹', 210, 'kidsedu', 'content', 'delete', '', 0, '1', '3'),
(221, 'ç¼–è¾‘å†…å®¹', 210, 'kidsedu', 'content', 'edit', '', 0, '1', '3'),
(222, 'å†…å®¹åˆ—è¡¨', 210, 'kidsedu', 'content', 'listinfo', '', 0, '1', '3'),
(223, 'æŸ¥çœ‹å†…å®¹', 210, 'kidsedu', 'content', 'view', '', 0, '1', '3'),
(224, 'ç”Ÿæˆæ ç›®é¡µ', 212, 'kidsedu', 'publish', 'category', '', 0, '1', '1'),
(225, 'ç”Ÿæˆå†…å®¹é¡µ', 212, 'kidsedu', 'publish', 'content', '', 0, '1', '1'),
(226, 'ç”Ÿæˆé¦–é¡µ', 212, 'kidsedu', 'publish', 'index', '', 0, '1', '1'),
(227, 'æ›´æ–°URLé¡µ', 212, 'kidsedu', 'publish', 'url', '', 0, '1', '1'),
(228, 'æ·»åŠ æœºæ„', 209, 'kidsedu', 'agency', 'add', '', 0, '1', '2'),
(229, 'åˆ é™¤æœºæ„', 209, 'kidsedu', 'agency', 'delete', '', 0, '1', '3'),
(230, 'ç¼–è¾‘æœºæ„', 209, 'kidsedu', 'agency', 'edit', '', 0, '1', '3'),
(231, 'ç®¡ç†æœºæ„', 209, 'kidsedu', 'agency', 'listinfo', '', 0, '1', '1'),
(232, 'æŸ¥çœ‹æœºæ„', 209, 'kidsedu', 'agency', 'view', '', 0, '1', '3'),
(233, 'æ·»åŠ ç®¡ç†å‘˜', 209, 'kidsedu', 'superuserl', 'add', '', 0, '1', '2'),
(234, 'åˆ é™¤ç®¡ç†å‘˜', 209, 'kidsedu', 'superuserl', 'delete', '', 0, '1', '3'),
(235, 'ç¼–è¾‘ç®¡ç†å‘˜', 209, 'kidsedu', 'superuserl', 'edit', '', 0, '1', '3'),
(236, 'ç®¡ç†ç®¡ç†å‘˜', 209, 'kidsedu', 'superuserl', 'listinfo', '', 0, '1', '1'),
(237, 'æŸ¥çœ‹ç®¡ç†å‘˜', 209, 'kidsedu', 'superuserl', 'view', '', 0, '1', '3'),
(238, 'æ·»åŠ è¯¾ç¨‹', 211, 'kidsedu', 'course', 'add', '', 0, '1', '2'),
(239, 'åˆ é™¤è¯¾ç¨‹', 211, 'kidsedu', 'course', 'delete', '', 0, '1', '3'),
(240, 'ç¼–è¾‘è¯¾ç¨‹', 211, 'kidsedu', 'course', 'edit', '', 0, '1', '3'),
(241, 'ç®¡ç†è¯¾ç¨‹', 211, 'kidsedu', 'course', 'listinfo', '', 0, '1', '1'),
(242, 'æŸ¥çœ‹è¯¾ç¨‹', 211, 'kidsedu', 'course', 'view', '', 0, '1', '3'),
(243, 'æ·»åŠ å­¦æ ¡', 211, 'kidsedu', 'school', 'add', '', 0, '1', '2'),
(244, 'åˆ é™¤å­¦æ ¡', 211, 'kidsedu', 'school', 'delete', '', 0, '1', '3'),
(245, 'ç¼–è¾‘å­¦æ ¡', 211, 'kidsedu', 'school', 'edit', '', 0, '1', '3'),
(246, 'ç®¡ç†å­¦æ ¡', 211, 'kidsedu', 'school', 'listinfo', '', 0, '1', '1'),
(247, 'æŸ¥çœ‹å­¦æ ¡', 211, 'kidsedu', 'school', 'view', '', 0, '1', '3');

-- --------------------------------------------------------

--
-- è¡¨çš„ç»“æ„ `sp_admin_privilege`
--

CREATE TABLE IF NOT EXISTS `sp_admin_privilege` (
  `role_id` tinyint(3) unsigned NOT NULL COMMENT 'è§’è‰²ID',
  `menu_id` smallint(5) unsigned NOT NULL COMMENT 'èœå•ID',
  UNIQUE KEY `priviledge` (`role_id`,`menu_id`),
  KEY `operation` (`role_id`,`menu_id`)
) ENGINE=MyISAM DEFAULT CHARSET=utf8;

--
-- è½¬å­˜è¡¨ä¸­çš„æ•°æ® `sp_admin_privilege`
--

INSERT INTO `sp_admin_privilege` (`role_id`, `menu_id`) VALUES
(3, 1),
(3, 2),
(3, 3),
(3, 4),
(3, 5),
(3, 6),
(3, 11),
(3, 12),
(3, 13),
(3, 14),
(3, 15),
(3, 16),
(3, 17),
(3, 18),
(3, 19),
(3, 20),
(3, 21),
(3, 22),
(3, 23),
(3, 24),
(3, 25),
(3, 26),
(3, 27),
(3, 28),
(3, 29),
(3, 30),
(3, 31),
(3, 32),
(3, 33),
(3, 34),
(3, 35),
(3, 36),
(3, 37),
(3, 38),
(3, 39),
(3, 40),
(3, 41),
(3, 42),
(3, 43),
(3, 44),
(3, 45),
(3, 46),
(3, 47),
(3, 48),
(3, 49),
(3, 50),
(3, 51),
(3, 52),
(3, 53),
(3, 54),
(3, 55),
(3, 56),
(3, 57),
(3, 58),
(3, 59),
(3, 60),
(3, 61),
(3, 62),
(3, 63),
(3, 64),
(3, 65),
(3, 66),
(3, 67),
(3, 68),
(3, 69),
(3, 70),
(3, 71),
(3, 72),
(3, 73),
(3, 74),
(3, 75),
(3, 76),
(3, 77),
(3, 78),
(3, 79),
(3, 80),
(3, 81),
(3, 82),
(3, 83),
(3, 84),
(3, 85),
(3, 86),
(3, 87),
(3, 88),
(3, 89),
(3, 90),
(3, 91),
(3, 92),
(3, 93),
(3, 94),
(3, 95),
(3, 96),
(3, 97),
(3, 98),
(3, 99),
(3, 100),
(3, 101),
(3, 102),
(3, 103),
(3, 104),
(3, 105),
(3, 106),
(3, 107),
(3, 108),
(3, 109),
(3, 110),
(3, 111),
(3, 112),
(3, 113),
(3, 114),
(3, 115),
(3, 116),
(3, 117),
(3, 118),
(3, 119),
(3, 120),
(3, 121),
(3, 122),
(3, 123),
(3, 124),
(3, 125),
(3, 126),
(3, 127),
(3, 128),
(3, 129),
(3, 130),
(3, 131),
(3, 132),
(3, 133),
(3, 134),
(3, 135),
(3, 136),
(3, 137),
(3, 138),
(3, 139);

-- --------------------------------------------------------

--
-- è¡¨çš„ç»“æ„ `sp_admin_role`
--

CREATE TABLE IF NOT EXISTS `sp_admin_role` (
  `id` tinyint(3) unsigned NOT NULL AUTO_INCREMENT COMMENT 'è§’è‰²ID',
  `name` varchar(50) NOT NULL COMMENT 'åç§°',
  `description` varchar(1000) NOT NULL COMMENT 'æè¿°',
  `status` enum('0','1') NOT NULL COMMENT '0:ç¦ç”¨ï¼›1ï¼šå¯ç”¨',
  `listorder` smallint(5) unsigned NOT NULL COMMENT 'æ’åº',
  PRIMARY KEY (`id`)
) ENGINE=MyISAM  DEFAULT CHARSET=utf8 AUTO_INCREMENT=4 ;

--
-- è½¬å­˜è¡¨ä¸­çš„æ•°æ® `sp_admin_role`
--

INSERT INTO `sp_admin_role` (`id`, `name`, `description`, `status`, `listorder`) VALUES
(1, 'è¶…çº§ç®¡ç†å‘˜', 'è¶…çº§ç®¡ç†å‘˜', '', 7),
(2, 'ç¼–è¾‘', 'ç½‘ç«™ç¼–è¾‘', '0', 0),
(3, 'ç®¡ç†å‘˜', '', '1', 0);

-- --------------------------------------------------------

--
-- è¡¨çš„ç»“æ„ `sp_attachment`
--

CREATE TABLE IF NOT EXISTS `sp_attachment` (
  `id` int(10) unsigned NOT NULL AUTO_INCREMENT,
  `app_code` char(15) NOT NULL,
  `catid` smallint(5) unsigned NOT NULL DEFAULT '0',
  `contentid` int(10) unsigned NOT NULL,
  `file_name` char(50) NOT NULL,
  `file_path` char(200) NOT NULL,
  `file_size` int(10) unsigned NOT NULL DEFAULT '0',
  `file_ext` char(10) NOT NULL,
  `isimage` tinyint(1) unsigned NOT NULL DEFAULT '0',
  `isthumb` tinyint(1) unsigned NOT NULL DEFAULT '0',
  `downloads` mediumint(8) unsigned NOT NULL DEFAULT '0',
  `userid` mediumint(8) unsigned NOT NULL DEFAULT '0',
  `username` char(32) NOT NULL DEFAULT '',
  `uploadtime` int(10) unsigned NOT NULL DEFAULT '0',
  `uploadip` char(15) NOT NULL,
  `status` tinyint(1) NOT NULL DEFAULT '0',
  `authcode` char(32) NOT NULL,
  PRIMARY KEY (`id`),
  KEY `authcode` (`authcode`)
) ENGINE=MyISAM DEFAULT CHARSET=utf8 AUTO_INCREMENT=1 ;

-- --------------------------------------------------------

--
-- è¡¨çš„ç»“æ„ `sp_linkurl`
--

CREATE TABLE IF NOT EXISTS `sp_linkurl` (
  `id` smallint(5) unsigned NOT NULL AUTO_INCREMENT,
  `linkurl_type` char(8) NOT NULL DEFAULT '',
  `name` varchar(50) NOT NULL DEFAULT '',
  `url` varchar(255) NOT NULL DEFAULT '',
  `logo` varchar(255) NOT NULL DEFAULT '',
  `description` text NOT NULL,
  `username` varchar(30) NOT NULL DEFAULT '',
  `listorder` smallint(5) unsigned NOT NULL DEFAULT '0',
  `linkurl_status` tinyint(1) unsigned NOT NULL DEFAULT '0',
  `add_time` int(10) unsigned NOT NULL DEFAULT '0',
  PRIMARY KEY (`id`)
) ENGINE=MyISAM  DEFAULT CHARSET=utf8 AUTO_INCREMENT=4 ;

--
-- è½¬å­˜è¡¨ä¸­çš„æ•°æ® `sp_linkurl`
--

INSERT INTO `sp_linkurl` (`id`, `linkurl_type`, `name`, `url`, `logo`, `description`, `username`, `listorder`, `linkurl_status`, `add_time`) VALUES
(1, 'nova', 'å‹æƒ…é“¾æ¥1', 'http://abc.com', 'http://upload.kids.com/passport2013/0902/20130902141706112.png', 'æš—å®¤é€¢ç¯', '', 2, 1, 1378081920),
(2, 'nova', 'ç½‘é¡µæ¸¸æˆ', 'http://weibo.com/ajaxlogin.php?framelogin=1&callback=parent.sinaSSOController.feedBackUrlCallBack', '', '', '', 66, 1, 1378536060),
(3, 'web', 'æ·˜ç±³æ¸¸æˆæ ·å¼style', 'http://weibo.com/ajaxlogin.php?framelogin=1&callback=parent.sinaSSOController.feedBackUrlCallBack', '', '', '', 444, 0, 1378622460);

-- --------------------------------------------------------

--
-- è¡¨çš„ç»“æ„ `sp_member`
--

CREATE TABLE IF NOT EXISTS `sp_member` (
  `userid` int(10) unsigned NOT NULL AUTO_INCREMENT COMMENT 'ç”¨æˆ·ID',
  `username` char(32) NOT NULL DEFAULT '' COMMENT 'ç”¨æˆ·å',
  `ucserver_id` int(10) unsigned NOT NULL DEFAULT '0',
  `password` char(32) NOT NULL DEFAULT '' COMMENT 'å¯†ç ',
  `pwd_strong` enum('1','2','3') NOT NULL DEFAULT '1' COMMENT 'å¯†ç å¼ºåº¦ 1 å¼± 2 ä¸­ 3 å¼º',
  `encrypt` char(6) NOT NULL COMMENT 'è¾…åŠ©åŠ å¯†å­—ç¬¦ä¸²',
  `avatar` int(10) unsigned NOT NULL DEFAULT '0' COMMENT 'ç”¨æˆ·å¤´åƒ',
  `email` char(32) NOT NULL DEFAULT '' COMMENT 'é‚®ç®±',
  `truename` varchar(255) NOT NULL DEFAULT '' COMMENT 'çœŸå®å§“å',
  `gender` enum('1','2') NOT NULL DEFAULT '2' COMMENT 'æ€§åˆ« 1 ç”· 2 å¥³',
  `msn` varchar(20) NOT NULL DEFAULT '' COMMENT 'msnå¸å·',
  `telephone` varchar(255) NOT NULL DEFAULT '' COMMENT 'ç”µè¯',
  `get_username` varchar(32) NOT NULL COMMENT 'æ”¶è´§äººåœ°å€',
  `address` varchar(255) NOT NULL DEFAULT '' COMMENT 'åœ°å€',
  `qq` varchar(255) NOT NULL DEFAULT '' COMMENT 'QQå·',
  `birthday` int(11) NOT NULL COMMENT 'ç”Ÿæ—¥',
  `postcode` varchar(255) NOT NULL DEFAULT '' COMMENT 'é‚®ç¼–',
  `mobile` varchar(255) NOT NULL DEFAULT '' COMMENT 'æ‰‹æœºå·',
  `idcard` char(18) NOT NULL COMMENT 'èº«ä»½è¯å·',
  `regip` char(15) NOT NULL DEFAULT '' COMMENT 'æ³¨å†ŒIP',
  `regdate` int(10) unsigned NOT NULL DEFAULT '0' COMMENT 'æ³¨å†Œæ—¶é—´',
  `loginnum` int(8) NOT NULL COMMENT 'ç™»å½•æ¬¡æ•°',
  `lastloginip` char(15) NOT NULL DEFAULT '0' COMMENT 'æœ€åä¸€æ¬¡ç™»å½•IP',
  `lastlogintime` int(10) unsigned NOT NULL DEFAULT '0' COMMENT 'æœ€åä¸€æ¬¡ç™»å½•æ—¶é—´',
  `active` enum('1','0') NOT NULL COMMENT 'å½“å¤©æ´»è·ƒæ ‡è¯†ï¼Œ0ï¼šæ´»è·ƒï¼›1ï¼šä¸æ´»è·ƒ',
  `active_7` enum('1','0') NOT NULL COMMENT '7å¤©å†…æ´»è·ƒæ ‡è¯†ï¼Œ0ï¼šæ´»è·ƒï¼›1ï¼šä¸æ´»è·ƒ',
  `active_over` enum('1','0') NOT NULL COMMENT '7å¤©åæ´»è·ƒæ ‡è¯†ï¼Œ0ï¼šæ´»è·ƒï¼›1ï¼šä¸æ´»è·ƒ',
  `active_day` int(7) NOT NULL,
  `active_7_day` int(7) NOT NULL,
  `active_over_day` int(7) NOT NULL,
  PRIMARY KEY (`userid`),
  UNIQUE KEY `username` (`username`)
) ENGINE=MyISAM  DEFAULT CHARSET=utf8 AUTO_INCREMENT=1075261 ;

--
-- è½¬å­˜è¡¨ä¸­çš„æ•°æ® `sp_member`
--

INSERT INTO `sp_member` (`userid`, `username`, `ucserver_id`, `password`, `pwd_strong`, `encrypt`, `avatar`, `email`, `truename`, `gender`, `msn`, `telephone`, `get_username`, `address`, `qq`, `birthday`, `postcode`, `mobile`, `idcard`, `regip`, `regdate`, `loginnum`, `lastloginip`, `lastlogintime`, `active`, `active_7`, `active_over`, `active_day`, `active_7_day`, `active_over_day`) VALUES
(1, 'aaaaaa', 1, 'f580167671c2342b1eb9fb9bca9ba81d', '1', 'xZZnSD', 0, '', '', '2', '', '', '', '', '', 0, '', '', '', '127.0.0.1', 1378776432, 3, '127.0.0.1', 1378778713, '1', '1', '1', 0, 0, 0),
(1075260, '1075260', 59, 'c1ae10739c94c674ba5bbbdb1708891f', '1', 'cWMVy3', 0, '', '', '2', '', '', '', '', '', 0, '', '', '', '127.0.0.1', 1378778726, 0, '0', 0, '1', '1', '1', 0, 0, 0),
(108406, '108406', 60, 'e130d94ed684c5436fca9a826074f13f', '1', 'Qmkqzb', 0, '', '', '2', '', '', '', '', '', 0, '', '', '', '127.0.0.1', 1378778726, 1, '127.0.0.1', 1378778728, '1', '1', '1', 0, 0, 0);

-- --------------------------------------------------------

--
-- è¡¨çš„ç»“æ„ `sp_poster`
--

CREATE TABLE IF NOT EXISTS `sp_poster` (
  `id` smallint(5) unsigned NOT NULL AUTO_INCREMENT,
  `name` varchar(40) NOT NULL,
  `space_id` smallint(5) unsigned NOT NULL DEFAULT '0',
  `ad_type` varchar(10) NOT NULL,
  `start_time` int(10) unsigned NOT NULL DEFAULT '0',
  `end_time` int(10) unsigned NOT NULL DEFAULT '0',
  `add_time` int(10) unsigned NOT NULL DEFAULT '0',
  `listorder` tinyint(3) unsigned NOT NULL DEFAULT '0',
  `ad_status` tinyint(1) unsigned NOT NULL DEFAULT '0',
  `url` varchar(200) NOT NULL,
  `url_ext` varchar(200) NOT NULL,
  `pic` varchar(200) NOT NULL,
  `pic_ext` varchar(200) NOT NULL,
  PRIMARY KEY (`id`),
  KEY `spaceid` (`space_id`,`ad_status`,`listorder`)
) ENGINE=MyISAM  DEFAULT CHARSET=utf8 AUTO_INCREMENT=7 ;

--
-- è½¬å­˜è¡¨ä¸­çš„æ•°æ® `sp_poster`
--

INSERT INTO `sp_poster` (`id`, `name`, `space_id`, `ad_type`, `start_time`, `end_time`, `add_time`, `listorder`, `ad_status`, `url`, `url_ext`, `pic`, `pic_ext`) VALUES
(1, 'å¹»ç¯å¹¿å‘Š1', 1, 'image', 0, 0, 0, 1, 1, '', '', 'http://upload.kids.com/passport2013/0829/20130829165118385.png', ''),
(2, 'é¦–é¡µå¹»ç¯å¹¿å‘Š2', 1, '0', 0, 0, 0, 0, 1, '', '', 'http://upload.kids.com/passport2013/0829/20130829165158554.jpg', ''),
(3, 'é¦–é¡µå¹»ç¯å¹¿å‘Š3', 1, 'image', 0, 0, 0, 4, 1, 'http://www.163.com/special/0077450P/login_frame.html', '', 'http://upload.kids.com/passport2013/0829/20130829165231318.png', ''),
(4, 'å¹»ç¯å¹¿å‘Š4', 1, 'image', 0, 0, 0, 1, 1, '', '', 'http://upload.kids.com/passport2013/0829/20130829165118385.png', ''),
(5, 'é¦–é¡µå¹»ç¯å¹¿å‘Š5', 1, '0', 0, 0, 0, 0, 1, '', '', 'http://upload.kids.com/passport2013/0829/20130829165158554.jpg', ''),
(6, 'é¦–é¡µå¹»ç¯å¹¿å‘Š6', 1, 'image', 0, 0, 0, 4, 1, 'http://www.163.com/special/0077450P/login_frame.html', '', 'http://upload.kids.com/passport2013/0829/20130829165231318.png', '');

-- --------------------------------------------------------

--
-- è¡¨çš„ç»“æ„ `sp_poster_space`
--

CREATE TABLE IF NOT EXISTS `sp_poster_space` (
  `id` smallint(5) unsigned NOT NULL AUTO_INCREMENT,
  `name` char(50) NOT NULL,
  `space_type` char(30) NOT NULL,
  `width` smallint(4) unsigned NOT NULL DEFAULT '0',
  `height` smallint(4) unsigned NOT NULL DEFAULT '0',
  `description` char(100) NOT NULL,
  `space_status` tinyint(1) unsigned NOT NULL DEFAULT '0',
  PRIMARY KEY (`id`),
  KEY `disabled` (`space_status`)
) ENGINE=MyISAM  DEFAULT CHARSET=utf8 AUTO_INCREMENT=2 ;

--
-- è½¬å­˜è¡¨ä¸­çš„æ•°æ® `sp_poster_space`
--

INSERT INTO `sp_poster_space` (`id`, `name`, `space_type`, `width`, `height`, `description`, `space_status`) VALUES
(1, 'é¦–é¡µå¹»ç¯å¹¿å‘Š', 'imagelist', 400, 500, 'é¦–é¡µå¹»ç¯å›¾ç‰‡å¹¿å‘Šåˆ—è¡¨', 0);

-- --------------------------------------------------------

--
-- è¡¨çš„ç»“æ„ `sp_times`
--

CREATE TABLE IF NOT EXISTS `sp_times` (
  `username` char(40) NOT NULL,
  `ip` char(15) NOT NULL,
  `logintime` int(10) unsigned NOT NULL DEFAULT '0',
  `isadmin` tinyint(1) NOT NULL DEFAULT '0',
  `times` tinyint(1) unsigned NOT NULL DEFAULT '0',
  PRIMARY KEY (`username`,`isadmin`)
) ENGINE=MEMORY DEFAULT CHARSET=utf8;

/*!40101 SET CHARACTER_SET_CLIENT=@OLD_CHARACTER_SET_CLIENT */;
/*!40101 SET CHARACTER_SET_RESULTS=@OLD_CHARACTER_SET_RESULTS */;
/*!40101 SET COLLATION_CONNECTION=@OLD_COLLATION_CONNECTION */;
