-- phpMyAdmin SQL Dump
-- version 4.0.6
-- http://www.phpmyadmin.net
--
-- 主机: localhost
-- 生成日期: 2013-09-29 07:56:47
-- 服务器版本: 5.6.11
-- PHP 版本: 5.5.1

SET SQL_MODE = "NO_AUTO_VALUE_ON_ZERO";
SET time_zone = "+00:00";


/*!40101 SET @OLD_CHARACTER_SET_CLIENT=@@CHARACTER_SET_CLIENT */;
/*!40101 SET @OLD_CHARACTER_SET_RESULTS=@@CHARACTER_SET_RESULTS */;
/*!40101 SET @OLD_COLLATION_CONNECTION=@@COLLATION_CONNECTION */;
/*!40101 SET NAMES utf8 */;

--
-- 数据库: `studio_passport`
--

-- --------------------------------------------------------

--
-- 表的结构 `sp_admin_manager`
--

CREATE TABLE IF NOT EXISTS `sp_admin_manager` (
  `id` smallint(5) unsigned NOT NULL AUTO_INCREMENT COMMENT '管理员ID',
  `username` varchar(20) NOT NULL COMMENT '管理员帐号',
  `truename` varchar(30) NOT NULL DEFAULT '',
  `password` char(32) NOT NULL COMMENT '管理员密码',
  `roleid` smallint(5) unsigned NOT NULL COMMENT '管理员角色',
  `email` varchar(40) NOT NULL COMMENT '管理员E-mail',
  `encrypt` char(6) NOT NULL COMMENT '辅助加密字符串',
  `createtime` int(10) unsigned NOT NULL COMMENT '创建时间',
  `loginnum` smallint(5) unsigned NOT NULL COMMENT '登录次数',
  `lastip` varchar(15) NOT NULL COMMENT '最后登录IP',
  `lasttime` int(10) unsigned NOT NULL COMMENT '最后登录时间',
  `islock` enum('1','0') NOT NULL COMMENT '是否锁定，0：锁定，1：不锁定',
  `handpay_key` char(100) NOT NULL COMMENT '人工支付密钥',
  `handpay_en` char(10) NOT NULL COMMENT '支付密钥短语',
  PRIMARY KEY (`id`),
  UNIQUE KEY `name` (`username`)
) ENGINE=MyISAM  DEFAULT CHARSET=utf8 AUTO_INCREMENT=3 ;

--
-- 转存表中的数据 `sp_admin_manager`
--

INSERT INTO `sp_admin_manager` (`id`, `username`, `truename`, `password`, `roleid`, `email`, `encrypt`, `createtime`, `loginnum`, `lastip`, `lasttime`, `islock`, `handpay_key`, `handpay_en`) VALUES
(1, 'wangcanliang', '', '04ffd28d0a85e2050db77cbeeaa7d8ac', 1, '0', 'l9rIUD', 1361149565, 142, '127.0.0.1', 1380245093, '1', '2f5a45a93f1bb1824dbb649e85e3753d', 'tE4RTF'),
(2, 'wangcan', 'wang', '29508d34d7437cdfde48f5b4a9b668c8', 3, 'eee@test.com', 'hkKv5M', 1379388042, 31, '127.0.0.1', 1380416815, '1', '', '');

-- --------------------------------------------------------

--
-- 表的结构 `sp_admin_managerlog`
--

CREATE TABLE IF NOT EXISTS `sp_admin_managerlog` (
  `id` int(10) unsigned NOT NULL AUTO_INCREMENT COMMENT '日志ID',
  `userid` smallint(5) unsigned NOT NULL COMMENT '管理员ID',
  `username` varchar(20) NOT NULL COMMENT '管理员帐号',
  `roleid` smallint(5) unsigned NOT NULL COMMENT '角色ID',
  `role_name` varchar(50) NOT NULL COMMENT '角色名称',
  `menu_id` varchar(100) NOT NULL COMMENT '菜单ID',
  `menu_name` char(20) NOT NULL COMMENT '菜单名称',
  `data` mediumtext NOT NULL COMMENT '操作详情',
  `data_old` varchar(5000) NOT NULL,
  `logtype` varchar(20) NOT NULL,
  `ip` varchar(17) NOT NULL COMMENT '操作IP',
  `inputtime` int(10) unsigned NOT NULL COMMENT '操作时间',
  PRIMARY KEY (`id`)
) ENGINE=MyISAM  DEFAULT CHARSET=utf8 AUTO_INCREMENT=90 ;

--
-- 转存表中的数据 `sp_admin_managerlog`
--

INSERT INTO `sp_admin_managerlog` (`id`, `userid`, `username`, `roleid`, `role_name`, `menu_id`, `menu_name`, `data`, `data_old`, `logtype`, `ip`, `inputtime`) VALUES
(1, 2, 'wangcan', 3, '管理员', '32', '编辑', 'a:8:{s:4:"name";s:12:"查看日志";s:8:"parentid";s:2:"11";s:8:"app_code";s:8:"passport";s:10:"controller";s:10:"managerlog";s:6:"method";s:5:"viewm";s:8:"extparam";s:0:"";s:9:"listorder";b:0;s:7:"display";s:1:"4";}', 'a:10:{s:2:"id";s:2:"15";s:4:"name";s:12:"查看日志";s:8:"parentid";s:2:"11";s:8:"app_code";s:8:"passport";s:10:"controller";s:10:"managerlog";s:6:"method";s:5:"viewm";s:8:"extparam";s:0:"";s:9:"listorder";s:1:"0";s:5:"islog";s:1:"0";s:7:"display";s:1:"1";}', 'edit', '127.0.0.1', 1378793797),
(2, 2, 'wangcan', 3, '管理员', '118', '添加游戏', 'a:19:{s:4:"name";s:12:"诺瓦奇兵";s:4:"code";s:4:"nova";s:12:"webgame_type";s:1:"1";s:14:"webgame_status";s:1:"1";s:8:"url_home";s:19:"http://nova.ci.com/";s:10:"url_server";s:19:"http://nova.ci.com/";s:7:"url_bbs";s:18:"http://bbs.ci.com/";s:9:"listorder";s:1:"1";s:5:"ispay";s:1:"1";s:11:"description";s:66:"知金教育倾情奉献，最好的儿童网游，寓教于游。";s:9:"pic_small";s:60:"http://upload.ci.com/passport2013/0910/20130910141912626.jpg";s:10:"pic_middle";s:60:"http://upload.ci.com/passport2013/0910/20130910141919705.jpg";s:7:"pic_big";s:60:"http://upload.ci.com/passport2013/0910/20130910141925472.jpg";s:9:"coin_name";s:6:"诺币";s:9:"coin_unit";s:3:"枚";s:9:"coin_rate";s:2:"10";s:14:"start_maintain";i:0;s:12:"end_maintain";i:0;s:12:"url_maintain";s:0:"";}', 'a:0:{}', 'add', '127.0.0.1', 1378794012),
(3, 2, 'wangcan', 3, '管理员', '59', '添加版位', 'a:6:{s:4:"name";s:12:"幻灯广告";s:10:"space_type";s:6:"fixure";s:5:"width";s:0:"";s:6:"height";s:0:"";s:11:"description";s:0:"";s:12:"space_status";s:1:"1";}', 'a:0:{}', 'add', '127.0.0.1', 1378794106),
(4, 2, 'wangcan', 3, '管理员', '64', '添加广告', 'a:12:{s:4:"name";s:13:"幻灯广告1";s:7:"ad_type";s:5:"image";s:8:"space_id";s:1:"1";s:3:"url";s:20:"http://www.baidu.com";s:7:"url_ext";s:0:"";s:8:"add_time";s:17:"2013-09-10  14:21";s:10:"start_time";s:17:"2013-09-10  14:21";s:8:"end_time";s:17:"2013-09-29  14:21";s:9:"listorder";s:2:"66";s:9:"ad_status";s:1:"1";s:3:"pic";s:60:"http://upload.ci.com/passport2013/0910/20130910142240992.jpg";s:7:"pic_ext";s:0:"";}', 'a:0:{}', 'add', '127.0.0.1', 1378794168),
(5, 2, 'wangcan', 3, '管理员', '64', '添加广告', 'a:12:{s:4:"name";s:12:"网页游戏";s:7:"ad_type";s:5:"image";s:8:"space_id";s:1:"1";s:3:"url";s:18:"http://www.163.com";s:7:"url_ext";s:0:"";s:8:"add_time";s:0:"";s:10:"start_time";s:0:"";s:8:"end_time";s:0:"";s:9:"listorder";s:1:"2";s:9:"ad_status";s:1:"1";s:3:"pic";s:60:"http://upload.ci.com/passport2013/0910/20130910142311290.jpg";s:7:"pic_ext";s:0:"";}', 'a:0:{}', 'add', '127.0.0.1', 1378794202),
(6, 2, 'wangcan', 3, '管理员', '64', '添加广告', 'a:12:{s:4:"name";s:13:"测试站点2";s:7:"ad_type";s:5:"image";s:8:"space_id";s:1:"1";s:3:"url";s:16:"http://weibo.com";s:7:"url_ext";s:0:"";s:8:"add_time";s:0:"";s:10:"start_time";s:0:"";s:8:"end_time";s:0:"";s:9:"listorder";s:1:"2";s:9:"ad_status";s:1:"0";s:3:"pic";s:60:"http://upload.ci.com/passport2013/0910/20130910142358994.jpg";s:7:"pic_ext";s:0:"";}', 'a:0:{}', 'add', '127.0.0.1', 1378794241),
(7, 2, 'wangcan', 3, '管理员', '64', '添加广告', 'a:12:{s:4:"name";s:9:"管理员";s:7:"ad_type";s:5:"image";s:8:"space_id";s:1:"1";s:3:"url";s:23:"http://passport.ci.com/";s:7:"url_ext";s:0:"";s:8:"add_time";s:0:"";s:10:"start_time";s:0:"";s:8:"end_time";s:0:"";s:9:"listorder";s:1:"8";s:9:"ad_status";s:1:"1";s:3:"pic";s:60:"http://upload.ci.com/passport2013/0910/20130910142445635.png";s:7:"pic_ext";s:0:"";}', 'a:0:{}', 'add', '127.0.0.1', 1378794294),
(8, 2, 'wangcan', 3, '管理员', '64', '添加广告', 'a:12:{s:4:"name";s:12:"幻灯广告";s:7:"ad_type";s:5:"image";s:8:"space_id";s:1:"1";s:3:"url";s:15:"http://abc.com/";s:7:"url_ext";s:0:"";s:8:"add_time";s:0:"";s:10:"start_time";s:0:"";s:8:"end_time";s:0:"";s:9:"listorder";s:1:"9";s:9:"ad_status";s:1:"1";s:3:"pic";s:60:"http://upload.ci.com/passport2013/0910/20130910142529332.jpg";s:7:"pic_ext";s:0:"";}', 'a:0:{}', 'add', '127.0.0.1', 1378794333),
(9, 2, 'wangcan', 3, '管理员', '118', '添加游戏', 'a:19:{s:4:"name";s:9:"赛尔号";s:4:"code";s:4:"seer";s:12:"webgame_type";s:1:"2";s:14:"webgame_status";s:1:"1";s:8:"url_home";s:19:"http://seer.ci.com/";s:10:"url_server";s:19:"http://seer.ci.com/";s:7:"url_bbs";s:18:"http://bbs.ci.com/";s:9:"listorder";s:1:"2";s:5:"ispay";s:1:"1";s:11:"description";s:93:"知金教育用自己强大的用户群体运营第三方的游戏赛尔号，强强联合！";s:9:"pic_small";s:60:"http://upload.ci.com/passport2013/0910/20130910143505676.jpg";s:10:"pic_middle";s:60:"http://upload.ci.com/passport2013/0910/20130910143545206.png";s:7:"pic_big";s:60:"http://upload.ci.com/passport2013/0910/20130910143551723.png";s:9:"coin_name";s:6:"金币";s:9:"coin_unit";s:3:"个";s:9:"coin_rate";s:2:"10";s:14:"start_maintain";i:0;s:12:"end_maintain";i:0;s:12:"url_maintain";s:0:"";}', 'a:0:{}', 'add', '127.0.0.1', 1378794992),
(10, 1, 'wangcanliang', 3, '管理员', '118', '添加游戏', 'a:19:{s:4:"name";s:9:"神仙道";s:4:"code";s:6:"shenxd";s:12:"webgame_type";s:1:"3";s:14:"webgame_status";s:1:"1";s:8:"url_home";s:21:"http://shenxd.ci.com/";s:10:"url_server";s:28:"http://shenxd.ci.com/server/";s:7:"url_bbs";s:18:"http://bbs.ci.com/";s:9:"listorder";s:1:"5";s:5:"ispay";s:1:"1";s:11:"description";s:0:"";s:9:"pic_small";s:60:"http://upload.ci.com/passport2013/0910/20130910143739823.jpg";s:10:"pic_middle";s:60:"http://upload.ci.com/passport2013/0910/20130910143746964.jpg";s:7:"pic_big";s:60:"http://upload.ci.com/passport2013/0910/20130910143751644.jpg";s:9:"coin_name";s:6:"水晶";s:9:"coin_unit";s:3:"个";s:9:"coin_rate";s:3:"100";s:14:"start_maintain";i:0;s:12:"end_maintain";i:0;s:12:"url_maintain";s:0:"";}', 'a:0:{}', 'add', '127.0.0.1', 1378795152),
(11, 2, 'wangcan', 3, '管理员', '123', '添加包月', 'a:5:{s:4:"name";s:12:"诺瓦包月";s:5:"money";s:2:"10";s:4:"unit";s:1:"2";s:5:"thumb";s:60:"http://upload.ci.com/passport2013/0910/20130910144500693.jpg";s:9:"listorder";s:1:"2";}', 'a:0:{}', 'add', '127.0.0.1', 1378795503),
(12, 2, 'wangcan', 3, '管理员', '123', '添加包月', 'a:5:{s:4:"name";s:12:"诺瓦包年";s:5:"money";s:2:"50";s:4:"unit";s:1:"1";s:5:"thumb";s:60:"http://upload.ci.com/passport2013/0910/20130910144532119.jpg";s:9:"listorder";s:1:"2";}', 'a:0:{}', 'add', '127.0.0.1', 1378795535),
(13, 2, 'wangcan', 3, '管理员', '113', '添加服务器', 'a:10:{s:4:"name";s:13:"神仙道1服";s:11:"server_mark";s:1:"3";s:12:"webgame_code";s:6:"shenxd";s:9:"listorder";s:1:"1";s:5:"ispay";s:1:"1";s:13:"server_status";s:1:"1";s:10:"time_start";s:0:"";s:14:"start_maintain";i:0;s:12:"end_maintain";i:0;s:12:"url_maintain";s:0:"";}', 'a:0:{}', 'add', '127.0.0.1', 1378810611),
(14, 2, 'wangcan', 3, '管理员', '99', '删除内容', 'a:18:{s:2:"id";s:1:"1";s:5:"catid";s:1:"7";s:5:"title";s:15:"方法gggggeeee";s:5:"thumb";s:1:"0";s:8:"keywords";s:1:"0";s:11:"description";s:0:"";s:3:"url";s:0:"";s:9:"listorder";s:1:"0";s:6:"status";s:1:"1";s:6:"islink";s:1:"0";s:8:"username";s:7:"wangcan";s:8:"copyfrom";s:0:"";s:7:"content";s:43:"<p>\r\n	发撒是打发士大夫eeeeeee</p>\r\n";s:8:"template";s:1:"0";s:9:"inputtime";s:10:"1378867286";s:10:"updatetime";s:10:"1378881419";s:4:"fbak";s:1:"0";s:9:"seo_title";s:0:"";}', 'a:0:{}', 'delete', '127.0.0.1', 1378884749),
(15, 2, 'wangcan', 3, '管理员', '131', '添加支付方式', 'a:7:{s:2:"id";b:0;s:4:"name";s:12:"诺币兑换";s:4:"code";s:6:"myself";s:5:"thumb";b:0;s:9:"listorder";s:0:"";s:4:"rate";s:0:"";s:14:"payment_status";s:1:"1";}', 'a:0:{}', 'add', '127.0.0.1', 1378899605),
(16, 2, 'wangcan', 3, '管理员', '123', '添加包月', 'a:6:{s:4:"name";s:12:"诺币兑换";s:5:"money";s:2:"10";s:4:"unit";s:1:"1";s:5:"thumb";s:60:"http://upload.ci.com/passport2013/0912/20130912172705850.png";s:9:"listorder";s:2:"66";s:12:"webgame_code";s:4:"nova";}', 'a:0:{}', 'add', '127.0.0.1', 1378978028),
(17, 2, 'wangcan', 3, '管理员', '125', '编辑包月', 'a:6:{s:4:"name";s:12:"诺币兑换";s:5:"money";s:2:"10";s:4:"unit";s:3:"年";s:5:"thumb";s:60:"http://upload.ci.com/passport2013/0912/20130912172705850.png";s:9:"listorder";s:2:"66";s:12:"webgame_code";s:4:"nova";}', 'a:7:{s:2:"id";s:1:"3";s:4:"name";s:12:"诺币兑换";s:12:"webgame_code";s:4:"nova";s:5:"money";s:2:"10";s:4:"unit";s:1:"1";s:5:"thumb";s:60:"http://upload.ci.com/passport2013/0912/20130912172705850.png";s:9:"listorder";s:2:"66";}', 'edit', '127.0.0.1', 1378978420),
(18, 2, 'wangcan', 3, '管理员', '125', '编辑包月', 'a:6:{s:4:"name";s:12:"诺瓦包年";s:5:"money";s:2:"50";s:4:"unit";s:3:"月";s:5:"thumb";s:60:"http://upload.ci.com/passport2013/0910/20130910144532119.jpg";s:9:"listorder";s:1:"2";s:12:"webgame_code";s:4:"seer";}', 'a:7:{s:2:"id";s:1:"2";s:4:"name";s:12:"诺瓦包年";s:12:"webgame_code";s:4:"seer";s:5:"money";s:2:"50";s:4:"unit";s:1:"1";s:5:"thumb";s:60:"http://upload.ci.com/passport2013/0910/20130910144532119.jpg";s:9:"listorder";s:1:"2";}', 'edit', '127.0.0.1', 1378978432),
(19, 2, 'wangcan', 3, '管理员', '125', '编辑包月', 'a:6:{s:4:"name";s:12:"诺币兑换";s:5:"money";s:2:"10";s:5:"month";s:1:"1";s:5:"thumb";s:60:"http://upload.ci.com/passport2013/0912/20130912172705850.png";s:9:"listorder";s:2:"66";s:12:"webgame_code";s:4:"nova";}', 'a:7:{s:2:"id";s:1:"3";s:4:"name";s:12:"诺币兑换";s:12:"webgame_code";s:4:"nova";s:5:"money";s:2:"10";s:5:"month";s:1:"0";s:5:"thumb";s:60:"http://upload.ci.com/passport2013/0912/20130912172705850.png";s:9:"listorder";s:2:"66";}', 'edit', '127.0.0.1', 1378980822),
(20, 2, 'wangcan', 3, '管理员', '125', '编辑包月', 'a:6:{s:4:"name";s:12:"诺瓦包月";s:5:"money";s:1:"5";s:5:"month";s:1:"2";s:5:"thumb";s:60:"http://upload.ci.com/passport2013/0910/20130910144500693.jpg";s:9:"listorder";s:1:"2";s:12:"webgame_code";s:4:"nova";}', 'a:7:{s:2:"id";s:1:"1";s:4:"name";s:12:"诺瓦包月";s:12:"webgame_code";s:0:"";s:5:"money";s:2:"10";s:5:"month";s:1:"2";s:5:"thumb";s:60:"http://upload.ci.com/passport2013/0910/20130910144500693.jpg";s:9:"listorder";s:1:"2";}', 'edit', '127.0.0.1', 1378980853),
(21, 2, 'wangcan', 3, '管理员', '92', '添加栏目', 'a:14:{s:7:"catname";s:12:"赛尔资讯";s:8:"parentid";s:1:"0";s:7:"modelid";s:1:"2";s:6:"catdir";s:4:"sezx";s:5:"image";s:0:"";s:11:"description";s:0:"";s:6:"ishtml";s:1:"1";s:8:"template";s:1:"0";s:10:"meta_title";s:0:"";s:13:"meta_keywords";s:0:"";s:16:"meta_description";s:0:"";s:9:"listorder";b:0;s:7:"urlrule";s:1:"0";s:11:"bind_domain";s:19:"http://seer.ci.com/";}', 'a:0:{}', 'add', '127.0.0.1', 1379312868),
(22, 2, 'wangcan', 3, '管理员', '94', '编辑栏目', 'a:14:{s:7:"catname";s:12:"赛尔资讯";s:8:"parentid";s:1:"0";s:7:"modelid";s:1:"2";s:6:"catdir";s:4:"sezx";s:5:"image";s:0:"";s:11:"description";s:0:"";s:6:"ishtml";s:1:"0";s:8:"template";s:1:"0";s:10:"meta_title";s:0:"";s:13:"meta_keywords";s:0:"";s:16:"meta_description";s:0:"";s:9:"listorder";b:0;s:7:"urlrule";s:1:"0";s:11:"bind_domain";s:19:"http://seer.ci.com/";}', 'a:17:{s:2:"id";s:2:"23";s:7:"catname";s:12:"赛尔资讯";s:6:"catdir";s:4:"sezx";s:9:"parentdir";s:0:"";s:5:"image";s:0:"";s:8:"parentid";s:1:"0";s:7:"modelid";s:1:"2";s:11:"bind_domain";s:19:"http://seer.ci.com/";s:3:"url";s:27:"http://webgame.ci.com/.html";s:9:"listorder";s:1:"0";s:11:"description";s:0:"";s:8:"template";s:1:"0";s:10:"meta_title";s:0:"";s:13:"meta_keywords";s:0:"";s:16:"meta_description";s:0:"";s:7:"urlrule";s:1:"0";s:6:"ishtml";s:1:"1";}', 'edit', '127.0.0.1', 1379312897),
(23, 2, 'wangcan', 3, '管理员', '92', '添加栏目', 'a:14:{s:7:"catname";s:12:"赛尔新闻";s:8:"parentid";s:2:"23";s:7:"modelid";s:1:"2";s:6:"catdir";s:4:"sexw";s:5:"image";s:0:"";s:11:"description";s:0:"";s:6:"ishtml";s:1:"1";s:8:"template";s:1:"0";s:10:"meta_title";s:0:"";s:13:"meta_keywords";s:0:"";s:16:"meta_description";s:0:"";s:9:"listorder";b:0;s:7:"urlrule";s:1:"0";s:11:"bind_domain";s:0:"";}', 'a:0:{}', 'add', '127.0.0.1', 1379313440),
(24, 2, 'wangcan', 3, '管理员', '94', '编辑栏目', 'a:14:{s:7:"catname";s:12:"赛尔资讯";s:8:"parentid";s:1:"0";s:7:"modelid";s:1:"2";s:6:"catdir";s:4:"sezx";s:5:"image";s:0:"";s:11:"description";s:0:"";s:6:"ishtml";s:1:"1";s:8:"template";s:1:"0";s:10:"meta_title";s:0:"";s:13:"meta_keywords";s:0:"";s:16:"meta_description";s:0:"";s:9:"listorder";b:0;s:7:"urlrule";s:1:"0";s:11:"bind_domain";s:19:"http://seer.ci.com/";}', 'a:17:{s:2:"id";s:2:"23";s:7:"catname";s:12:"赛尔资讯";s:6:"catdir";s:4:"sezx";s:9:"parentdir";s:0:"";s:5:"image";s:0:"";s:8:"parentid";s:1:"0";s:7:"modelid";s:1:"2";s:11:"bind_domain";s:19:"http://seer.ci.com/";s:3:"url";s:27:"http://webgame.ci.com/.html";s:9:"listorder";s:1:"0";s:11:"description";s:0:"";s:8:"template";s:1:"0";s:10:"meta_title";s:0:"";s:13:"meta_keywords";s:0:"";s:16:"meta_description";s:0:"";s:7:"urlrule";s:1:"0";s:6:"ishtml";s:1:"0";}', 'edit', '127.0.0.1', 1379313513),
(25, 2, 'wangcan', 3, '管理员', '94', '编辑栏目', 'a:14:{s:7:"catname";s:12:"赛尔新闻";s:8:"parentid";s:2:"23";s:7:"modelid";s:1:"2";s:6:"catdir";s:4:"sexw";s:5:"image";s:0:"";s:11:"description";s:0:"";s:6:"ishtml";s:1:"1";s:8:"template";s:1:"0";s:10:"meta_title";s:0:"";s:13:"meta_keywords";s:0:"";s:16:"meta_description";s:0:"";s:9:"listorder";b:0;s:7:"urlrule";s:1:"0";s:11:"bind_domain";s:0:"";}', 'a:16:{s:2:"id";s:2:"24";s:7:"catname";s:12:"赛尔新闻";s:6:"catdir";s:4:"sexw";s:5:"image";s:0:"";s:8:"parentid";s:2:"23";s:7:"modelid";s:1:"2";s:11:"bind_domain";s:0:"";s:3:"url";s:29:"http://seer.ci.com/sezx/.html";s:9:"listorder";s:1:"0";s:11:"description";s:0:"";s:8:"template";s:1:"0";s:10:"meta_title";s:0:"";s:13:"meta_keywords";s:0:"";s:16:"meta_description";s:0:"";s:7:"urlrule";s:1:"0";s:6:"ishtml";s:1:"1";}', 'edit', '127.0.0.1', 1379316849),
(26, 2, 'wangcan', 3, '管理员', '94', '编辑栏目', 'a:14:{s:7:"catname";s:4:"test";s:8:"parentid";s:2:"24";s:7:"modelid";s:1:"0";s:6:"catdir";s:3:"ttt";s:5:"image";s:0:"";s:11:"description";s:0:"";s:6:"ishtml";s:1:"1";s:8:"template";s:1:"0";s:10:"meta_title";s:0:"";s:13:"meta_keywords";s:0:"";s:16:"meta_description";s:0:"";s:9:"listorder";b:0;s:7:"urlrule";s:1:"0";s:11:"bind_domain";s:0:"";}', 'a:16:{s:2:"id";s:2:"26";s:7:"catname";s:4:"test";s:6:"catdir";s:3:"ttt";s:5:"image";s:0:"";s:8:"parentid";s:2:"24";s:7:"modelid";s:1:"0";s:11:"bind_domain";s:0:"";s:3:"url";s:0:"";s:9:"listorder";s:1:"0";s:11:"description";s:0:"";s:8:"template";s:1:"0";s:10:"meta_title";s:0:"";s:13:"meta_keywords";s:0:"";s:16:"meta_description";s:0:"";s:7:"urlrule";s:1:"0";s:6:"ishtml";s:1:"0";}', 'edit', '127.0.0.1', 1379316951),
(27, 2, 'wangcan', 3, '管理员', '94', '编辑栏目', 'a:14:{s:7:"catname";s:4:"test";s:8:"parentid";s:2:"24";s:7:"modelid";s:1:"0";s:6:"catdir";s:3:"ttt";s:5:"image";s:0:"";s:11:"description";s:0:"";s:6:"ishtml";s:1:"1";s:8:"template";s:1:"0";s:10:"meta_title";s:0:"";s:13:"meta_keywords";s:0:"";s:16:"meta_description";s:0:"";s:9:"listorder";b:0;s:7:"urlrule";s:1:"0";s:11:"bind_domain";s:0:"";}', 'a:16:{s:2:"id";s:2:"26";s:7:"catname";s:4:"test";s:6:"catdir";s:3:"ttt";s:5:"image";s:0:"";s:8:"parentid";s:2:"24";s:7:"modelid";s:1:"0";s:11:"bind_domain";s:0:"";s:3:"url";s:0:"";s:9:"listorder";s:1:"0";s:11:"description";s:0:"";s:8:"template";s:1:"0";s:10:"meta_title";s:0:"";s:13:"meta_keywords";s:0:"";s:16:"meta_description";s:0:"";s:7:"urlrule";s:1:"0";s:6:"ishtml";s:1:"1";}', 'edit', '127.0.0.1', 1379317007),
(28, 2, 'wangcan', 3, '管理员', '94', '编辑栏目', 'a:15:{s:7:"catname";s:4:"test";s:8:"parentid";s:2:"24";s:7:"modelid";s:1:"0";s:6:"catdir";s:3:"ttt";s:5:"image";s:0:"";s:11:"description";s:0:"";s:6:"ishtml";s:1:"1";s:8:"template";s:1:"0";s:10:"meta_title";s:0:"";s:13:"meta_keywords";s:0:"";s:16:"meta_description";s:0:"";s:9:"listorder";b:0;s:7:"urlrule";s:1:"0";s:11:"bind_domain";s:0:"";s:3:"url";N;}', 'a:16:{s:2:"id";s:2:"26";s:7:"catname";s:4:"test";s:6:"catdir";s:3:"ttt";s:5:"image";s:0:"";s:8:"parentid";s:2:"24";s:7:"modelid";s:1:"0";s:11:"bind_domain";s:0:"";s:3:"url";s:0:"";s:9:"listorder";s:1:"0";s:11:"description";s:0:"";s:8:"template";s:1:"0";s:10:"meta_title";s:0:"";s:13:"meta_keywords";s:0:"";s:16:"meta_description";s:0:"";s:7:"urlrule";s:1:"0";s:6:"ishtml";s:1:"1";}', 'edit', '127.0.0.1', 1379318093),
(29, 2, 'wangcan', 3, '管理员', '92', '添加栏目', 'a:15:{s:7:"catname";s:15:"神仙道资讯";s:8:"parentid";s:1:"0";s:7:"modelid";s:1:"2";s:6:"catdir";s:5:"sxdzx";s:5:"image";s:0:"";s:11:"description";s:0:"";s:6:"ishtml";s:1:"1";s:8:"template";s:1:"0";s:10:"meta_title";s:0:"";s:13:"meta_keywords";s:0:"";s:16:"meta_description";s:0:"";s:9:"listorder";b:0;s:7:"urlrule";s:1:"0";s:11:"bind_domain";s:0:"";s:3:"url";s:0:"";}', 'a:0:{}', 'add', '127.0.0.1', 1379318198),
(30, 2, 'wangcan', 3, '管理员', '92', '添加栏目', 'a:14:{s:7:"catname";s:7:"游戏2";s:8:"parentid";s:1:"0";s:7:"modelid";s:1:"2";s:6:"catdir";s:2:"yx";s:5:"image";s:0:"";s:11:"description";s:0:"";s:6:"ishtml";s:1:"1";s:8:"template";s:1:"0";s:10:"meta_title";s:0:"";s:13:"meta_keywords";s:0:"";s:16:"meta_description";s:0:"";s:9:"listorder";b:0;s:7:"urlrule";s:1:"0";s:11:"bind_domain";s:0:"";}', 'a:0:{}', 'add', '127.0.0.1', 1379318297),
(31, 2, 'wangcan', 3, '管理员', '92', '添加栏目', 'a:14:{s:7:"catname";s:7:"游戏3";s:8:"parentid";s:1:"0";s:7:"modelid";s:1:"2";s:6:"catdir";s:3:"rrr";s:5:"image";s:0:"";s:11:"description";s:0:"";s:6:"ishtml";s:1:"1";s:8:"template";s:1:"0";s:10:"meta_title";s:0:"";s:13:"meta_keywords";s:0:"";s:16:"meta_description";s:0:"";s:9:"listorder";b:0;s:7:"urlrule";s:1:"0";s:11:"bind_domain";s:17:"http://yx.ci.com/";}', 'a:0:{}', 'add', '127.0.0.1', 1379318378),
(32, 2, 'wangcan', 3, '管理员', '94', '编辑栏目', 'a:15:{s:7:"catname";s:7:"游戏3";s:8:"parentid";s:1:"0";s:7:"modelid";s:1:"2";s:6:"catdir";s:3:"rrr";s:5:"image";s:0:"";s:11:"description";s:0:"";s:6:"ishtml";s:1:"1";s:8:"template";s:1:"0";s:10:"meta_title";s:0:"";s:13:"meta_keywords";s:0:"";s:16:"meta_description";s:0:"";s:9:"listorder";b:0;s:7:"urlrule";s:1:"0";s:11:"bind_domain";s:17:"http://yx.ci.com/";s:3:"url";N;}', 'a:16:{s:2:"id";s:2:"29";s:7:"catname";s:7:"游戏3";s:6:"catdir";s:3:"rrr";s:5:"image";s:0:"";s:8:"parentid";s:1:"0";s:7:"modelid";s:1:"2";s:11:"bind_domain";s:17:"http://yx.ci.com/";s:3:"url";s:0:"";s:9:"listorder";s:1:"0";s:11:"description";s:0:"";s:8:"template";s:1:"0";s:10:"meta_title";s:0:"";s:13:"meta_keywords";s:0:"";s:16:"meta_description";s:0:"";s:7:"urlrule";s:1:"0";s:6:"ishtml";s:1:"1";}', 'edit', '127.0.0.1', 1379318426),
(33, 2, 'wangcan', 3, '管理员', '94', '编辑栏目', 'a:15:{s:7:"catname";s:7:"游戏3";s:8:"parentid";s:1:"0";s:7:"modelid";s:1:"2";s:6:"catdir";s:3:"rrr";s:5:"image";s:0:"";s:11:"description";s:0:"";s:6:"ishtml";s:1:"1";s:8:"template";s:1:"0";s:10:"meta_title";s:0:"";s:13:"meta_keywords";s:0:"";s:16:"meta_description";s:0:"";s:9:"listorder";b:0;s:7:"urlrule";s:1:"0";s:11:"bind_domain";s:17:"http://yx.ci.com/";s:3:"url";s:32:"http://webgame.ci.com/index.html";}', 'a:16:{s:2:"id";s:2:"29";s:7:"catname";s:7:"游戏3";s:6:"catdir";s:3:"rrr";s:5:"image";s:0:"";s:8:"parentid";s:1:"0";s:7:"modelid";s:1:"2";s:11:"bind_domain";s:17:"http://yx.ci.com/";s:3:"url";s:0:"";s:9:"listorder";s:1:"0";s:11:"description";s:0:"";s:8:"template";s:1:"0";s:10:"meta_title";s:0:"";s:13:"meta_keywords";s:0:"";s:16:"meta_description";s:0:"";s:7:"urlrule";s:1:"0";s:6:"ishtml";s:1:"1";}', 'edit', '127.0.0.1', 1379318484),
(34, 2, 'wangcan', 3, '管理员', '92', '添加栏目', 'a:14:{s:7:"catname";s:4:"test";s:8:"parentid";s:1:"0";s:7:"modelid";s:1:"2";s:6:"catdir";s:3:"ttt";s:5:"image";s:0:"";s:11:"description";s:0:"";s:6:"ishtml";b:0;s:8:"template";s:1:"0";s:10:"meta_title";s:0:"";s:13:"meta_keywords";s:0:"";s:16:"meta_description";s:0:"";s:9:"listorder";b:0;s:7:"urlrule";s:1:"0";s:11:"bind_domain";s:19:"http://nova.ci.com/";}', 'a:0:{}', 'add', '127.0.0.1', 1379318511),
(35, 2, 'wangcan', 3, '管理员', '94', '编辑栏目', 'a:15:{s:7:"catname";s:4:"test";s:8:"parentid";s:1:"0";s:7:"modelid";s:1:"2";s:6:"catdir";s:3:"ttt";s:5:"image";s:0:"";s:11:"description";s:0:"";s:6:"ishtml";s:1:"1";s:8:"template";s:1:"0";s:10:"meta_title";s:0:"";s:13:"meta_keywords";s:0:"";s:16:"meta_description";s:0:"";s:9:"listorder";b:0;s:7:"urlrule";s:1:"0";s:11:"bind_domain";s:19:"http://nova.ci.com/";s:3:"url";s:32:"http://webgame.ci.com/index.html";}', 'a:16:{s:2:"id";s:2:"30";s:7:"catname";s:4:"test";s:6:"catdir";s:3:"ttt";s:5:"image";s:0:"";s:8:"parentid";s:1:"0";s:7:"modelid";s:1:"2";s:11:"bind_domain";s:19:"http://nova.ci.com/";s:3:"url";s:45:"http://webgame.ci.com/index/category?catid=30";s:9:"listorder";s:1:"0";s:11:"description";s:0:"";s:8:"template";s:1:"0";s:10:"meta_title";s:0:"";s:13:"meta_keywords";s:0:"";s:16:"meta_description";s:0:"";s:7:"urlrule";s:1:"0";s:6:"ishtml";s:1:"0";}', 'edit', '127.0.0.1', 1379318532),
(36, 2, 'wangcan', 3, '管理员', '94', '编辑栏目', 'a:15:{s:7:"catname";s:4:"test";s:8:"parentid";s:1:"0";s:7:"modelid";s:1:"2";s:6:"catdir";s:3:"ttt";s:5:"image";s:0:"";s:11:"description";s:0:"";s:6:"ishtml";s:1:"1";s:8:"template";s:1:"0";s:10:"meta_title";s:0:"";s:13:"meta_keywords";s:0:"";s:16:"meta_description";s:0:"";s:9:"listorder";b:0;s:7:"urlrule";s:1:"0";s:11:"bind_domain";s:19:"http://nova.ci.com/";s:3:"url";s:29:"http://nova.ci.com/index.html";}', 'a:16:{s:2:"id";s:2:"30";s:7:"catname";s:4:"test";s:6:"catdir";s:3:"ttt";s:5:"image";s:0:"";s:8:"parentid";s:1:"0";s:7:"modelid";s:1:"2";s:11:"bind_domain";s:19:"http://nova.ci.com/";s:3:"url";s:32:"http://webgame.ci.com/index.html";s:9:"listorder";s:1:"0";s:11:"description";s:0:"";s:8:"template";s:1:"0";s:10:"meta_title";s:0:"";s:13:"meta_keywords";s:0:"";s:16:"meta_description";s:0:"";s:7:"urlrule";s:1:"0";s:6:"ishtml";s:1:"1";}', 'edit', '127.0.0.1', 1379318614),
(37, 2, 'wangcan', 3, '管理员', '92', '添加栏目', 'a:14:{s:7:"catname";s:3:"fff";s:8:"parentid";s:2:"25";s:7:"modelid";s:1:"2";s:6:"catdir";s:5:"aaaaa";s:5:"image";s:0:"";s:11:"description";s:0:"";s:6:"ishtml";s:1:"1";s:8:"template";s:1:"0";s:10:"meta_title";s:0:"";s:13:"meta_keywords";s:0:"";s:16:"meta_description";s:0:"";s:9:"listorder";b:0;s:7:"urlrule";s:1:"0";s:11:"bind_domain";s:0:"";}', 'a:0:{}', 'add', '127.0.0.1', 1379319788),
(38, 2, 'wangcan', 3, '管理员', '94', '编辑栏目', 'a:15:{s:7:"catname";s:3:"fff";s:8:"parentid";s:2:"25";s:7:"modelid";s:1:"2";s:6:"catdir";s:5:"aaaaa";s:5:"image";s:0:"";s:11:"description";s:0:"";s:6:"ishtml";s:1:"0";s:8:"template";s:1:"0";s:10:"meta_title";s:0:"";s:13:"meta_keywords";s:0:"";s:16:"meta_description";s:0:"";s:9:"listorder";b:0;s:7:"urlrule";s:1:"0";s:11:"bind_domain";s:0:"";s:3:"url";s:34:"http://seer.ci.com/category?catid=";}', 'a:16:{s:2:"id";s:2:"31";s:7:"catname";s:3:"fff";s:6:"catdir";s:5:"aaaaa";s:5:"image";s:0:"";s:8:"parentid";s:2:"25";s:7:"modelid";s:1:"2";s:11:"bind_domain";s:0:"";s:3:"url";s:43:"http://seer.ci.com/sezx/sexw/rrr/index.html";s:9:"listorder";s:1:"0";s:11:"description";s:0:"";s:8:"template";s:1:"0";s:10:"meta_title";s:0:"";s:13:"meta_keywords";s:0:"";s:16:"meta_description";s:0:"";s:7:"urlrule";s:1:"0";s:6:"ishtml";s:1:"1";}', 'edit', '127.0.0.1', 1379320067),
(39, 2, 'wangcan', 3, '管理员', '94', '编辑栏目', 'a:15:{s:7:"catname";s:3:"fff";s:8:"parentid";s:2:"25";s:7:"modelid";s:1:"2";s:6:"catdir";s:5:"aaaaa";s:5:"image";s:0:"";s:11:"description";s:0:"";s:6:"ishtml";s:1:"0";s:8:"template";s:1:"0";s:10:"meta_title";s:0:"";s:13:"meta_keywords";s:0:"";s:16:"meta_description";s:0:"";s:9:"listorder";b:0;s:7:"urlrule";s:1:"0";s:11:"bind_domain";s:0:"";s:3:"url";s:34:"http://seer.ci.com/category?catid=";}', 'a:16:{s:2:"id";s:2:"31";s:7:"catname";s:3:"fff";s:6:"catdir";s:5:"aaaaa";s:5:"image";s:0:"";s:8:"parentid";s:2:"25";s:7:"modelid";s:1:"2";s:11:"bind_domain";s:0:"";s:3:"url";s:34:"http://seer.ci.com/category?catid=";s:9:"listorder";s:1:"0";s:11:"description";s:0:"";s:8:"template";s:1:"0";s:10:"meta_title";s:0:"";s:13:"meta_keywords";s:0:"";s:16:"meta_description";s:0:"";s:7:"urlrule";s:1:"0";s:6:"ishtml";s:1:"0";}', 'edit', '127.0.0.1', 1379320181),
(40, 2, 'wangcan', 3, '管理员', '94', '编辑栏目', 'a:15:{s:7:"catname";s:4:"test";s:8:"parentid";s:1:"0";s:7:"modelid";s:1:"2";s:6:"catdir";s:3:"ttt";s:5:"image";s:0:"";s:11:"description";s:0:"";s:6:"ishtml";s:1:"0";s:8:"template";s:1:"0";s:10:"meta_title";s:0:"";s:13:"meta_keywords";s:0:"";s:16:"meta_description";s:0:"";s:9:"listorder";b:0;s:7:"urlrule";s:1:"0";s:11:"bind_domain";s:19:"http://nova.ci.com/";s:3:"url";s:34:"http://nova.ci.com/category?catid=";}', 'a:16:{s:2:"id";s:2:"30";s:7:"catname";s:4:"test";s:6:"catdir";s:3:"ttt";s:5:"image";s:0:"";s:8:"parentid";s:1:"0";s:7:"modelid";s:1:"2";s:11:"bind_domain";s:19:"http://nova.ci.com/";s:3:"url";s:29:"http://nova.ci.com/index.html";s:9:"listorder";s:1:"0";s:11:"description";s:0:"";s:8:"template";s:1:"0";s:10:"meta_title";s:0:"";s:13:"meta_keywords";s:0:"";s:16:"meta_description";s:0:"";s:7:"urlrule";s:1:"0";s:6:"ishtml";s:1:"1";}', 'edit', '127.0.0.1', 1379320203),
(41, 2, 'wangcan', 3, '管理员', '94', '编辑栏目', 'a:15:{s:7:"catname";s:4:"test";s:8:"parentid";s:1:"0";s:7:"modelid";s:1:"2";s:6:"catdir";s:3:"ttt";s:5:"image";s:0:"";s:11:"description";s:0:"";s:6:"ishtml";s:1:"0";s:8:"template";s:1:"0";s:10:"meta_title";s:0:"";s:13:"meta_keywords";s:0:"";s:16:"meta_description";s:0:"";s:9:"listorder";b:0;s:7:"urlrule";s:1:"0";s:11:"bind_domain";s:19:"http://nova.ci.com/";s:3:"url";s:36:"http://nova.ci.com/category?catid=30";}', 'a:16:{s:2:"id";s:2:"30";s:7:"catname";s:4:"test";s:6:"catdir";s:3:"ttt";s:5:"image";s:0:"";s:8:"parentid";s:1:"0";s:7:"modelid";s:1:"2";s:11:"bind_domain";s:19:"http://nova.ci.com/";s:3:"url";s:34:"http://nova.ci.com/category?catid=";s:9:"listorder";s:1:"0";s:11:"description";s:0:"";s:8:"template";s:1:"0";s:10:"meta_title";s:0:"";s:13:"meta_keywords";s:0:"";s:16:"meta_description";s:0:"";s:7:"urlrule";s:1:"0";s:6:"ishtml";s:1:"0";}', 'edit', '127.0.0.1', 1379320226),
(42, 2, 'wangcan', 3, '管理员', '94', '编辑栏目', 'a:15:{s:7:"catname";s:3:"fff";s:8:"parentid";s:2:"25";s:7:"modelid";s:1:"2";s:6:"catdir";s:5:"aaaaa";s:5:"image";s:0:"";s:11:"description";s:0:"";s:6:"ishtml";s:1:"0";s:8:"template";s:1:"0";s:10:"meta_title";s:0:"";s:13:"meta_keywords";s:0:"";s:16:"meta_description";s:0:"";s:9:"listorder";b:0;s:7:"urlrule";s:1:"0";s:11:"bind_domain";s:0:"";s:3:"url";s:36:"http://seer.ci.com/category?catid=31";}', 'a:16:{s:2:"id";s:2:"31";s:7:"catname";s:3:"fff";s:6:"catdir";s:5:"aaaaa";s:5:"image";s:0:"";s:8:"parentid";s:2:"25";s:7:"modelid";s:1:"2";s:11:"bind_domain";s:0:"";s:3:"url";s:34:"http://seer.ci.com/category?catid=";s:9:"listorder";s:1:"0";s:11:"description";s:0:"";s:8:"template";s:1:"0";s:10:"meta_title";s:0:"";s:13:"meta_keywords";s:0:"";s:16:"meta_description";s:0:"";s:7:"urlrule";s:1:"0";s:6:"ishtml";s:1:"0";}', 'edit', '127.0.0.1', 1379320245),
(43, 2, 'wangcan', 3, '管理员', '12', '修改个人信息', 'a:4:{s:8:"truename";s:4:"wang";s:5:"email";s:12:"eee@test.com";s:8:"username";s:7:"wangcan";s:10:"createtime";i:1379387533;}', 'a:14:{s:2:"id";s:1:"2";s:8:"username";s:7:"wangcan";s:8:"truename";s:4:"wang";s:8:"password";s:32:"3b7bdee72acc991e195b29abf6ee2471";s:6:"roleid";s:1:"3";s:5:"email";s:12:"eee@test.com";s:7:"encrypt";s:6:"SEQ7TW";s:10:"createtime";s:10:"1378707398";s:8:"loginnum";s:2:"14";s:6:"lastip";s:9:"127.0.0.1";s:8:"lasttime";s:10:"1379387509";s:6:"islock";s:1:"1";s:11:"handpay_key";s:0:"";s:10:"handpay_en";s:0:"";}', 'edit', '127.0.0.1', 1379387533),
(44, 2, 'wangcan', 3, '管理员', '12', '修改个人信息', 'a:4:{s:8:"truename";s:4:"wang";s:5:"email";s:12:"eee@test.com";s:8:"username";s:7:"wangcan";s:10:"createtime";i:1379387601;}', 'a:14:{s:2:"id";s:1:"2";s:8:"username";s:7:"wangcan";s:8:"truename";s:4:"wang";s:8:"password";s:32:"3b7bdee72acc991e195b29abf6ee2471";s:6:"roleid";s:1:"3";s:5:"email";s:12:"eee@test.com";s:7:"encrypt";s:6:"SEQ7TW";s:10:"createtime";s:10:"1379387533";s:8:"loginnum";s:2:"14";s:6:"lastip";s:9:"127.0.0.1";s:8:"lasttime";s:10:"1379387509";s:6:"islock";s:1:"1";s:11:"handpay_key";s:0:"";s:10:"handpay_en";s:0:"";}', 'edit', '127.0.0.1', 1379387601),
(45, 2, 'wangcan', 3, '管理员', '12', '修改个人信息', 'a:4:{s:8:"truename";s:4:"wang";s:5:"email";s:12:"eee@test.com";s:8:"username";s:7:"wangcan";s:10:"createtime";i:1379387666;}', 'a:14:{s:2:"id";s:1:"2";s:8:"username";s:7:"wangcan";s:8:"truename";s:4:"wang";s:8:"password";s:32:"3b7bdee72acc991e195b29abf6ee2471";s:6:"roleid";s:1:"3";s:5:"email";s:12:"eee@test.com";s:7:"encrypt";s:6:"SEQ7TW";s:10:"createtime";s:10:"1379387601";s:8:"loginnum";s:2:"14";s:6:"lastip";s:9:"127.0.0.1";s:8:"lasttime";s:10:"1379387509";s:6:"islock";s:1:"1";s:11:"handpay_key";s:0:"";s:10:"handpay_en";s:0:"";}', 'edit', '127.0.0.1', 1379387666),
(46, 2, 'wangcan', 3, '管理员', '12', '修改个人信息', 'a:4:{s:8:"truename";s:4:"wang";s:5:"email";s:12:"eee@test.com";s:8:"username";s:7:"wangcan";s:10:"createtime";i:1379387693;}', 'a:14:{s:2:"id";s:1:"2";s:8:"username";s:7:"wangcan";s:8:"truename";s:4:"wang";s:8:"password";s:32:"3b7bdee72acc991e195b29abf6ee2471";s:6:"roleid";s:1:"3";s:5:"email";s:12:"eee@test.com";s:7:"encrypt";s:6:"SEQ7TW";s:10:"createtime";s:10:"1379387666";s:8:"loginnum";s:2:"14";s:6:"lastip";s:9:"127.0.0.1";s:8:"lasttime";s:10:"1379387509";s:6:"islock";s:1:"1";s:11:"handpay_key";s:0:"";s:10:"handpay_en";s:0:"";}', 'edit', '127.0.0.1', 1379387693),
(47, 2, 'wangcan', 3, '管理员', '12', '修改个人信息', 'a:4:{s:8:"truename";s:4:"wang";s:5:"email";s:12:"eee@test.com";s:8:"username";N;s:10:"createtime";i:1379387785;}', 'a:14:{s:2:"id";s:1:"2";s:8:"username";s:7:"wangcan";s:8:"truename";s:4:"wang";s:8:"password";s:32:"3b7bdee72acc991e195b29abf6ee2471";s:6:"roleid";s:1:"3";s:5:"email";s:12:"eee@test.com";s:7:"encrypt";s:6:"SEQ7TW";s:10:"createtime";s:10:"1379387693";s:8:"loginnum";s:2:"14";s:6:"lastip";s:9:"127.0.0.1";s:8:"lasttime";s:10:"1379387509";s:6:"islock";s:1:"1";s:11:"handpay_key";s:0:"";s:10:"handpay_en";s:0:"";}', 'edit', '127.0.0.1', 1379387785),
(48, 2, 'wangcan', 3, '管理员', '12', '修改个人信息', 'a:4:{s:8:"truename";s:4:"wang";s:5:"email";s:12:"eee@test.com";s:8:"username";N;s:10:"createtime";i:1379388042;}', 'a:14:{s:2:"id";s:1:"2";s:8:"username";s:7:"wangcan";s:8:"truename";s:4:"wang";s:8:"password";s:32:"04ffd28d0a85e2050db77cbeeaa7d8ac";s:6:"roleid";s:1:"3";s:5:"email";s:12:"eee@test.com";s:7:"encrypt";s:6:"l9rIUD";s:10:"createtime";s:10:"1379387785";s:8:"loginnum";s:2:"15";s:6:"lastip";s:9:"127.0.0.1";s:8:"lasttime";s:10:"1379388032";s:6:"islock";s:1:"1";s:11:"handpay_key";s:0:"";s:10:"handpay_en";s:0:"";}', 'edit', '127.0.0.1', 1379388042),
(49, 2, 'wangcan', 3, '管理员', '12', '修改个人信息', 'a:4:{s:8:"truename";s:4:"wang";s:5:"email";s:12:"eee@test.com";s:8:"username";s:7:"wangcan";s:10:"createtime";s:10:"1379388042";}', 'a:14:{s:2:"id";s:1:"2";s:8:"username";s:7:"wangcan";s:8:"truename";s:4:"wang";s:8:"password";s:32:"04ffd28d0a85e2050db77cbeeaa7d8ac";s:6:"roleid";s:1:"3";s:5:"email";s:12:"eee@test.com";s:7:"encrypt";s:6:"l9rIUD";s:10:"createtime";s:10:"1379388042";s:8:"loginnum";s:2:"16";s:6:"lastip";s:9:"127.0.0.1";s:8:"lasttime";s:10:"1379388103";s:6:"islock";s:1:"1";s:11:"handpay_key";s:0:"";s:10:"handpay_en";s:0:"";}', 'edit', '127.0.0.1', 1379388829),
(50, 2, 'wangcan', 3, '管理员', '12', '修改个人信息', 'a:4:{s:8:"truename";s:4:"wang";s:5:"email";s:12:"eee@test.com";s:8:"username";s:7:"wangcan";s:10:"createtime";s:10:"1379388042";}', 'a:14:{s:2:"id";s:1:"2";s:8:"username";s:7:"wangcan";s:8:"truename";s:4:"wang";s:8:"password";s:32:"04ffd28d0a85e2050db77cbeeaa7d8ac";s:6:"roleid";s:1:"3";s:5:"email";s:12:"eee@test.com";s:7:"encrypt";s:6:"l9rIUD";s:10:"createtime";s:10:"1379388042";s:8:"loginnum";s:2:"16";s:6:"lastip";s:9:"127.0.0.1";s:8:"lasttime";s:10:"1379388103";s:6:"islock";s:1:"1";s:11:"handpay_key";s:0:"";s:10:"handpay_en";s:0:"";}', 'edit', '127.0.0.1', 1379388834),
(51, 2, 'wangcan', 3, '管理员', '12', '修改个人信息', 'a:4:{s:8:"truename";s:4:"wang";s:5:"email";s:12:"eee@test.com";s:8:"username";s:7:"wangcan";s:10:"createtime";s:10:"1379388042";}', 'a:14:{s:2:"id";s:1:"2";s:8:"username";s:7:"wangcan";s:8:"truename";s:4:"wang";s:8:"password";s:32:"04ffd28d0a85e2050db77cbeeaa7d8ac";s:6:"roleid";s:1:"3";s:5:"email";s:12:"eee@test.com";s:7:"encrypt";s:6:"l9rIUD";s:10:"createtime";s:10:"1379388042";s:8:"loginnum";s:2:"16";s:6:"lastip";s:9:"127.0.0.1";s:8:"lasttime";s:10:"1379388103";s:6:"islock";s:1:"1";s:11:"handpay_key";s:0:"";s:10:"handpay_en";s:0:"";}', 'edit', '127.0.0.1', 1379388841),
(52, 2, 'wangcan', 3, '管理员', '13', '修改密码', 'a:4:{s:8:"username";s:7:"wangcan";s:10:"createtime";s:10:"1379388042";s:8:"password";s:32:"836fe0cba3643f11490a82b76059a77c";s:7:"encrypt";s:6:"hFeG78";}', 'a:14:{s:2:"id";s:1:"2";s:8:"username";s:7:"wangcan";s:8:"truename";s:4:"wang";s:8:"password";s:32:"04ffd28d0a85e2050db77cbeeaa7d8ac";s:6:"roleid";s:1:"3";s:5:"email";s:12:"eee@test.com";s:7:"encrypt";s:6:"l9rIUD";s:10:"createtime";s:10:"1379388042";s:8:"loginnum";s:2:"16";s:6:"lastip";s:9:"127.0.0.1";s:8:"lasttime";s:10:"1379388103";s:6:"islock";s:1:"1";s:11:"handpay_key";s:0:"";s:10:"handpay_en";s:0:"";}', 'edit', '127.0.0.1', 1379388855),
(53, 2, 'wangcan', 3, '管理员', '13', '修改密码', 'a:4:{s:8:"username";s:7:"wangcan";s:10:"createtime";s:10:"1379388042";s:8:"password";s:32:"1c372b4a2049607135a717ead97deb55";s:7:"encrypt";s:6:"npmahP";}', 'a:14:{s:2:"id";s:1:"2";s:8:"username";s:7:"wangcan";s:8:"truename";s:4:"wang";s:8:"password";s:32:"836fe0cba3643f11490a82b76059a77c";s:6:"roleid";s:1:"3";s:5:"email";s:12:"eee@test.com";s:7:"encrypt";s:6:"hFeG78";s:10:"createtime";s:10:"1379388042";s:8:"loginnum";s:2:"17";s:6:"lastip";s:9:"127.0.0.1";s:8:"lasttime";s:10:"1379388891";s:6:"islock";s:1:"1";s:11:"handpay_key";s:0:"";s:10:"handpay_en";s:0:"";}', 'edit', '127.0.0.1', 1379389144),
(54, 2, 'wangcan', 3, '管理员', '32', '编辑', 'a:8:{s:4:"name";s:13:"测试站点2";s:8:"parentid";s:1:"0";s:8:"app_code";s:6:"tbshop";s:10:"controller";s:0:"";s:6:"method";s:0:"";s:8:"extparam";s:0:"";s:9:"listorder";b:0;s:7:"display";s:1:"1";}', 'a:10:{s:2:"id";s:1:"9";s:4:"name";s:13:"测试站点2";s:8:"parentid";s:1:"0";s:8:"app_code";s:6:"tbshop";s:10:"controller";s:0:"";s:6:"method";s:0:"";s:8:"extparam";s:0:"";s:9:"listorder";s:1:"9";s:5:"islog";s:1:"0";s:7:"display";s:1:"1";}', 'edit', '127.0.0.1', 1379396095),
(55, 2, 'wangcan', 3, '管理员', '61', '编辑版位', 'a:6:{s:4:"name";s:12:"幻灯广告";s:4:"type";b:0;s:5:"width";s:1:"0";s:6:"height";s:1:"0";s:11:"description";s:0:"";s:6:"status";s:1:"1";}', 'a:7:{s:2:"id";s:1:"1";s:4:"name";s:12:"幻灯广告";s:4:"type";s:6:"fixure";s:5:"width";s:1:"0";s:6:"height";s:1:"0";s:11:"description";s:0:"";s:6:"status";s:1:"1";}', 'edit', '127.0.0.1', 1379396479),
(56, 2, 'wangcan', 3, '管理员', '66', '编辑广告', 'a:12:{s:4:"name";s:12:"幻灯广告";s:4:"type";b:0;s:8:"space_id";b:0;s:3:"url";s:15:"http://abc.com/";s:7:"url_ext";s:0:"";s:8:"add_time";s:0:"";s:10:"start_time";s:0:"";s:8:"end_time";s:0:"";s:9:"listorder";s:1:"9";s:6:"status";s:1:"1";s:3:"pic";s:60:"http://upload.ci.com/passport2013/0910/20130910142529332.jpg";s:7:"pic_ext";s:0:"";}', 'a:13:{s:2:"id";s:1:"5";s:4:"name";s:12:"幻灯广告";s:8:"space_id";s:1:"1";s:4:"type";s:5:"image";s:10:"start_time";s:1:"0";s:8:"end_time";s:1:"0";s:8:"add_time";s:1:"0";s:9:"listorder";s:1:"9";s:6:"status";s:1:"1";s:3:"url";s:15:"http://abc.com/";s:7:"url_ext";s:0:"";s:3:"pic";s:60:"http://upload.ci.com/passport2013/0910/20130910142529332.jpg";s:7:"pic_ext";s:0:"";}', 'edit', '127.0.0.1', 1379396485),
(57, 2, 'wangcan', 3, '管理员', '69', '添加友链', 'a:8:{s:4:"name";s:7:"友链1";s:4:"type";s:4:"nova";s:3:"url";s:21:"http://www.baidu.com/";s:4:"logo";s:0:"";s:9:"listorder";s:0:"";s:8:"add_time";i:1379396460;s:11:"description";s:0:"";s:6:"status";s:1:"1";}', 'a:0:{}', 'add', '127.0.0.1', 1379396520),
(58, 1, 'wangcanliang', 1, '超级管理员', '116', '编辑游戏', 'a:19:{s:4:"name";s:9:"赛尔号";s:4:"code";s:4:"seer";s:4:"type";s:1:"2";s:6:"status";s:1:"1";s:8:"url_home";s:19:"http://seer.ci.com/";s:10:"url_server";s:19:"http://seer.ci.com/";s:7:"url_bbs";s:18:"http://bbs.ci.com/";s:9:"listorder";s:1:"2";s:5:"ispay";s:1:"1";s:11:"description";s:93:"知金教育用自己强大的用户群体运营第三方的游戏赛尔号，强强联合！";s:9:"pic_small";s:60:"http://upload.ci.com/passport2013/0910/20130910143505676.jpg";s:10:"pic_middle";s:60:"http://upload.ci.com/passport2013/0910/20130910143545206.png";s:7:"pic_big";s:60:"http://upload.ci.com/passport2013/0910/20130910143551723.png";s:9:"coin_name";s:6:"金币";s:9:"coin_unit";s:3:"个";s:9:"coin_rate";s:2:"10";s:14:"start_maintain";i:0;s:12:"end_maintain";i:0;s:12:"url_maintain";s:0:"";}', 'a:21:{s:2:"id";s:1:"2";s:4:"code";s:4:"seer";s:4:"name";s:9:"赛尔号";s:11:"description";s:93:"知金教育用自己强大的用户群体运营第三方的游戏赛尔号，强强联合！";s:5:"brief";N;s:9:"pic_small";s:60:"http://upload.ci.com/passport2013/0910/20130910143505676.jpg";s:10:"pic_middle";s:60:"http://upload.ci.com/passport2013/0910/20130910143545206.png";s:7:"pic_big";s:60:"http://upload.ci.com/passport2013/0910/20130910143551723.png";s:8:"url_home";s:19:"http://seer.ci.com/";s:10:"url_server";s:19:"http://seer.ci.com/";s:7:"url_bbs";s:18:"http://bbs.ci.com/";s:9:"coin_name";s:6:"金币";s:9:"coin_unit";s:3:"个";s:9:"coin_rate";s:2:"10";s:9:"listorder";s:1:"2";s:5:"ispay";s:1:"1";s:4:"type";s:1:"2";s:6:"status";s:1:"1";s:12:"url_maintain";s:0:"";s:14:"start_maintain";s:1:"0";s:12:"end_maintain";s:1:"0";}', 'edit', '127.0.0.1', 1379397746),
(59, 1, 'wangcanliang', 1, '超级管理员', '111', '编辑服务器', 'a:10:{s:4:"name";s:13:"神仙道1服";s:11:"server_mark";s:1:"3";s:12:"webgame_code";s:6:"shenxd";s:9:"listorder";s:1:"1";s:5:"ispay";s:1:"1";s:6:"status";s:1:"1";s:10:"time_start";s:0:"";s:14:"start_maintain";i:0;s:12:"end_maintain";i:0;s:12:"url_maintain";s:0:"";}', 'a:11:{s:2:"id";s:1:"1";s:12:"webgame_code";s:6:"shenxd";s:4:"name";s:13:"神仙道1服";s:9:"listorder";s:1:"1";s:5:"ispay";s:1:"1";s:6:"status";s:1:"1";s:10:"time_start";s:1:"0";s:11:"server_mark";s:1:"3";s:14:"start_maintain";s:1:"0";s:12:"end_maintain";s:1:"0";s:12:"url_maintain";s:0:"";}', 'edit', '127.0.0.1', 1379397751),
(60, 2, 'wangcan', 3, '管理员', '13', '修改密码', 'a:4:{s:8:"username";s:7:"wangcan";s:10:"createtime";s:10:"1379388042";s:8:"password";s:32:"29508d34d7437cdfde48f5b4a9b668c8";s:7:"encrypt";s:6:"hkKv5M";}', 'a:14:{s:2:"id";s:1:"2";s:8:"username";s:7:"wangcan";s:8:"truename";s:4:"wang";s:8:"password";s:32:"1c372b4a2049607135a717ead97deb55";s:6:"roleid";s:1:"3";s:5:"email";s:12:"eee@test.com";s:7:"encrypt";s:6:"npmahP";s:10:"createtime";s:10:"1379388042";s:8:"loginnum";s:2:"19";s:6:"lastip";s:9:"127.0.0.1";s:8:"lasttime";s:10:"1379398458";s:6:"islock";s:1:"1";s:11:"handpay_key";s:0:"";s:10:"handpay_en";s:0:"";}', 'edit', '127.0.0.1', 1379398477),
(61, 2, 'wangcan', 3, '管理员', '125', '编辑包月', 'a:3:{i:1;s:1:"2";i:2;s:1:"2";i:3;s:2:"66";}', 'a:0:{}', 'listorder', '127.0.0.1', 1379398810),
(62, 2, 'wangcan', 3, '管理员', '125', '编辑包月', 'a:3:{i:1;s:1:"2";i:2;s:2:"23";i:3;s:2:"66";}', 'a:0:{}', 'listorder', '127.0.0.1', 1379398815),
(63, 2, 'wangcan', 3, '管理员', '125', '编辑包月', 'a:6:{s:4:"name";s:12:"诺瓦包月";s:5:"money";s:1:"5";s:5:"month";s:1:"2";s:5:"thumb";s:60:"http://upload.ci.com/passport2013/0910/20130910144500693.jpg";s:9:"listorder";s:3:"233";s:12:"webgame_code";s:4:"nova";}', 'a:7:{s:2:"id";s:1:"1";s:4:"name";s:12:"诺瓦包月";s:12:"webgame_code";s:4:"nova";s:5:"money";s:1:"5";s:5:"month";s:1:"2";s:5:"thumb";s:60:"http://upload.ci.com/passport2013/0910/20130910144500693.jpg";s:9:"listorder";s:1:"2";}', 'edit', '127.0.0.1', 1379398822),
(64, 2, 'wangcan', 3, '管理员', '125', '编辑包月', 'a:6:{s:4:"name";s:12:"诺币兑换";s:5:"money";s:2:"10";s:5:"month";s:1:"1";s:5:"thumb";s:60:"http://upload.ci.com/passport2013/0912/20130912172705850.png";s:9:"listorder";s:2:"66";s:12:"webgame_code";s:4:"nova";}', 'a:7:{s:2:"id";s:1:"3";s:4:"name";s:12:"诺币兑换";s:12:"webgame_code";s:4:"nova";s:5:"money";s:2:"10";s:5:"month";s:1:"1";s:5:"thumb";s:60:"http://upload.ci.com/passport2013/0912/20130912172705850.png";s:9:"listorder";s:2:"66";}', 'edit', '127.0.0.1', 1379398836),
(65, 2, 'wangcan', 3, '管理员', '129', '编辑支付方式', 'a:5:{i:1;s:3:"100";i:2;s:2:"99";i:8;s:2:"97";i:14;s:1:"0";i:20;s:1:"0";}', 'a:0:{}', 'listorder', '127.0.0.1', 1379399341),
(66, 2, 'wangcan', 3, '管理员', '129', '编辑支付方式', 'a:5:{i:1;s:3:"100";i:2;s:2:"99";i:8;s:2:"97";i:14;s:2:"10";i:20;s:1:"0";}', 'a:0:{}', 'listorder', '127.0.0.1', 1379399348),
(67, 2, 'wangcan', 3, '管理员', '129', '编辑支付方式', 'a:5:{i:1;s:3:"100";i:2;s:1:"8";i:8;s:2:"97";i:14;s:2:"10";i:20;s:1:"0";}', 'a:0:{}', 'listorder', '127.0.0.1', 1379399355),
(68, 2, 'wangcan', 3, '管理员', '129', '编辑支付方式', 'a:7:{s:2:"id";b:0;s:4:"name";s:9:"电信卡";s:4:"code";b:0;s:5:"thumb";b:0;s:9:"listorder";s:2:"10";s:4:"rate";s:4:"0.04";s:6:"status";s:1:"1";}', 'a:8:{s:2:"id";s:2:"14";s:4:"code";s:9:"ybtelecom";s:4:"name";s:9:"电信卡";s:11:"description";s:25:"电信卡<br />\n电信卡";s:5:"thumb";s:0:"";s:9:"listorder";s:2:"10";s:4:"rate";s:4:"0.04";s:6:"status";s:1:"1";}', 'edit', '127.0.0.1', 1379399479),
(69, 2, 'wangcan', 3, '管理员', '129', '编辑支付方式', 'a:5:{s:4:"name";s:9:"电信卡";s:5:"thumb";b:0;s:9:"listorder";s:2:"10";s:4:"rate";s:4:"0.04";s:6:"status";s:1:"1";}', 'a:8:{s:2:"id";s:1:"4";s:4:"code";s:6:"ybtele";s:4:"name";s:9:"电信卡";s:11:"description";s:25:"电信卡<br />\n电信卡";s:5:"thumb";s:1:"0";s:9:"listorder";s:2:"10";s:4:"rate";s:4:"0.04";s:6:"status";s:1:"1";}', 'edit', '127.0.0.1', 1379399725),
(70, 2, 'wangcan', 3, '管理员', '129', '编辑支付方式', 'a:5:{s:4:"name";s:9:"电信卡";s:5:"thumb";b:0;s:9:"listorder";s:2:"10";s:4:"rate";s:4:"0.04";s:6:"status";s:1:"1";}', 'a:8:{s:2:"id";s:1:"4";s:4:"code";s:6:"ybtele";s:4:"name";s:9:"电信卡";s:11:"description";s:25:"电信卡<br />\n电信卡";s:5:"thumb";s:1:"0";s:9:"listorder";s:2:"10";s:4:"rate";s:4:"0.04";s:6:"status";s:1:"1";}', 'edit', '127.0.0.1', 1379399733),
(71, 2, 'wangcan', 3, '管理员', '129', '编辑支付方式', 'a:6:{s:4:"name";s:9:"电信卡";s:4:"code";s:6:"ybtele";s:5:"thumb";b:0;s:9:"listorder";s:2:"10";s:4:"rate";s:4:"0.04";s:6:"status";s:1:"1";}', 'a:8:{s:2:"id";s:1:"4";s:4:"code";s:6:"ybtele";s:4:"name";s:9:"电信卡";s:11:"description";s:25:"电信卡<br />\n电信卡";s:5:"thumb";s:1:"0";s:9:"listorder";s:2:"10";s:4:"rate";s:4:"0.04";s:6:"status";s:1:"1";}', 'edit', '127.0.0.1', 1379399853),
(72, 2, 'wangcan', 3, '管理员', '32', '编辑', 'a:8:{s:4:"name";s:12:"编辑配置";s:8:"parentid";s:3:"120";s:8:"app_code";s:3:"pay";s:10:"controller";s:6:"config";s:6:"method";s:6:"change";s:8:"extparam";s:0:"";s:9:"listorder";b:0;s:7:"display";s:1:"2";}', 'a:10:{s:2:"id";s:3:"133";s:4:"name";s:12:"编辑配置";s:8:"parentid";s:3:"120";s:8:"app_code";s:3:"pay";s:10:"controller";s:6:"config";s:6:"method";s:6:"change";s:8:"extparam";s:0:"";s:9:"listorder";s:1:"0";s:5:"islog";s:1:"1";s:7:"display";s:1:"3";}', 'edit', '127.0.0.1', 1379819280),
(73, 2, 'wangcan', 3, '管理员', '32', '编辑', 'a:8:{s:4:"name";s:12:"活动奖励";s:8:"parentid";s:3:"121";s:8:"app_code";s:3:"pay";s:10:"controller";s:10:"handcharge";s:6:"method";s:8:"listinfo";s:8:"extparam";s:0:"";s:9:"listorder";b:0;s:7:"display";s:1:"4";}', 'a:10:{s:2:"id";s:3:"135";s:4:"name";s:12:"活动奖励";s:8:"parentid";s:3:"121";s:8:"app_code";s:3:"pay";s:10:"controller";s:10:"handcharge";s:6:"method";s:8:"listinfo";s:8:"extparam";s:0:"";s:9:"listorder";s:1:"0";s:5:"islog";s:1:"1";s:7:"display";s:1:"1";}', 'edit', '127.0.0.1', 1379823533),
(74, 1, 'wangcanliang', 1, '超级管理员', '33', '删除角色', 'a:10:{s:2:"id";s:2:"89";s:4:"name";s:18:"内容相关设置";s:8:"parentid";s:1:"5";s:8:"app_code";s:7:"webgame";s:10:"controller";s:0:"";s:6:"method";s:0:"";s:8:"extparam";s:0:"";s:9:"listorder";s:1:"2";s:5:"islog";s:1:"1";s:7:"display";s:1:"1";}', 'a:0:{}', 'delete', '127.0.0.1', 1379834948),
(75, 1, 'wangcanliang', 1, '超级管理员', '94', '编辑栏目', 'a:14:{s:7:"catname";s:4:"test";s:8:"parentid";s:1:"0";s:7:"modelid";s:1:"2";s:6:"catdir";s:3:"ttt";s:5:"image";s:0:"";s:11:"description";s:0:"";s:6:"ishtml";b:0;s:8:"template";s:1:"0";s:10:"meta_title";s:0:"";s:13:"meta_keywords";s:0:"";s:16:"meta_description";s:0:"";s:9:"listorder";b:0;s:11:"bind_domain";s:19:"http://nova.ci.com/";s:3:"url";s:36:"http://nova.ci.com/category?catid=30";}', 'a:15:{s:2:"id";s:2:"30";s:7:"catname";s:4:"test";s:6:"catdir";s:3:"ttt";s:5:"image";s:0:"";s:8:"parentid";s:1:"0";s:7:"modelid";s:1:"2";s:11:"bind_domain";s:19:"http://nova.ci.com/";s:3:"url";s:36:"http://nova.ci.com/category?catid=30";s:9:"listorder";s:1:"0";s:11:"description";s:0:"";s:8:"template";s:1:"0";s:10:"meta_title";s:0:"";s:13:"meta_keywords";s:0:"";s:16:"meta_description";s:0:"";s:6:"ishtml";s:1:"0";}', 'edit', '127.0.0.1', 1379836698),
(76, 1, 'wangcanliang', 1, '超级管理员', '32', '编辑', 'a:8:{s:4:"name";s:12:"查看用户";s:8:"parentid";s:2:"39";s:8:"app_code";s:8:"passport";s:10:"controller";s:6:"member";s:6:"method";s:4:"view";s:8:"extparam";s:0:"";s:9:"listorder";b:0;s:7:"display";s:1:"3";}', 'a:10:{s:2:"id";s:2:"43";s:4:"name";s:12:"查看用户";s:8:"parentid";s:2:"39";s:8:"app_code";s:8:"passport";s:10:"controller";s:6:"member";s:6:"method";s:4:"view";s:8:"extparam";s:0:"";s:9:"listorder";s:1:"0";s:5:"islog";s:1:"1";s:7:"display";s:1:"1";}', 'edit', '127.0.0.1', 1379838347),
(77, 2, 'wangcan', 3, '管理员', '34', '添加菜单', 'a:8:{s:4:"name";s:12:"编辑配置";s:8:"parentid";s:2:"38";s:8:"app_code";s:8:"passport";s:10:"controller";s:6:"config";s:6:"method";s:6:"change";s:8:"extparam";s:0:"";s:9:"listorder";b:0;s:7:"display";s:1:"3";}', 'a:0:{}', 'add', '127.0.0.1', 1379839382),
(78, 2, 'wangcan', 3, '管理员', '32', '编辑', 'a:8:{s:4:"name";s:12:"编辑配置";s:8:"parentid";s:2:"38";s:8:"app_code";s:8:"passport";s:10:"controller";s:6:"config";s:6:"method";s:6:"change";s:8:"extparam";s:0:"";s:9:"listorder";b:0;s:7:"display";s:1:"2";}', 'a:10:{s:2:"id";s:3:"248";s:4:"name";s:12:"编辑配置";s:8:"parentid";s:2:"38";s:8:"app_code";s:8:"passport";s:10:"controller";s:6:"config";s:6:"method";s:6:"change";s:8:"extparam";s:0:"";s:9:"listorder";s:1:"0";s:5:"islog";s:1:"1";s:7:"display";s:1:"3";}', 'edit', '127.0.0.1', 1379840054),
(79, 2, 'wangcan', 3, '管理员', '32', '编辑', 'a:8:{s:4:"name";s:12:"审核用户";s:8:"parentid";s:2:"39";s:8:"app_code";s:8:"passport";s:10:"controller";s:6:"member";s:6:"method";s:5:"check";s:8:"extparam";s:0:"";s:9:"listorder";b:0;s:7:"display";s:1:"3";}', 'a:10:{s:2:"id";s:2:"44";s:4:"name";s:12:"审核用户";s:8:"parentid";s:2:"39";s:8:"app_code";s:8:"passport";s:10:"controller";s:6:"member";s:6:"method";s:5:"check";s:8:"extparam";s:0:"";s:9:"listorder";s:1:"0";s:5:"islog";s:1:"1";s:7:"display";s:1:"1";}', 'edit', '127.0.0.1', 1379851144),
(80, 2, 'wangcan', 3, '管理员', '111', '编辑服务器', 'a:10:{s:4:"name";s:10:"诺瓦1服";s:11:"server_mark";s:1:"3";s:12:"webgame_code";s:4:"nova";s:9:"listorder";s:1:"1";s:5:"ispay";s:1:"1";s:6:"status";s:1:"1";s:10:"time_start";s:0:"";s:14:"start_maintain";i:0;s:12:"end_maintain";i:0;s:12:"url_maintain";s:0:"";}', 'a:11:{s:2:"id";s:1:"1";s:12:"webgame_code";s:6:"shenxd";s:4:"name";s:13:"神仙道1服";s:9:"listorder";s:1:"1";s:5:"ispay";s:1:"1";s:6:"status";s:1:"1";s:10:"time_start";s:1:"0";s:11:"server_mark";s:1:"3";s:14:"start_maintain";s:1:"0";s:12:"end_maintain";s:1:"0";s:12:"url_maintain";s:0:"";}', 'edit', '127.0.0.1', 1380018047),
(81, 2, 'wangcan', 3, '管理员', '111', '编辑服务器', 'a:10:{s:4:"name";s:13:"神仙道1服";s:11:"server_mark";s:1:"3";s:12:"webgame_code";s:6:"shenxd";s:9:"listorder";s:1:"1";s:5:"ispay";s:1:"1";s:6:"status";s:1:"1";s:10:"time_start";s:0:"";s:14:"start_maintain";i:0;s:12:"end_maintain";i:0;s:12:"url_maintain";s:0:"";}', 'a:11:{s:2:"id";s:1:"1";s:12:"webgame_code";s:4:"nova";s:4:"name";s:10:"诺瓦1服";s:9:"listorder";s:1:"1";s:5:"ispay";s:1:"1";s:6:"status";s:1:"1";s:10:"time_start";s:1:"0";s:11:"server_mark";s:1:"3";s:14:"start_maintain";s:1:"0";s:12:"end_maintain";s:1:"0";s:12:"url_maintain";s:0:"";}', 'edit', '127.0.0.1', 1380023917);
INSERT INTO `sp_admin_managerlog` (`id`, `userid`, `username`, `roleid`, `role_name`, `menu_id`, `menu_name`, `data`, `data_old`, `logtype`, `ip`, `inputtime`) VALUES
(82, 2, 'wangcan', 3, '管理员', '116', '编辑游戏', 'a:19:{s:4:"name";s:12:"诺瓦奇兵";s:4:"code";s:4:"nova";s:4:"type";s:1:"1";s:6:"status";s:1:"1";s:8:"url_home";s:19:"http://nova.ci.com/";s:10:"url_server";s:19:"http://nova.ci.com/";s:7:"url_bbs";s:23:"http://bbs.nova.com:90/";s:9:"listorder";s:1:"1";s:5:"ispay";s:1:"1";s:11:"description";s:66:"知金教育倾情奉献，最好的儿童网游，寓教于游。";s:9:"pic_small";s:65:"http://upload.nova.com:97/passport2013/0925/20130925101101328.jpg";s:10:"pic_middle";s:65:"http://upload.nova.com:97/passport2013/0925/20130925101054121.jpg";s:7:"pic_big";s:65:"http://upload.nova.com:97/passport2013/0925/20130925101108685.jpg";s:9:"coin_name";s:6:"诺币";s:9:"coin_unit";s:3:"枚";s:9:"coin_rate";s:2:"10";s:14:"start_maintain";i:0;s:12:"end_maintain";i:0;s:12:"url_maintain";s:0:"";}', 'a:21:{s:2:"id";s:1:"1";s:4:"code";s:4:"nova";s:4:"name";s:12:"诺瓦奇兵";s:11:"description";s:66:"知金教育倾情奉献，最好的儿童网游，寓教于游。";s:5:"brief";N;s:9:"pic_small";s:65:"http://upload.nova.com:97/passport2013/0925/20130925101101328.jpg";s:10:"pic_middle";s:65:"http://upload.nova.com:97/passport2013/0925/20130925101054121.jpg";s:7:"pic_big";s:65:"http://upload.nova.com:97/passport2013/0925/20130925101108685.jpg";s:8:"url_home";s:47:"http://nova.nova.com:91/index.php/webgame/nova/";s:10:"url_server";s:47:"http://nova.nova.com:91/index.php/webgame/nova/";s:7:"url_bbs";s:23:"http://bbs.nova.com:90/";s:9:"coin_name";s:6:"诺币";s:9:"coin_unit";s:3:"枚";s:9:"coin_rate";s:2:"10";s:9:"listorder";s:1:"1";s:5:"ispay";s:1:"1";s:4:"type";s:1:"1";s:6:"status";s:1:"1";s:12:"url_maintain";s:0:"";s:14:"start_maintain";s:1:"0";s:12:"end_maintain";s:1:"0";}', 'edit', '127.0.0.1', 1380099282),
(83, 2, 'wangcan', 3, '管理员', '116', '编辑游戏', 'a:20:{s:4:"name";s:12:"诺瓦奇兵";s:4:"code";s:4:"nova";s:4:"type";s:1:"1";s:6:"status";s:1:"1";s:11:"url_webgame";s:19:"http://g1.game.com/";s:8:"url_home";s:19:"http://nova.ci.com/";s:10:"url_server";s:19:"http://nova.ci.com/";s:7:"url_bbs";s:23:"http://bbs.nova.com:90/";s:9:"listorder";s:1:"1";s:5:"ispay";s:1:"1";s:11:"description";s:66:"知金教育倾情奉献，最好的儿童网游，寓教于游。";s:9:"pic_small";s:65:"http://upload.nova.com:97/passport2013/0925/20130925101101328.jpg";s:10:"pic_middle";s:65:"http://upload.nova.com:97/passport2013/0925/20130925101054121.jpg";s:7:"pic_big";s:65:"http://upload.nova.com:97/passport2013/0925/20130925101108685.jpg";s:9:"coin_name";s:6:"诺币";s:9:"coin_unit";s:3:"枚";s:9:"coin_rate";s:2:"10";s:14:"start_maintain";i:0;s:12:"end_maintain";i:0;s:12:"url_maintain";s:0:"";}', 'a:22:{s:2:"id";s:1:"1";s:4:"code";s:4:"nova";s:4:"name";s:12:"诺瓦奇兵";s:11:"description";s:66:"知金教育倾情奉献，最好的儿童网游，寓教于游。";s:5:"brief";N;s:9:"pic_small";s:65:"http://upload.nova.com:97/passport2013/0925/20130925101101328.jpg";s:10:"pic_middle";s:65:"http://upload.nova.com:97/passport2013/0925/20130925101054121.jpg";s:7:"pic_big";s:65:"http://upload.nova.com:97/passport2013/0925/20130925101108685.jpg";s:11:"url_webgame";s:0:"";s:8:"url_home";s:19:"http://nova.ci.com/";s:10:"url_server";s:19:"http://nova.ci.com/";s:7:"url_bbs";s:23:"http://bbs.nova.com:90/";s:9:"coin_name";s:6:"诺币";s:9:"coin_unit";s:3:"枚";s:9:"coin_rate";s:2:"10";s:9:"listorder";s:1:"1";s:5:"ispay";s:1:"1";s:4:"type";s:1:"1";s:6:"status";s:1:"1";s:12:"url_maintain";s:0:"";s:14:"start_maintain";s:1:"0";s:12:"end_maintain";s:1:"0";}', 'edit', '127.0.0.1', 1380106703),
(84, 2, 'wangcan', 3, '管理员', '116', '编辑游戏', 'a:20:{s:4:"name";s:9:"赛尔号";s:4:"code";s:4:"seer";s:4:"type";s:1:"2";s:6:"status";s:1:"1";s:11:"url_webgame";s:29:"http://seer.61.com/Client.swf";s:8:"url_home";s:24:"http://seer.nova.com:94/";s:10:"url_server";s:24:"http://seer.nova.com:94/";s:7:"url_bbs";s:23:"http://bbs.nova.com:90/";s:9:"listorder";s:1:"2";s:5:"ispay";s:1:"1";s:11:"description";s:93:"知金教育用自己强大的用户群体运营第三方的游戏赛尔号，强强联合！";s:9:"pic_small";s:65:"http://upload.nova.com:97/passport2013/0925/20130925101320197.png";s:10:"pic_middle";s:65:"http://upload.nova.com:97/passport2013/0925/20130925101306897.png";s:7:"pic_big";s:65:"http://upload.nova.com:97/passport2013/0925/20130925101314717.png";s:9:"coin_name";s:6:"金币";s:9:"coin_unit";s:3:"个";s:9:"coin_rate";s:2:"10";s:14:"start_maintain";i:0;s:12:"end_maintain";i:0;s:12:"url_maintain";s:0:"";}', 'a:22:{s:2:"id";s:1:"2";s:4:"code";s:4:"seer";s:4:"name";s:9:"赛尔号";s:11:"description";s:93:"知金教育用自己强大的用户群体运营第三方的游戏赛尔号，强强联合！";s:5:"brief";N;s:9:"pic_small";s:65:"http://upload.nova.com:97/passport2013/0925/20130925101320197.png";s:10:"pic_middle";s:65:"http://upload.nova.com:97/passport2013/0925/20130925101306897.png";s:7:"pic_big";s:65:"http://upload.nova.com:97/passport2013/0925/20130925101314717.png";s:11:"url_webgame";s:0:"";s:8:"url_home";s:24:"http://seer.nova.com:94/";s:10:"url_server";s:24:"http://seer.nova.com:94/";s:7:"url_bbs";s:23:"http://bbs.nova.com:90/";s:9:"coin_name";s:6:"金币";s:9:"coin_unit";s:3:"个";s:9:"coin_rate";s:2:"10";s:9:"listorder";s:1:"2";s:5:"ispay";s:1:"0";s:4:"type";s:1:"2";s:6:"status";s:1:"1";s:12:"url_maintain";s:0:"";s:14:"start_maintain";s:1:"0";s:12:"end_maintain";s:1:"0";}', 'edit', '127.0.0.1', 1380106774),
(85, 2, 'wangcan', 3, '管理员', '116', '编辑游戏', 'a:20:{s:4:"name";s:12:"诺瓦奇兵";s:4:"code";s:4:"nova";s:4:"type";s:1:"1";s:6:"status";s:1:"1";s:11:"url_webgame";s:35:"http://ucserver.ci.com/gametest/g1/";s:8:"url_home";s:19:"http://nova.ci.com/";s:10:"url_server";s:19:"http://nova.ci.com/";s:7:"url_bbs";s:23:"http://bbs.nova.com:90/";s:9:"listorder";s:1:"1";s:5:"ispay";s:1:"1";s:11:"description";s:66:"知金教育倾情奉献，最好的儿童网游，寓教于游。";s:9:"pic_small";s:65:"http://upload.nova.com:97/passport2013/0925/20130925101101328.jpg";s:10:"pic_middle";s:65:"http://upload.nova.com:97/passport2013/0925/20130925101054121.jpg";s:7:"pic_big";s:65:"http://upload.nova.com:97/passport2013/0925/20130925101108685.jpg";s:9:"coin_name";s:6:"诺币";s:9:"coin_unit";s:3:"枚";s:9:"coin_rate";s:2:"10";s:14:"start_maintain";i:0;s:12:"end_maintain";i:0;s:12:"url_maintain";s:0:"";}', 'a:22:{s:2:"id";s:1:"1";s:4:"code";s:4:"nova";s:4:"name";s:12:"诺瓦奇兵";s:11:"description";s:66:"知金教育倾情奉献，最好的儿童网游，寓教于游。";s:5:"brief";N;s:9:"pic_small";s:65:"http://upload.nova.com:97/passport2013/0925/20130925101101328.jpg";s:10:"pic_middle";s:65:"http://upload.nova.com:97/passport2013/0925/20130925101054121.jpg";s:7:"pic_big";s:65:"http://upload.nova.com:97/passport2013/0925/20130925101108685.jpg";s:11:"url_webgame";s:19:"http://g1.game.com/";s:8:"url_home";s:19:"http://nova.ci.com/";s:10:"url_server";s:19:"http://nova.ci.com/";s:7:"url_bbs";s:23:"http://bbs.nova.com:90/";s:9:"coin_name";s:6:"诺币";s:9:"coin_unit";s:3:"枚";s:9:"coin_rate";s:2:"10";s:9:"listorder";s:1:"1";s:5:"ispay";s:1:"1";s:4:"type";s:1:"1";s:6:"status";s:1:"1";s:12:"url_maintain";s:0:"";s:14:"start_maintain";s:1:"0";s:12:"end_maintain";s:1:"0";}', 'edit', '127.0.0.1', 1380109550),
(86, 2, 'wangcan', 3, '管理员', '116', '编辑游戏', 'a:20:{s:4:"name";s:12:"诺瓦奇兵";s:4:"code";s:4:"nova";s:4:"type";s:1:"1";s:6:"status";s:1:"1";s:11:"url_webgame";s:37:"http://ucserver.ci.com/gametest/nova/";s:8:"url_home";s:19:"http://nova.ci.com/";s:10:"url_server";s:19:"http://nova.ci.com/";s:7:"url_bbs";s:23:"http://bbs.nova.com:90/";s:9:"listorder";s:1:"1";s:5:"ispay";s:1:"1";s:11:"description";s:66:"知金教育倾情奉献，最好的儿童网游，寓教于游。";s:9:"pic_small";s:65:"http://upload.nova.com:97/passport2013/0925/20130925101101328.jpg";s:10:"pic_middle";s:65:"http://upload.nova.com:97/passport2013/0925/20130925101054121.jpg";s:7:"pic_big";s:65:"http://upload.nova.com:97/passport2013/0925/20130925101108685.jpg";s:9:"coin_name";s:6:"诺币";s:9:"coin_unit";s:3:"枚";s:9:"coin_rate";s:2:"10";s:14:"start_maintain";i:0;s:12:"end_maintain";i:0;s:12:"url_maintain";s:0:"";}', 'a:22:{s:2:"id";s:1:"1";s:4:"code";s:4:"nova";s:4:"name";s:12:"诺瓦奇兵";s:11:"description";s:66:"知金教育倾情奉献，最好的儿童网游，寓教于游。";s:5:"brief";N;s:9:"pic_small";s:65:"http://upload.nova.com:97/passport2013/0925/20130925101101328.jpg";s:10:"pic_middle";s:65:"http://upload.nova.com:97/passport2013/0925/20130925101054121.jpg";s:7:"pic_big";s:65:"http://upload.nova.com:97/passport2013/0925/20130925101108685.jpg";s:11:"url_webgame";s:35:"http://ucserver.ci.com/gametest/g1/";s:8:"url_home";s:19:"http://nova.ci.com/";s:10:"url_server";s:19:"http://nova.ci.com/";s:7:"url_bbs";s:23:"http://bbs.nova.com:90/";s:9:"coin_name";s:6:"诺币";s:9:"coin_unit";s:3:"枚";s:9:"coin_rate";s:2:"10";s:9:"listorder";s:1:"1";s:5:"ispay";s:1:"1";s:4:"type";s:1:"1";s:6:"status";s:1:"1";s:12:"url_maintain";s:0:"";s:14:"start_maintain";s:1:"0";s:12:"end_maintain";s:1:"0";}', 'edit', '127.0.0.1', 1380110269),
(87, 2, 'wangcan', 3, '管理员', '116', '编辑游戏', 'a:20:{s:4:"name";s:6:"诺宝";s:4:"code";s:5:"nobao";s:4:"type";s:1:"1";s:6:"status";s:1:"1";s:11:"url_webgame";s:38:"http://ucserver.ci.com/gametest/nobao/";s:8:"url_home";s:36:"http://webgame.ci.com/webgame/nobao/";s:10:"url_server";s:36:"http://webgame.ci.com/webgame/nobao/";s:7:"url_bbs";s:18:"http://bbs.ci.com/";s:9:"listorder";s:1:"2";s:5:"ispay";s:1:"1";s:11:"description";s:0:"";s:9:"pic_small";s:65:"http://upload.nova.com:97/passport2013/0925/20130925103003833.png";s:10:"pic_middle";s:65:"http://upload.nova.com:97/passport2013/0925/20130925103012412.png";s:7:"pic_big";s:65:"http://upload.nova.com:97/passport2013/0925/20130925103022868.jpg";s:9:"coin_name";s:6:"宝贝";s:9:"coin_unit";s:3:"个";s:9:"coin_rate";s:3:"100";s:14:"start_maintain";i:0;s:12:"end_maintain";i:0;s:12:"url_maintain";s:0:"";}', 'a:22:{s:2:"id";s:1:"4";s:4:"code";s:5:"nobao";s:4:"name";s:6:"诺宝";s:11:"description";s:0:"";s:5:"brief";N;s:9:"pic_small";s:65:"http://upload.nova.com:97/passport2013/0925/20130925103003833.png";s:10:"pic_middle";s:65:"http://upload.nova.com:97/passport2013/0925/20130925103012412.png";s:7:"pic_big";s:65:"http://upload.nova.com:97/passport2013/0925/20130925103022868.jpg";s:11:"url_webgame";s:0:"";s:8:"url_home";s:51:"http://webgame.nova.com:91/index.php/webgame/nobao/";s:10:"url_server";s:51:"http://webgame.nova.com:91/index.php/webgame/nobao/";s:7:"url_bbs";s:23:"http://bbs.nova.com:90/";s:9:"coin_name";s:6:"宝贝";s:9:"coin_unit";s:3:"个";s:9:"coin_rate";s:3:"100";s:9:"listorder";s:1:"2";s:5:"ispay";s:1:"1";s:4:"type";s:1:"1";s:6:"status";s:1:"1";s:12:"url_maintain";s:0:"";s:14:"start_maintain";s:1:"0";s:12:"end_maintain";s:1:"0";}', 'edit', '127.0.0.1', 1380160967),
(88, 2, 'wangcan', 3, '管理员', '116', '编辑游戏', 'a:20:{s:4:"name";s:9:"诺贝贝";s:4:"code";s:5:"nobei";s:4:"type";s:1:"1";s:6:"status";s:1:"1";s:11:"url_webgame";s:38:"http://ucserver.ci.com/gametest/nobei/";s:8:"url_home";s:36:"http://webgame.ci.com/webgame/nobei/";s:10:"url_server";s:36:"http://webgame.ci.com/webgame/nobao/";s:7:"url_bbs";s:18:"http://bbs.ci.com/";s:9:"listorder";s:1:"3";s:5:"ispay";s:1:"1";s:11:"description";s:0:"";s:9:"pic_small";s:65:"http://upload.nova.com:97/passport2013/0925/20130925103451245.png";s:10:"pic_middle";s:65:"http://upload.nova.com:97/passport2013/0925/20130925103458647.jpg";s:7:"pic_big";s:65:"http://upload.nova.com:97/passport2013/0925/20130925103504217.jpg";s:9:"coin_name";s:6:"贝壳";s:9:"coin_unit";s:3:"片";s:9:"coin_rate";s:2:"10";s:14:"start_maintain";i:0;s:12:"end_maintain";i:0;s:12:"url_maintain";s:0:"";}', 'a:22:{s:2:"id";s:1:"5";s:4:"code";s:5:"nobei";s:4:"name";s:9:"诺贝贝";s:11:"description";s:0:"";s:5:"brief";N;s:9:"pic_small";s:65:"http://upload.nova.com:97/passport2013/0925/20130925103451245.png";s:10:"pic_middle";s:65:"http://upload.nova.com:97/passport2013/0925/20130925103458647.jpg";s:7:"pic_big";s:65:"http://upload.nova.com:97/passport2013/0925/20130925103504217.jpg";s:11:"url_webgame";s:0:"";s:8:"url_home";s:51:"http://webgame.nova.com:91/index.php/webgame/nobei/";s:10:"url_server";s:51:"http://webgame.nova.com:91/index.php/webgame/nobao/";s:7:"url_bbs";s:23:"http://bbs.nova.com:90/";s:9:"coin_name";s:6:"贝壳";s:9:"coin_unit";s:3:"片";s:9:"coin_rate";s:2:"10";s:9:"listorder";s:1:"3";s:5:"ispay";s:1:"1";s:4:"type";s:1:"1";s:6:"status";s:1:"1";s:12:"url_maintain";s:0:"";s:14:"start_maintain";s:1:"0";s:12:"end_maintain";s:1:"0";}', 'edit', '127.0.0.1', 1380161006),
(89, 2, 'wangcan', 3, '管理员', '116', '编辑游戏', 'a:20:{s:4:"name";s:12:"诺瓦奇兵";s:4:"code";s:4:"nova";s:4:"type";s:1:"1";s:6:"status";s:1:"1";s:11:"url_webgame";s:51:"http://ucserver.ci.com/gametest/interface?code=nova";s:8:"url_home";s:19:"http://nova.ci.com/";s:10:"url_server";s:19:"http://nova.ci.com/";s:7:"url_bbs";s:23:"http://bbs.nova.com:90/";s:9:"listorder";s:1:"1";s:5:"ispay";s:1:"1";s:11:"description";s:66:"知金教育倾情奉献，最好的儿童网游，寓教于游。";s:9:"pic_small";s:65:"http://upload.nova.com:97/passport2013/0925/20130925101101328.jpg";s:10:"pic_middle";s:65:"http://upload.nova.com:97/passport2013/0925/20130925101054121.jpg";s:7:"pic_big";s:65:"http://upload.nova.com:97/passport2013/0925/20130925101108685.jpg";s:9:"coin_name";s:6:"诺币";s:9:"coin_unit";s:3:"枚";s:9:"coin_rate";s:2:"10";s:14:"start_maintain";i:0;s:12:"end_maintain";i:0;s:12:"url_maintain";s:0:"";}', 'a:22:{s:2:"id";s:1:"1";s:4:"code";s:4:"nova";s:4:"name";s:12:"诺瓦奇兵";s:11:"description";s:66:"知金教育倾情奉献，最好的儿童网游，寓教于游。";s:5:"brief";N;s:9:"pic_small";s:65:"http://upload.nova.com:97/passport2013/0925/20130925101101328.jpg";s:10:"pic_middle";s:65:"http://upload.nova.com:97/passport2013/0925/20130925101054121.jpg";s:7:"pic_big";s:65:"http://upload.nova.com:97/passport2013/0925/20130925101108685.jpg";s:11:"url_webgame";s:37:"http://ucserver.ci.com/gametest/nova/";s:8:"url_home";s:19:"http://nova.ci.com/";s:10:"url_server";s:19:"http://nova.ci.com/";s:7:"url_bbs";s:23:"http://bbs.nova.com:90/";s:9:"coin_name";s:6:"诺币";s:9:"coin_unit";s:3:"枚";s:9:"coin_rate";s:2:"10";s:9:"listorder";s:1:"1";s:5:"ispay";s:1:"1";s:4:"type";s:1:"1";s:6:"status";s:1:"1";s:12:"url_maintain";s:0:"";s:14:"start_maintain";s:1:"0";s:12:"end_maintain";s:1:"0";}', 'edit', '127.0.0.1', 1380171180);

-- --------------------------------------------------------

--
-- 表的结构 `sp_admin_menu`
--

CREATE TABLE IF NOT EXISTS `sp_admin_menu` (
  `id` smallint(5) unsigned NOT NULL AUTO_INCREMENT COMMENT '菜单ID',
  `name` char(20) NOT NULL COMMENT '名称',
  `parentid` smallint(5) unsigned NOT NULL COMMENT '父级菜单ID',
  `app_code` char(20) NOT NULL COMMENT '所属应用代码',
  `controller` char(20) NOT NULL COMMENT '控制器代码',
  `method` char(20) NOT NULL COMMENT '方法',
  `extparam` char(100) NOT NULL COMMENT '附加参数',
  `listorder` smallint(5) unsigned NOT NULL COMMENT '排序',
  `islog` enum('1','0') NOT NULL COMMENT '是否记入管理员操作日志，0：不记入；1：记入',
  `display` enum('4','3','2','1','0') NOT NULL DEFAULT '1' COMMENT '显示类型，0或1：在后台顶部和左侧显示；2：在后台右侧顶部显示；3：基于具体的记录显示',
  PRIMARY KEY (`id`),
  KEY `listorder` (`listorder`),
  KEY `parentid` (`parentid`),
  KEY `operation` (`app_code`,`controller`,`method`)
) ENGINE=MyISAM  DEFAULT CHARSET=utf8 AUTO_INCREMENT=249 ;

--
-- 转存表中的数据 `sp_admin_menu`
--

INSERT INTO `sp_admin_menu` (`id`, `name`, `parentid`, `app_code`, `controller`, `method`, `extparam`, `listorder`, `islog`, `display`) VALUES
(1, '我的面板', 0, 'passport', '', '', '', 1, '0', '1'),
(2, '管理设置', 0, 'passport', '', '', '', 2, '0', '1'),
(3, '用户中心', 0, 'passport', '', '', '', 3, '0', '1'),
(4, '应用管理', 0, 'passport', '', '', '', 4, '0', '1'),
(5, '网页游戏', 0, 'webgame', '', '', '', 5, '0', '1'),
(6, '支付模块', 0, 'pay', '', '', '', 6, '0', '1'),
(7, '采集系统', 0, 'spider', '', '', '', 7, '0', '1'),
(8, '测试站点', 0, 'movie', '', '', '', 8, '0', '1'),
(9, '测试站点2', 0, 'tbshop', '', '', '', 0, '0', '1'),
(10, '儿童教育', 0, 'kidsedu', '', '', '', 10, '0', '1'),
(11, '管理员信息', 1, 'passport', '', '', '', 0, '0', '1'),
(12, '修改个人信息', 11, 'passport', 'manager', 'editm', '', 0, '0', '1'),
(13, '修改密码', 11, 'passport', 'manager', 'editp', '', 0, '0', '1'),
(14, '操作记录', 11, 'passport', 'managerlog', 'listinfom', '', 0, '0', '1'),
(15, '查看日志', 11, 'passport', 'managerlog', 'viewm', '', 0, '0', '4'),
(16, '管理员设置', 2, 'passport', '', '', '', 0, '0', '1'),
(17, '管理员操作日志', 2, 'passport', '', '', '', 1, '0', '0'),
(18, '管理员管理', 16, 'passport', 'manager', 'listinfo', '', 0, '0', '1'),
(19, '添加管理员', 16, 'passport', 'manager', 'add', '', 0, '1', '2'),
(20, '编辑管理员', 16, 'passport', 'manager', 'edit', '', 0, '1', '3'),
(21, '删除管理员', 16, 'passport', 'manager', 'delete', '', 0, '1', '3'),
(22, '锁定管理员', 16, 'passport', 'manager', 'lock', '', 0, '1', '3'),
(23, '查看管理员', 16, 'passport', 'manager', 'view', '', 0, '1', '3'),
(24, '角色管理', 16, 'passport', 'role', 'listinfo', '', 0, '0', '1'),
(25, '查看', 16, 'passport', 'role', 'view', '', 0, '1', '3'),
(26, '编辑', 16, 'passport', 'role', 'edit', '', 0, '1', '3'),
(27, '删除', 16, 'passport', 'role', 'delete', '', 0, '1', '3'),
(28, '添加角色', 16, 'passport', 'role', 'add', '', 0, '1', '2'),
(29, '菜单管理', 16, 'passport', 'menu', 'listinfo', '', 0, '0', '1'),
(30, '查看', 16, 'passport', 'menu', 'view', '', 0, '1', '2'),
(31, '查看', 16, 'passport', 'menu', 'view', '', 0, '1', '3'),
(32, '编辑', 16, 'passport', 'menu', 'edit', '', 0, '1', '3'),
(33, '删除角色', 16, 'passport', 'menu', 'delete', '', 0, '1', '3'),
(34, '添加菜单', 16, 'passport', 'menu', 'add', '', 0, '1', '2'),
(35, '角色权限', 16, 'passport', 'role', 'editPriv', '', 0, '1', '3'),
(36, '查看日志', 17, 'passport', 'managerlog', 'view', '', 0, '0', '3'),
(37, '操作日志', 17, 'passport', 'managerlog', 'listinfo', '', 0, '0', '1'),
(38, '用户中心设置', 3, 'passport', '', '', '', 0, '1', '1'),
(39, '用户管理', 3, 'passport', '', '', '', 1, '1', '1'),
(41, '基本设置', 38, 'passport', 'config', 'base', '', 0, '1', '1'),
(42, '管理用户', 39, 'passport', 'member', 'listinfo', '', 0, '1', '1'),
(43, '查看用户', 39, 'passport', 'member', 'view', '', 0, '1', '3'),
(44, '审核用户', 39, 'passport', 'member', 'check', '', 0, '1', '3'),
(248, '编辑配置', 38, 'passport', 'config', 'change', '', 0, '1', '2'),
(50, '平台附件管理', 4, 'passport', '', '', '', 0, '1', '1'),
(51, '广告管理', 4, 'passport', '', '', '', 0, '1', '1'),
(52, '友情链接', 4, 'passport', '', '', '', 0, '1', '1'),
(53, '消息管理', 4, 'passport', '', '', '', 0, '1', '1'),
(54, '评论管理', 4, 'passport', '', '', '', 0, '1', '1'),
(55, '管理附件', 50, 'passport', 'attachment', 'listinfo', '', 0, '1', '1'),
(56, '查看附件', 50, 'passport', 'attachment', 'view', '', 0, '1', '3'),
(57, '删除附件', 50, 'passport', 'attachment', 'delete', '', 0, '1', '3'),
(58, '管理版位', 51, 'passport', 'poster_space', 'listinfo', '', 0, '1', '1'),
(59, '添加版位', 51, 'passport', 'poster_space', 'add', '', 0, '1', '2'),
(60, '查看版位', 51, 'passport', 'poster_space', 'view', '', 0, '1', '3'),
(61, '编辑版位', 51, 'passport', 'poster_space', 'edit', '', 0, '1', '3'),
(62, '删除版位', 51, 'passport', 'poster_space', 'delete', '', 0, '1', '3'),
(63, '管理广告', 51, 'passport', 'poster', 'listinfo', '', 0, '1', '1'),
(64, '添加广告', 51, 'passport', 'poster', 'add', '', 0, '1', '2'),
(65, '查看广告', 51, 'passport', 'poster', 'view', '', 0, '1', '3'),
(66, '编辑广告', 51, 'passport', 'poster', 'edit', '', 0, '1', '3'),
(67, '删除广告', 51, 'passport', 'poster', 'delete', '', 0, '1', '3'),
(68, '管理友链', 52, 'passport', 'linkurl', 'listinfo', '', 0, '1', '1'),
(69, '添加友链', 52, 'passport', 'linkurl', 'add', '', 0, '1', '2'),
(70, '查看友链', 52, 'passport', 'linkurl', 'view', '', 0, '1', '3'),
(71, '编辑友链', 52, 'passport', 'linkurl', 'edit', '', 0, '1', '3'),
(72, '删除友链', 52, 'passport', 'linkurl', 'delete', '', 0, '1', '3'),
(73, '管理类型', 53, 'passport', 'message_type', 'listinfo', '', 0, '1', '1'),
(74, '添加类型', 53, 'passport', 'message_type', 'add', '', 0, '1', '2'),
(75, '查看类型', 53, 'passport', 'message_type', 'view', '', 0, '1', '3'),
(76, '编辑类型', 53, 'passport', 'message_type', 'edit', '', 0, '1', '3'),
(77, '删除类型', 53, 'passport', 'message_type', 'delete', '', 0, '1', '3'),
(78, '管理消息', 53, 'passport', 'message', 'listinfo', '', 0, '1', '1'),
(79, '添加消息', 53, 'passport', 'message', 'add', '', 0, '1', '2'),
(80, '查看消息', 53, 'passport', 'message', 'view', '', 0, '1', '3'),
(81, '编辑消息', 53, 'passport', 'message', 'edit', '', 0, '1', '3'),
(82, '删除消息', 53, 'passport', 'message', 'delete', '', 0, '1', '3'),
(83, '管理评论', 54, 'passport', 'commend', 'listinfo', '', 0, '1', '1'),
(84, '添加评论', 54, 'passport', 'commend', 'add', '', 0, '1', '2'),
(85, '查看评论', 54, 'passport', 'commend', 'view', '', 0, '1', '3'),
(86, '编辑评论', 54, 'passport', 'commend', 'edit', '', 0, '1', '3'),
(87, '删除评论', 54, 'passport', 'commend', 'delete', '', 0, '1', '3'),
(88, '游戏管理', 5, 'webgame', '', '', '', 1, '0', '1'),
(90, '内容管理', 5, 'webgame', '', '', '', 3, '1', '1'),
(92, '添加栏目', 90, 'webgame', 'category', 'add', '', 0, '1', '2'),
(93, '删除栏目', 90, 'webgame', 'category', 'delete', '', 0, '1', '3'),
(94, '编辑栏目', 90, 'webgame', 'category', 'edit', '', 0, '1', '3'),
(95, '管理栏目', 90, 'webgame', 'category', 'listinfo', '', 0, '1', '1'),
(96, '查看栏目', 90, 'webgame', 'category', 'view', '', 0, '1', '3'),
(97, '添加内容', 90, 'webgame', 'content', 'add', '', 0, '1', '2'),
(98, '管理内容', 90, 'webgame', 'content', 'catquick', '', 0, '1', '1'),
(99, '删除内容', 90, 'webgame', 'content', 'delete', '', 0, '1', '3'),
(100, '编辑内容', 90, 'webgame', 'content', 'edit', '', 0, '1', '3'),
(101, '内容列表', 90, 'webgame', 'content', 'listinfo', '', 0, '1', '3'),
(102, '查看内容', 90, 'webgame', 'content', 'view', '', 0, '1', '3'),
(107, '游戏帐号报表', 88, 'webgame', 'member_webgame', 'report', '', 0, '1', '2'),
(108, '游戏帐号明细', 88, 'webgame', 'member_webgame', 'listinfo', '', 4, '1', '1'),
(109, '复制服务器', 88, 'webgame', 'server', 'copy', '', 0, '1', '3'),
(110, '删除服务器', 88, 'webgame', 'server', 'delete', '', 0, '1', '3'),
(111, '编辑服务器', 88, 'webgame', 'server', 'edit', '', 0, '1', '3'),
(112, '查看服务器', 88, 'webgame', 'server', 'view', '', 0, '1', '3'),
(113, '添加服务器', 88, 'webgame', 'server', 'add', '', 0, '1', '2'),
(114, '管理服务器', 88, 'webgame', 'server', 'listinfo', '', 2, '1', '1'),
(115, '删除游戏', 88, 'webgame', 'webgame', 'delete', '', 0, '1', '3'),
(116, '编辑游戏', 88, 'webgame', 'webgame', 'edit', '', 0, '1', '3'),
(117, '查看游戏', 88, 'webgame', 'webgame', 'view', '', 0, '1', '3'),
(118, '添加游戏', 88, 'webgame', 'webgame', 'add', '', 0, '1', '2'),
(119, '管理游戏', 88, 'webgame', 'webgame', 'listinfo', '', 1, '1', '1'),
(120, '支付管理', 6, 'pay', '', '', '', 0, '1', '1'),
(121, '支付报表', 6, 'pay', '', '', '', 0, '1', '1'),
(122, '管理包月', 120, 'pay', 'paymonth', 'listinfo', '', 0, '1', '1'),
(123, '添加包月', 120, 'pay', 'paymonth', 'add', '', 0, '1', '2'),
(124, '查看包月', 120, 'pay', 'paymonth', 'view', '', 0, '1', '3'),
(125, '编辑包月', 120, 'pay', 'paymonth', 'edit', '', 0, '1', '3'),
(126, '删除包月', 120, 'pay', 'paymonth', 'delete', '', 0, '1', '3'),
(127, '帐号充值统计', 120, 'pay', 'member_pay', 'listinfo', '', 0, '1', '1'),
(128, '删除支付方式', 120, 'pay', 'payment', 'delete', '', 0, '1', '3'),
(129, '编辑支付方式', 120, 'pay', 'payment', 'edit', '', 0, '1', '3'),
(130, '查看支付方式', 120, 'pay', 'payment', 'view', '', 0, '1', '3'),
(131, '添加支付方式', 120, 'pay', 'payment', 'add', '', 0, '1', '2'),
(132, '管理支付方式', 120, 'pay', 'payment', 'listinfo', '', 0, '1', '1'),
(133, '编辑配置', 120, 'pay', 'config', 'change', '', 0, '1', '2'),
(134, '支付配置', 120, 'pay', 'config', 'base', '', 0, '1', '1'),
(135, '活动奖励', 121, 'pay', 'handcharge', 'listinfo', '', 0, '1', '4'),
(136, '手工充值', 121, 'pay', 'handcharge', 'add', '', 0, '1', '2'),
(137, '异常充值', 121, 'pay', 'account_unusual', 'listinfo', '', 0, '1', '1'),
(138, '支付记录', 121, 'pay', 'pay', 'listinfo', '', 0, '1', '1'),
(139, '充值记录', 121, 'pay', 'account', 'listinfo', '', 0, '1', '1'),
(140, '源站管理', 7, 'spider', '', '', '', 0, '0', '1'),
(141, '采集管理', 7, 'spider', '', '', '', 1, '0', '1'),
(142, '采集内容管理', 7, 'spider', '', '', '', 2, '0', '1'),
(143, '源站管理', 140, 'spider', 'site', 'listinfo', '', 0, '0', '1'),
(144, '添加源站', 140, 'spider', 'site', 'add', '', 0, '0', '2'),
(145, '编辑源站', 140, 'spider', 'site', 'edit', '', 0, '0', '3'),
(146, '删除源站', 140, 'spider', 'site', 'delete', '', 0, '0', '3'),
(147, '源站页面采集', 140, 'spider', 'sitePage', 'listinfo', '', 0, '0', '1'),
(148, '添加页面', 140, 'spider', 'sitePage', 'add', '', 0, '0', '2'),
(149, '编辑页面', 140, 'spider', 'sitePage', 'edit', '', 0, '0', '3'),
(150, '删除页面', 140, 'spider', 'sitePage', 'delete', '', 0, '0', '3'),
(151, '查看源页面', 140, 'spider', 'sitePage', 'showSource', '', 0, '0', '3'),
(152, '查看本地页面', 140, 'spider', 'sitePage', 'showTarget', '', 0, '0', '3'),
(153, '采集页面资源', 140, 'spider', 'sitePage', 'spider', '', 0, '0', '3'),
(154, '页面本地化', 140, 'spider', 'sitePage', 'localPage', '', 0, '0', '3'),
(155, '采集资源', 140, 'spider', 'sitePage', 'downFile', '', 0, '1', '4'),
(156, '复制任务', 141, 'spider', 'job', 'copy', '', 0, '0', '3'),
(157, '采集规则管理', 141, 'spider', 'crule', 'listinfo', '', 0, '0', '1'),
(158, '添加规则', 141, 'spider', 'crule', 'add', '', 0, '0', '2'),
(159, '编辑规则', 141, 'spider', 'crule', 'edit', '', 0, '0', '3'),
(160, '删除规则', 141, 'spider', 'crule', 'delete', '', 0, '0', '3'),
(161, '采集任务管理', 141, 'spider', 'job', 'listinfo', '', 0, '0', '1'),
(162, '添加任务', 141, 'spider', 'job', 'add', '', 0, '0', '2'),
(163, '编辑任务', 141, 'spider', 'job', 'edit', '', 0, '0', '3'),
(164, '删除任务', 141, 'spider', 'job', 'delete', '', 0, '0', '3'),
(165, '列表页面采集', 141, 'spider', 'spider', 'spiderList', '', 0, '0', '3'),
(166, '列表页处理', 141, 'spider', 'spider', 'dealList', '', 0, '0', '3'),
(167, '内容页面采集', 141, 'spider', 'spider', 'spiderContent', '', 0, '0', '3'),
(168, '内容页处理', 141, 'spider', 'spider', 'dealContent', '', 0, '0', '3'),
(169, '申请强制处理', 141, 'spider', 'spider', 'askForce', '', 0, '0', '3'),
(170, '文件采集', 141, 'spider', 'spider', 'spiderFile', '', 0, '0', '3'),
(171, '采集内容管理', 142, 'spider', 'content', 'listinfo', '', 0, '0', '1'),
(172, '采集任务发布', 142, 'spider', 'content', 'publish', '', 0, '0', '1'),
(173, '查看源内容', 142, 'spider', 'content', 'showSource', '', 0, '0', '3'),
(174, '查看本地内容', 142, 'spider', 'content', 'showTarget', '', 0, '0', '3'),
(175, '内容管理', 8, 'movie', '', '', '', 3, '1', '1'),
(176, '发布管理', 8, 'movie', '', '', '', 4, '1', '4'),
(177, '添加栏目', 175, 'movie', 'category', 'add', '', 0, '1', '2'),
(178, '删除栏目', 175, 'movie', 'category', 'delete', '', 0, '1', '3'),
(179, '编辑栏目', 175, 'movie', 'category', 'edit', '', 0, '1', '3'),
(180, '管理栏目', 175, 'movie', 'category', 'listinfo', '', 0, '1', '1'),
(181, '查看栏目', 175, 'movie', 'category', 'view', '', 0, '1', '3'),
(182, '添加内容', 175, 'movie', 'content', 'add', '', 0, '1', '2'),
(183, '管理内容', 175, 'movie', 'content', 'catquick', '', 0, '1', '1'),
(184, '删除内容', 175, 'movie', 'content', 'delete', '', 0, '1', '3'),
(185, '编辑内容', 175, 'movie', 'content', 'edit', '', 0, '1', '3'),
(186, '内容列表', 175, 'movie', 'content', 'listinfo', '', 0, '1', '3'),
(187, '查看内容', 175, 'movie', 'content', 'view', '', 0, '1', '3'),
(188, '生成栏目页', 176, 'movie', 'publish', 'category', '', 0, '1', '4'),
(189, '生成内容页', 176, 'movie', 'publish', 'content', '', 0, '1', '4'),
(190, '生成首页', 176, 'movie', 'publish', 'index', '', 0, '1', '4'),
(191, '更新URL页', 176, 'movie', 'publish', 'url', '', 0, '1', '4'),
(192, '内容管理', 9, 'tbshop', '', '', '', 3, '1', '1'),
(194, '添加栏目', 192, 'tbshop', 'category', 'add', '', 0, '1', '2'),
(195, '删除栏目', 192, 'tbshop', 'category', 'delete', '', 0, '1', '3'),
(196, '编辑栏目', 192, 'tbshop', 'category', 'edit', '', 0, '1', '3'),
(197, '管理栏目', 192, 'tbshop', 'category', 'listinfo', '', 0, '1', '1'),
(198, '查看栏目', 192, 'tbshop', 'category', 'view', '', 0, '1', '3'),
(199, '添加内容', 192, 'tbshop', 'content', 'add', '', 0, '1', '2'),
(200, '管理内容', 192, 'tbshop', 'content', 'catquick', '', 0, '1', '1'),
(201, '删除内容', 192, 'tbshop', 'content', 'delete', '', 0, '1', '3'),
(202, '编辑内容', 192, 'tbshop', 'content', 'edit', '', 0, '1', '3'),
(203, '内容列表', 192, 'tbshop', 'content', 'listinfo', '', 0, '1', '3'),
(204, '查看内容', 192, 'tbshop', 'content', 'view', '', 0, '1', '3'),
(209, '机构管理', 10, 'kidsedu', '', '', '', 0, '0', '1'),
(210, '内容管理', 10, 'kidsedu', '', '', '', 0, '0', '1'),
(211, '资源管理', 10, 'kidsedu', '', '', '', 0, '0', '1'),
(213, '添加栏目', 210, 'kidsedu', 'category', 'add', '', 0, '1', '2'),
(214, '删除栏目', 210, 'kidsedu', 'category', 'delete', '', 0, '1', '3'),
(215, '编辑栏目', 210, 'kidsedu', 'category', 'edit', '', 0, '1', '3'),
(216, '管理栏目', 210, 'kidsedu', 'category', 'listinfo', '', 0, '1', '1'),
(217, '查看栏目', 210, 'kidsedu', 'category', 'view', '', 0, '1', '3'),
(218, '添加内容', 210, 'kidsedu', 'content', 'add', '', 0, '1', '2'),
(219, '管理内容', 210, 'kidsedu', 'content', 'catquick', '', 0, '1', '1'),
(220, '删除内容', 210, 'kidsedu', 'content', 'delete', '', 0, '1', '3'),
(221, '编辑内容', 210, 'kidsedu', 'content', 'edit', '', 0, '1', '3'),
(222, '内容列表', 210, 'kidsedu', 'content', 'listinfo', '', 0, '1', '3'),
(223, '查看内容', 210, 'kidsedu', 'content', 'view', '', 0, '1', '3'),
(228, '添加机构', 209, 'kidsedu', 'agency', 'add', '', 0, '1', '2'),
(229, '删除机构', 209, 'kidsedu', 'agency', 'delete', '', 0, '1', '3'),
(230, '编辑机构', 209, 'kidsedu', 'agency', 'edit', '', 0, '1', '3'),
(231, '管理机构', 209, 'kidsedu', 'agency', 'listinfo', '', 0, '1', '1'),
(232, '查看机构', 209, 'kidsedu', 'agency', 'view', '', 0, '1', '3'),
(233, '添加管理员', 209, 'kidsedu', 'superuserl', 'add', '', 0, '1', '2'),
(234, '删除管理员', 209, 'kidsedu', 'superuserl', 'delete', '', 0, '1', '3'),
(235, '编辑管理员', 209, 'kidsedu', 'superuserl', 'edit', '', 0, '1', '3'),
(236, '管理管理员', 209, 'kidsedu', 'superuserl', 'listinfo', '', 0, '1', '1'),
(237, '查看管理员', 209, 'kidsedu', 'superuserl', 'view', '', 0, '1', '3'),
(238, '添加课程', 211, 'kidsedu', 'course', 'add', '', 0, '1', '2'),
(239, '删除课程', 211, 'kidsedu', 'course', 'delete', '', 0, '1', '3'),
(240, '编辑课程', 211, 'kidsedu', 'course', 'edit', '', 0, '1', '3'),
(241, '管理课程', 211, 'kidsedu', 'course', 'listinfo', '', 0, '1', '1'),
(242, '查看课程', 211, 'kidsedu', 'course', 'view', '', 0, '1', '3'),
(243, '添加学校', 211, 'kidsedu', 'school', 'add', '', 0, '1', '2'),
(244, '删除学校', 211, 'kidsedu', 'school', 'delete', '', 0, '1', '3'),
(245, '编辑学校', 211, 'kidsedu', 'school', 'edit', '', 0, '1', '3'),
(246, '管理学校', 211, 'kidsedu', 'school', 'listinfo', '', 0, '1', '1'),
(247, '查看学校', 211, 'kidsedu', 'school', 'view', '', 0, '1', '3');

-- --------------------------------------------------------

--
-- 表的结构 `sp_admin_privilege`
--

CREATE TABLE IF NOT EXISTS `sp_admin_privilege` (
  `role_id` tinyint(3) unsigned NOT NULL COMMENT '角色ID',
  `menu_id` smallint(5) unsigned NOT NULL COMMENT '菜单ID',
  UNIQUE KEY `priviledge` (`role_id`,`menu_id`),
  KEY `operation` (`role_id`,`menu_id`)
) ENGINE=MyISAM DEFAULT CHARSET=utf8;

--
-- 转存表中的数据 `sp_admin_privilege`
--

INSERT INTO `sp_admin_privilege` (`role_id`, `menu_id`) VALUES
(2, 5),
(2, 88),
(2, 89),
(2, 90),
(2, 91),
(2, 92),
(2, 93),
(2, 94),
(2, 95),
(2, 96),
(2, 97),
(2, 98),
(2, 99),
(2, 100),
(2, 101),
(2, 102),
(2, 103),
(2, 104),
(2, 105),
(2, 106),
(2, 107),
(2, 108),
(2, 109),
(2, 110),
(2, 111),
(2, 112),
(2, 113),
(2, 114),
(2, 115),
(2, 116),
(2, 117),
(2, 118),
(2, 119),
(3, 1),
(3, 2),
(3, 3),
(3, 4),
(3, 5),
(3, 6),
(3, 11),
(3, 12),
(3, 13),
(3, 14),
(3, 15),
(3, 16),
(3, 17),
(3, 18),
(3, 19),
(3, 20),
(3, 21),
(3, 22),
(3, 23),
(3, 24),
(3, 25),
(3, 26),
(3, 27),
(3, 28),
(3, 29),
(3, 30),
(3, 31),
(3, 32),
(3, 33),
(3, 34),
(3, 35),
(3, 36),
(3, 37),
(3, 38),
(3, 39),
(3, 41),
(3, 42),
(3, 43),
(3, 44),
(3, 50),
(3, 51),
(3, 52),
(3, 53),
(3, 54),
(3, 55),
(3, 56),
(3, 57),
(3, 58),
(3, 59),
(3, 60),
(3, 61),
(3, 62),
(3, 63),
(3, 64),
(3, 65),
(3, 66),
(3, 67),
(3, 68),
(3, 69),
(3, 70),
(3, 71),
(3, 72),
(3, 73),
(3, 74),
(3, 75),
(3, 76),
(3, 77),
(3, 78),
(3, 79),
(3, 80),
(3, 81),
(3, 82),
(3, 83),
(3, 84),
(3, 85),
(3, 86),
(3, 87),
(3, 88),
(3, 90),
(3, 92),
(3, 93),
(3, 94),
(3, 95),
(3, 96),
(3, 97),
(3, 98),
(3, 99),
(3, 100),
(3, 101),
(3, 102),
(3, 107),
(3, 108),
(3, 109),
(3, 110),
(3, 111),
(3, 112),
(3, 113),
(3, 114),
(3, 115),
(3, 116),
(3, 117),
(3, 118),
(3, 119),
(3, 120),
(3, 121),
(3, 122),
(3, 123),
(3, 124),
(3, 125),
(3, 126),
(3, 127),
(3, 128),
(3, 129),
(3, 130),
(3, 131),
(3, 132),
(3, 133),
(3, 134),
(3, 135),
(3, 136),
(3, 137),
(3, 138),
(3, 139),
(3, 248);

-- --------------------------------------------------------

--
-- 表的结构 `sp_admin_role`
--

CREATE TABLE IF NOT EXISTS `sp_admin_role` (
  `id` tinyint(3) unsigned NOT NULL AUTO_INCREMENT COMMENT '角色ID',
  `name` varchar(50) NOT NULL COMMENT '名称',
  `description` varchar(1000) NOT NULL COMMENT '描述',
  `status` enum('0','1') NOT NULL COMMENT '0:禁用；1：启用',
  `listorder` smallint(5) unsigned NOT NULL COMMENT '排序',
  PRIMARY KEY (`id`)
) ENGINE=MyISAM  DEFAULT CHARSET=utf8 AUTO_INCREMENT=4 ;

--
-- 转存表中的数据 `sp_admin_role`
--

INSERT INTO `sp_admin_role` (`id`, `name`, `description`, `status`, `listorder`) VALUES
(1, '超级管理员', '超级管理员', '', 7),
(2, '编辑', '网站编辑', '1', 0),
(3, '管理员', '', '1', 0);

-- --------------------------------------------------------

--
-- 表的结构 `sp_aid_cre`
--

CREATE TABLE IF NOT EXISTS `sp_aid_cre` (
  `id` int(11) NOT NULL AUTO_INCREMENT,
  `aid` int(11) NOT NULL DEFAULT '0',
  `aid_status` int(2) DEFAULT '0',
  `email` varchar(20) DEFAULT '',
  PRIMARY KEY (`id`),
  KEY `aid_index` (`aid`)
) ENGINE=InnoDB  DEFAULT CHARSET=utf8 AUTO_INCREMENT=9699181 ;

--
-- 转存表中的数据 `sp_aid_cre`
--

INSERT INTO `sp_aid_cre` (`id`, `aid`, `aid_status`, `email`) VALUES
(1, 16033066, 1, ''),
(2, 18110861, 1, ''),
(3, 12455107, 1, ''),
(4, 17942955, 1, ''),
(5, 12349451, 1, ''),
(6, 17918393, 1, ''),
(7, 12543609, 1, ''),
(8, 18962868, 1, ''),
(9, 17183510, 1, ''),
(10, 19028947, 0, ''),
(11, 13594205, 0, ''),
(12, 10884184, 0, ''),
(13, 13638307, 0, ''),
(14, 15538984, 0, ''),
(15, 16779997, 0, ''),
(16, 17283036, 0, ''),
(17, 16075186, 0, ''),
(18, 18526822, 0, ''),
(19, 14408553, 0, ''),
(20, 16462301, 0, ''),
(21, 19085843, 0, ''),
(22, 16042313, 0, ''),
(23, 12954037, 0, ''),
(24, 16643249, 0, ''),
(25, 14354133, 0, ''),
(26, 11840917, 0, ''),
(27, 16142188, 0, ''),
(28, 15188186, 0, ''),
(29, 17514370, 0, ''),
(30, 12007288, 0, ''),
(31, 17493336, 0, ''),
(32, 11444812, 0, ''),
(33, 14744055, 0, ''),
(34, 19385841, 0, ''),
(35, 12697035, 0, ''),
(36, 18547166, 0, ''),
(37, 16752867, 0, ''),
(38, 18122838, 0, ''),
(39, 10355589, 0, ''),
(40, 17409432, 0, ''),
(41, 15980391, 0, ''),
(42, 17673660, 0, ''),
(43, 10427127, 0, ''),
(44, 19114660, 0, ''),
(45, 14291914, 0, ''),
(46, 14115594, 0, ''),
(47, 17702227, 0, ''),
(48, 16164351, 0, ''),
(49, 17715077, 0, ''),
(50, 10082331, 0, ''),
(51, 17266426, 0, ''),
(52, 16085134, 0, ''),
(53, 18626392, 0, ''),
(54, 14876558, 0, ''),
(55, 18503616, 0, ''),
(56, 17888405, 0, ''),
(57, 13931178, 0, ''),
(58, 15990674, 0, ''),
(59, 18159839, 0, ''),
(60, 19656339, 0, ''),
(61, 19800180, 0, ''),
(62, 10031882, 0, ''),
(63, 10758876, 0, ''),
(64, 13698733, 0, ''),
(65, 16217035, 0, ''),
(66, 19988978, 0, ''),
(67, 11293784, 0, ''),
(68, 16501987, 0, ''),
(69, 18628581, 0, ''),
(70, 13636944, 0, ''),
(71, 12298977, 0, ''),
(72, 10584054, 0, ''),
(73, 16023343, 0, ''),
(74, 18364551, 0, ''),
(75, 13752724, 0, ''),
(76, 13669970, 0, ''),
(77, 17091677, 0, ''),
(78, 14448475, 0, ''),
(79, 10967345, 0, ''),
(80, 11491303, 0, ''),
(81, 14554481, 0, ''),
(82, 18298494, 0, ''),
(83, 17829027, 0, ''),
(84, 14249652, 0, ''),
(85, 17761180, 0, ''),
(86, 16056943, 0, ''),
(87, 16835057, 0, ''),
(88, 13171753, 0, ''),
(89, 15353596, 0, ''),
(90, 17252722, 0, ''),
(91, 10202821, 0, ''),
(92, 19255942, 0, ''),
(93, 15671245, 0, ''),
(94, 10588401, 0, ''),
(95, 15928271, 0, ''),
(96, 17876150, 0, ''),
(97, 11595936, 0, ''),
(98, 14351235, 0, ''),
(99, 16968366, 0, ''),
(100, 11788125, 0, ''),
(101, 18035531, 0, ''),
(102, 14813276, 0, ''),
(103, 19959788, 0, ''),
(104, 15359109, 0, ''),
(105, 16916183, 0, ''),
(106, 18503590, 0, ''),
(107, 11769398, 0, ''),
(108, 13336223, 0, ''),
(109, 11372920, 0, ''),
(110, 16855933, 0, ''),
(111, 10160905, 0, ''),
(112, 10236728, 0, ''),
(113, 10700926, 0, ''),
(114, 12794446, 0, ''),
(115, 11869452, 0, ''),
(116, 10963923, 0, ''),
(117, 19211262, 0, ''),
(118, 13164536, 0, ''),
(119, 18188896, 0, ''),
(120, 11450872, 0, ''),
(121, 12687673, 0, ''),
(122, 19085752, 0, ''),
(123, 17365739, 0, ''),
(124, 19571440, 0, ''),
(125, 15759982, 0, ''),
(126, 10085590, 0, ''),
(127, 13148006, 0, ''),
(128, 15483259, 0, ''),
(129, 17972278, 0, ''),
(130, 13411612, 0, ''),
(131, 13141226, 0, ''),
(132, 15471297, 0, ''),
(133, 17932807, 0, ''),
(134, 13250142, 0, ''),
(135, 12452292, 0, ''),
(136, 12511035, 0, ''),
(137, 15198298, 0, ''),
(138, 18458384, 0, ''),
(139, 16697024, 0, ''),
(140, 18109970, 0, ''),
(141, 10458775, 0, ''),
(142, 17963970, 0, ''),
(143, 18443524, 0, ''),
(144, 18325710, 0, ''),
(145, 16297976, 0, ''),
(146, 16512751, 0, ''),
(147, 13669828, 0, ''),
(148, 18810889, 0, ''),
(149, 13044959, 0, ''),
(150, 18792132, 0, ''),
(151, 14825781, 0, ''),
(152, 17752510, 0, ''),
(153, 14285206, 0, ''),
(154, 18168502, 0, ''),
(155, 17986892, 0, ''),
(156, 15428953, 0, ''),
(157, 13184088, 0, ''),
(158, 19633582, 0, ''),
(159, 18615646, 0, ''),
(160, 14177483, 0, ''),
(161, 15040481, 0, ''),
(162, 12669954, 0, ''),
(163, 18228329, 0, ''),
(164, 13131783, 0, ''),
(165, 10973928, 0, ''),
(166, 15474295, 0, ''),
(167, 14449687, 0, ''),
(168, 15825551, 0, ''),
(169, 15778692, 0, ''),
(170, 11416810, 0, ''),
(171, 19747975, 0, ''),
(172, 14489442, 0, ''),
(173, 13203288, 0, ''),
(174, 12548115, 0, ''),
(175, 13130709, 0, ''),
(176, 18009204, 0, ''),
(177, 10653889, 0, ''),
(178, 19241838, 0, ''),
(179, 14247521, 0, ''),
(180, 13512090, 0, ''),
(181, 14817891, 0, ''),
(182, 13553181, 0, ''),
(183, 13312235, 0, ''),
(184, 15901634, 0, ''),
(185, 19571465, 0, ''),
(186, 10152419, 0, ''),
(187, 12047704, 0, ''),
(188, 19781262, 0, ''),
(189, 12763198, 0, ''),
(190, 14472204, 0, ''),
(191, 14071426, 0, ''),
(192, 16940519, 0, ''),
(193, 12488317, 0, ''),
(194, 11620031, 0, ''),
(195, 10635201, 0, ''),
(196, 18315918, 0, ''),
(197, 19673981, 0, ''),
(198, 13422152, 0, ''),
(199, 18088820, 0, ''),
(200, 10177642, 0, ''),
(201, 16621754, 0, ''),
(202, 12575839, 0, ''),
(203, 13013938, 0, ''),
(204, 17342172, 0, ''),
(205, 17669045, 0, ''),
(206, 16318707, 0, ''),
(207, 18586402, 0, ''),
(208, 14120237, 0, ''),
(209, 18673522, 0, ''),
(210, 11006897, 0, ''),
(211, 19013923, 0, ''),
(212, 12048921, 0, ''),
(213, 13202839, 0, ''),
(214, 19867432, 0, ''),
(215, 19728639, 0, ''),
(216, 19040902, 0, ''),
(217, 16018591, 0, ''),
(218, 12970249, 0, ''),
(219, 16795473, 0, ''),
(220, 15066618, 0, ''),
(221, 14946672, 0, ''),
(222, 19533507, 0, ''),
(223, 12827515, 0, ''),
(224, 15537059, 0, ''),
(225, 19202750, 0, ''),
(226, 19402569, 0, ''),
(227, 19404598, 0, ''),
(228, 18815280, 0, ''),
(229, 15862606, 0, ''),
(230, 12867190, 0, ''),
(231, 16748135, 0, ''),
(232, 15139103, 0, ''),
(233, 15451112, 0, ''),
(234, 11838250, 0, ''),
(235, 12837918, 0, ''),
(236, 18674838, 0, ''),
(237, 14860433, 0, ''),
(238, 18277653, 0, ''),
(239, 16806968, 0, ''),
(240, 19201879, 0, ''),
(241, 15588488, 0, ''),
(242, 10336808, 0, ''),
(243, 14918576, 0, ''),
(244, 13582455, 0, ''),
(245, 13156547, 0, ''),
(246, 15035371, 0, ''),
(247, 15707214, 0, ''),
(248, 13429958, 0, ''),
(249, 10028148, 0, ''),
(250, 19850868, 0, ''),
(251, 19169893, 0, ''),
(252, 16296861, 0, ''),
(253, 13974626, 0, ''),
(254, 10982548, 0, ''),
(255, 12988865, 0, ''),
(256, 11016808, 0, ''),
(257, 19094002, 0, ''),
(258, 12419583, 0, ''),
(259, 14815910, 0, ''),
(260, 16820799, 0, ''),
(261, 19656268, 0, ''),
(262, 17818941, 0, ''),
(263, 10125901, 0, ''),
(264, 17172685, 0, ''),
(265, 15485720, 0, ''),
(266, 15910547, 0, ''),
(267, 13095575, 0, ''),
(268, 17746235, 0, ''),
(269, 13983543, 0, ''),
(270, 11584367, 0, ''),
(271, 15971206, 0, ''),
(272, 15102930, 0, ''),
(273, 17601033, 0, ''),
(274, 12696375, 0, ''),
(275, 15304760, 0, ''),
(276, 14487469, 0, ''),
(277, 16523064, 0, ''),
(278, 19152913, 0, ''),
(279, 16195373, 0, ''),
(280, 13518128, 0, ''),
(281, 19004522, 0, ''),
(282, 14468223, 0, ''),
(283, 15327550, 0, ''),
(284, 13233083, 0, ''),
(285, 10182765, 0, ''),
(286, 11214579, 0, ''),
(287, 15524600, 0, ''),
(288, 13979262, 0, ''),
(289, 13322511, 0, ''),
(290, 14674771, 0, ''),
(291, 13406320, 0, ''),
(292, 13007289, 0, ''),
(293, 14817485, 0, ''),
(294, 15065557, 0, ''),
(295, 10875330, 0, ''),
(296, 19179983, 0, ''),
(297, 13273921, 0, ''),
(298, 18829660, 0, ''),
(299, 14326532, 0, ''),
(300, 15143685, 0, ''),
(301, 12738829, 0, ''),
(302, 18263091, 0, ''),
(303, 13098964, 0, ''),
(304, 10705550, 0, ''),
(305, 14230860, 0, ''),
(306, 19037648, 0, ''),
(307, 12495658, 0, ''),
(308, 15365351, 0, ''),
(309, 19339780, 0, ''),
(310, 10602843, 0, ''),
(311, 14994880, 0, ''),
(312, 13165869, 0, ''),
(313, 10844705, 0, ''),
(314, 14725922, 0, ''),
(315, 11095495, 0, ''),
(316, 11299708, 0, ''),
(317, 13212058, 0, ''),
(318, 12161163, 0, ''),
(319, 11169642, 0, ''),
(320, 19364725, 0, ''),
(321, 13314695, 0, ''),
(322, 18479301, 0, ''),
(323, 12452417, 0, ''),
(324, 16824187, 0, ''),
(325, 16763681, 0, ''),
(326, 13345844, 0, ''),
(327, 16438178, 0, ''),
(328, 12153359, 0, ''),
(329, 11452261, 0, ''),
(330, 10801230, 0, ''),
(331, 19649369, 0, ''),
(332, 15843151, 0, ''),
(333, 10267651, 0, ''),
(334, 13808803, 0, ''),
(335, 18241063, 0, ''),
(336, 19778905, 0, ''),
(337, 11519953, 0, ''),
(338, 15085767, 0, ''),
(339, 10868976, 0, ''),
(340, 19087583, 0, ''),
(341, 12830982, 0, ''),
(342, 16892164, 0, ''),
(343, 15967875, 0, ''),
(344, 19162881, 0, ''),
(345, 17910780, 0, ''),
(346, 12065255, 0, ''),
(347, 16593938, 0, ''),
(348, 16773925, 0, ''),
(349, 14087809, 0, ''),
(350, 10117270, 0, ''),
(351, 18322927, 0, ''),
(352, 11262821, 0, ''),
(353, 11345328, 0, ''),
(354, 12938178, 0, ''),
(355, 10654905, 0, ''),
(356, 14459992, 0, ''),
(357, 10335246, 0, ''),
(358, 18296254, 0, ''),
(359, 10475531, 0, ''),
(360, 17488897, 0, ''),
(361, 16017890, 0, ''),
(362, 17622758, 0, ''),
(363, 10060120, 0, ''),
(364, 17432331, 0, ''),
(365, 16981291, 0, ''),
(366, 12609463, 0, ''),
(367, 12103443, 0, ''),
(368, 12688827, 0, ''),
(369, 17133806, 0, ''),
(370, 17602547, 0, ''),
(371, 16611316, 0, ''),
(372, 10248939, 0, ''),
(373, 11410750, 0, ''),
(374, 16306934, 0, ''),
(375, 17302417, 0, ''),
(376, 17591286, 0, ''),
(377, 16049178, 0, ''),
(378, 17472032, 0, ''),
(379, 19212627, 0, ''),
(380, 13647039, 0, ''),
(381, 10597316, 0, ''),
(382, 12045462, 0, ''),
(383, 18435366, 0, ''),
(384, 16040440, 0, ''),
(385, 14896103, 0, ''),
(386, 16359196, 0, ''),
(387, 17107671, 0, ''),
(388, 16460769, 0, ''),
(389, 10980828, 0, ''),
(390, 15521839, 0, ''),
(391, 14666708, 0, ''),
(392, 16768024, 0, ''),
(393, 19839996, 0, ''),
(394, 18895907, 0, ''),
(395, 14959548, 0, ''),
(396, 15671463, 0, ''),
(397, 14027249, 0, ''),
(398, 13121857, 0, ''),
(399, 13527538, 0, ''),
(400, 18272119, 0, ''),
(401, 10777981, 0, ''),
(402, 19073553, 0, ''),
(403, 13033817, 0, ''),
(404, 17948428, 0, ''),
(405, 10640687, 0, ''),
(406, 19358157, 0, ''),
(407, 14868721, 0, ''),
(408, 16269135, 0, ''),
(409, 16739513, 0, ''),
(410, 14890160, 0, ''),
(411, 14232262, 0, ''),
(412, 16490831, 0, ''),
(413, 19757370, 0, ''),
(414, 19314354, 0, ''),
(415, 17299660, 0, ''),
(416, 18555237, 0, ''),
(417, 10877207, 0, ''),
(418, 18720325, 0, ''),
(419, 10970002, 0, ''),
(420, 18689038, 0, ''),
(421, 10535180, 0, ''),
(422, 16608792, 0, ''),
(423, 11438417, 0, ''),
(424, 17365710, 0, ''),
(425, 12513298, 0, ''),
(426, 10469363, 0, ''),
(427, 14806921, 0, ''),
(428, 12626516, 0, ''),
(429, 18711820, 0, ''),
(430, 15679548, 0, ''),
(431, 12262280, 0, ''),
(432, 14272759, 0, ''),
(433, 14576956, 0, ''),
(434, 10066503, 0, ''),
(435, 16601649, 0, ''),
(436, 12808734, 0, ''),
(437, 14238726, 0, ''),
(438, 12767427, 0, ''),
(439, 11120956, 0, ''),
(440, 17302500, 0, ''),
(441, 13149632, 0, ''),
(442, 13840663, 0, ''),
(443, 19754418, 0, ''),
(444, 17250097, 0, ''),
(445, 16987235, 0, ''),
(446, 13185882, 0, ''),
(447, 14967708, 0, ''),
(448, 15280893, 0, ''),
(449, 11501342, 0, ''),
(450, 11664032, 0, ''),
(451, 13816135, 0, ''),
(452, 14088580, 0, ''),
(453, 18994493, 0, ''),
(454, 12706725, 0, ''),
(455, 16550150, 0, ''),
(456, 14630571, 0, ''),
(457, 13502408, 0, ''),
(458, 13620326, 0, ''),
(459, 17594409, 0, ''),
(460, 17111064, 0, ''),
(461, 12772094, 0, ''),
(462, 12527280, 0, ''),
(463, 14320119, 0, ''),
(464, 14018756, 0, ''),
(465, 17133425, 0, ''),
(466, 13610852, 0, ''),
(467, 16653989, 0, ''),
(468, 12437386, 0, ''),
(469, 12224965, 0, ''),
(470, 13812669, 0, ''),
(471, 12388448, 0, ''),
(472, 10504235, 0, ''),
(473, 15355833, 0, ''),
(474, 15266460, 0, ''),
(475, 10264798, 0, ''),
(476, 15524613, 0, ''),
(477, 16828669, 0, ''),
(478, 17569506, 0, ''),
(479, 17361523, 0, ''),
(480, 14099099, 0, ''),
(481, 18410925, 0, ''),
(482, 19757328, 0, ''),
(483, 13553863, 0, ''),
(484, 18497335, 0, ''),
(485, 11825082, 0, ''),
(486, 13633408, 0, ''),
(487, 12691794, 0, ''),
(488, 12558746, 0, ''),
(489, 14718349, 0, ''),
(490, 15915507, 0, ''),
(491, 15422486, 0, ''),
(492, 19365911, 0, ''),
(493, 10562095, 0, ''),
(494, 14712745, 0, ''),
(495, 11877438, 0, ''),
(496, 15248957, 0, ''),
(497, 10612469, 0, ''),
(498, 17315479, 0, ''),
(499, 14739984, 0, ''),
(500, 11753483, 0, '');

-- --------------------------------------------------------

--
-- 表的结构 `sp_attachment`
--

CREATE TABLE IF NOT EXISTS `sp_attachment` (
  `id` int(10) unsigned NOT NULL AUTO_INCREMENT,
  `app_code` char(15) NOT NULL,
  `catid` smallint(5) unsigned NOT NULL DEFAULT '0',
  `contentid` int(10) unsigned NOT NULL,
  `file_name` char(50) NOT NULL,
  `file_path` char(200) NOT NULL,
  `file_size` int(10) unsigned NOT NULL DEFAULT '0',
  `file_ext` char(10) NOT NULL,
  `isimage` tinyint(1) unsigned NOT NULL DEFAULT '0',
  `isthumb` tinyint(1) unsigned NOT NULL DEFAULT '0',
  `downloads` mediumint(8) unsigned NOT NULL DEFAULT '0',
  `userid` mediumint(8) unsigned NOT NULL DEFAULT '0',
  `username` char(32) NOT NULL DEFAULT '',
  `uploadtime` int(10) unsigned NOT NULL DEFAULT '0',
  `uploadip` char(15) NOT NULL,
  `status` tinyint(1) NOT NULL DEFAULT '0',
  `authcode` char(32) NOT NULL,
  PRIMARY KEY (`id`),
  KEY `authcode` (`authcode`)
) ENGINE=MyISAM  DEFAULT CHARSET=utf8 AUTO_INCREMENT=28 ;

--
-- 转存表中的数据 `sp_attachment`
--

INSERT INTO `sp_attachment` (`id`, `app_code`, `catid`, `contentid`, `file_name`, `file_path`, `file_size`, `file_ext`, `isimage`, `isthumb`, `downloads`, `userid`, `username`, `uploadtime`, `uploadip`, `status`, `authcode`) VALUES
(1, '', 0, 0, 'navo2.jpg', 'passport2013/0910/20130910141912626.jpg', 220469, 'jpg', 0, 0, 0, 0, '', 0, '', 0, ''),
(2, '', 0, 0, 'navo2.jpg', 'passport2013/0910/20130910141919705.jpg', 220469, 'jpg', 0, 0, 0, 0, '', 0, '', 0, ''),
(3, '', 0, 0, 'navo2.jpg', 'passport2013/0910/20130910141925472.jpg', 220469, 'jpg', 0, 0, 0, 0, '', 0, '', 0, ''),
(4, '', 0, 0, '1ebc1fc27f2a9bc75613ba1c9096859a.jpg', 'passport2013/0910/20130910142240992.jpg', 78630, 'jpg', 0, 0, 0, 0, '', 0, '', 0, ''),
(5, '', 0, 0, '2012092896369.jpg', 'passport2013/0910/20130910142311290.jpg', 246837, 'jpg', 0, 0, 0, 0, '', 0, '', 0, ''),
(6, '', 0, 0, '2012122400068.jpg', 'passport2013/0910/20130910142358994.jpg', 218866, 'jpg', 0, 0, 0, 0, '', 0, '', 0, ''),
(7, '', 0, 0, '2013012947865.png', 'passport2013/0910/20130910142445635.png', 257154, 'png', 0, 0, 0, 0, '', 0, '', 0, ''),
(8, '', 0, 0, '2012092691310.jpg', 'passport2013/0910/20130910142529332.jpg', 358073, 'jpg', 0, 0, 0, 0, '', 0, '', 0, ''),
(9, '', 0, 0, 'QQ图片20130905144255.jpg', 'passport2013/0910/20130910143505676.jpg', 62110, 'jpg', 0, 0, 0, 0, '', 0, '', 0, ''),
(10, '', 0, 0, 'QQ图片20130905144308.jpg', 'passport2013/0910/20130910143514632.jpg', 207182, 'jpg', 0, 0, 0, 0, '', 0, '', 0, ''),
(11, '', 0, 0, 'QQ图片20130905144308.jpg', 'passport2013/0910/20130910143520311.jpg', 207182, 'jpg', 0, 0, 0, 0, '', 0, '', 0, ''),
(12, '', 0, 0, '2013010691620.jpg', 'passport2013/0910/20130910143536811.jpg', 219665, 'jpg', 0, 0, 0, 0, '', 0, '', 0, ''),
(13, '', 0, 0, '2012101190770.png', 'passport2013/0910/20130910143545206.png', 246267, 'png', 0, 0, 0, 0, '', 0, '', 0, ''),
(14, '', 0, 0, '2012101137321.png', 'passport2013/0910/20130910143551723.png', 286266, 'png', 0, 0, 0, 0, '', 0, '', 0, ''),
(15, '', 0, 0, 'sxd.jpg', 'passport2013/0910/20130910143739823.jpg', 67788, 'jpg', 0, 0, 0, 0, '', 0, '', 0, ''),
(16, '', 0, 0, 'sxd.jpg', 'passport2013/0910/20130910143746964.jpg', 67788, 'jpg', 0, 0, 0, 0, '', 0, '', 0, ''),
(17, '', 0, 0, 'sxd.jpg', 'passport2013/0910/20130910143751644.jpg', 67788, 'jpg', 0, 0, 0, 0, '', 0, '', 0, ''),
(18, '', 0, 0, 'QQ图片20130905144255.jpg', 'passport2013/0910/20130910144500693.jpg', 62110, 'jpg', 0, 0, 0, 0, '', 0, '', 0, ''),
(19, '', 0, 0, 'QQ图片20130905144308.jpg', 'passport2013/0910/20130910144532119.jpg', 207182, 'jpg', 0, 0, 0, 0, '', 0, '', 0, ''),
(20, '', 0, 0, 'QQ图片20130905144237.jpg', 'passport2013/0910/20130910152355374.jpg', 58070, 'jpg', 0, 0, 0, 0, '', 0, '', 0, ''),
(21, '', 0, 0, 'QQ图片20130905144237.jpg', 'passport2013/0911/20130911113510484.jpg', 58070, 'jpg', 0, 0, 0, 0, '', 0, '', 0, ''),
(22, '', 0, 0, 'QQ图片20130905144255.jpg', 'passport2013/0911/20130911163359465.jpg', 62110, 'jpg', 0, 0, 0, 0, '', 0, '', 0, ''),
(23, '', 0, 0, 'QQ图片20130905144237.jpg', 'passport2013/0911/20130911163559221.jpg', 58070, 'jpg', 0, 0, 0, 0, '', 0, '', 0, ''),
(24, '', 0, 0, 'lgz.jpg', 'passport2013/0911/20130911163649869.jpg', 95006, 'jpg', 0, 0, 0, 0, '', 0, '', 0, ''),
(25, '', 0, 0, 'QQ图片20130905144255.jpg', 'passport2013/0911/20130911163649114.jpg', 62110, 'jpg', 0, 0, 0, 0, '', 0, '', 0, ''),
(26, '', 0, 0, 'QQ图片20130905144237.jpg', 'passport2013/0911/20130911165102242.jpg', 58070, 'jpg', 0, 0, 0, 0, '', 0, '', 0, ''),
(27, '', 0, 0, '2012092406342.png', 'passport2013/0912/20130912172705850.png', 227413, 'png', 0, 0, 0, 0, '', 0, '', 0, '');

-- --------------------------------------------------------

--
-- 表的结构 `sp_linkurl`
--

CREATE TABLE IF NOT EXISTS `sp_linkurl` (
  `id` smallint(5) unsigned NOT NULL AUTO_INCREMENT,
  `type` char(8) NOT NULL DEFAULT '',
  `name` varchar(50) NOT NULL DEFAULT '',
  `url` varchar(255) NOT NULL DEFAULT '',
  `logo` varchar(255) NOT NULL DEFAULT '',
  `description` text NOT NULL,
  `username` varchar(30) NOT NULL DEFAULT '',
  `listorder` smallint(5) unsigned NOT NULL DEFAULT '0',
  `status` tinyint(1) unsigned NOT NULL DEFAULT '0',
  `add_time` int(10) unsigned NOT NULL DEFAULT '0',
  PRIMARY KEY (`id`)
) ENGINE=MyISAM  DEFAULT CHARSET=utf8 AUTO_INCREMENT=2 ;

--
-- 转存表中的数据 `sp_linkurl`
--

INSERT INTO `sp_linkurl` (`id`, `type`, `name`, `url`, `logo`, `description`, `username`, `listorder`, `status`, `add_time`) VALUES
(1, 'nova', '友链1', 'http://www.baidu.com/', '', '', '', 0, 1, 1379396460);

-- --------------------------------------------------------

--
-- 表的结构 `sp_member`
--

CREATE TABLE IF NOT EXISTS `sp_member` (
  `userid` int(10) unsigned NOT NULL AUTO_INCREMENT COMMENT '用户ID',
  `username` char(32) NOT NULL DEFAULT '' COMMENT '用户名',
  `ucserver_id` int(10) unsigned NOT NULL DEFAULT '0',
  `password` char(32) NOT NULL DEFAULT '' COMMENT '密码',
  `encrypt` char(6) NOT NULL COMMENT '辅助加密字符串',
  `avatar` int(10) unsigned NOT NULL DEFAULT '0' COMMENT '用户头像',
  `email` char(32) NOT NULL DEFAULT '' COMMENT '邮箱',
  `truename` varchar(255) NOT NULL DEFAULT '' COMMENT '真实姓名',
  `gender` enum('1','2') NOT NULL DEFAULT '2' COMMENT '性别 1 男 2 女',
  `telephone` varchar(255) NOT NULL DEFAULT '' COMMENT '电话',
  `address` varchar(255) NOT NULL DEFAULT '' COMMENT '地址',
  `qq` varchar(255) NOT NULL DEFAULT '' COMMENT 'QQ号',
  `birthday` int(11) NOT NULL DEFAULT '0' COMMENT '生日',
  `postcode` varchar(255) NOT NULL DEFAULT '' COMMENT '邮编',
  `mobile` varchar(255) NOT NULL DEFAULT '' COMMENT '手机号',
  `idcard` char(18) NOT NULL DEFAULT '' COMMENT '身份证号',
  `regip` char(15) NOT NULL DEFAULT '' COMMENT '注册IP',
  `regdate` int(10) unsigned NOT NULL DEFAULT '0' COMMENT '注册时间',
  `loginnum` int(8) NOT NULL COMMENT '登录次数',
  `lastloginip` char(15) NOT NULL DEFAULT '0' COMMENT '最后一次登录IP',
  `lastlogintime` int(10) unsigned NOT NULL DEFAULT '0' COMMENT '最后一次登录时间',
  `is_lock` tinyint(1) NOT NULL DEFAULT '0',
  PRIMARY KEY (`userid`),
  UNIQUE KEY `username` (`username`)
) ENGINE=MyISAM  DEFAULT CHARSET=utf8 AUTO_INCREMENT=17183511 ;

--
-- 转存表中的数据 `sp_member`
--

INSERT INTO `sp_member` (`userid`, `username`, `ucserver_id`, `password`, `encrypt`, `avatar`, `email`, `truename`, `gender`, `telephone`, `address`, `qq`, `birthday`, `postcode`, `mobile`, `idcard`, `regip`, `regdate`, `loginnum`, `lastloginip`, `lastlogintime`, `is_lock`) VALUES
(1089692, '1089692', 1, '542666faae27ef5b977a701af4e86b19', '2NlgqY', 0, '', '', '2', '', '', '', 0, '', '', '', '127.0.0.1', 1378800835, 0, '0', 0, 0),
(1065112, '1065112', 2, '514c59761aeaba4fbe7cc788577fc515', 'l4IZ1m', 0, '', '', '2', '', '', '', 0, '', '', '', '127.0.0.1', 1378801338, 0, '0', 0, 0),
(104760, '104760', 3, '1218a4b526c794480d28eefb08047400', 'pdgEsz', 0, '', '', '2', '', '', '', 0, '', '', '', '127.0.0.1', 1378801338, 1, '127.0.0.1', 1378801341, 0),
(1062753, '1062753', 4, 'e521f1e8065594e421b3b708878b14c1', 'Zxinxa', 0, '', '', '2', '', '', '', 0, '', '', '', '127.0.0.1', 1378811253, 0, '0', 0, 0),
(1023032, '1023032', 5, '1d3c7c23f550f7430e4da301a8f5d21d', 'BK7Sng', 0, '', '', '2', '', '', '', 0, '', '', '', '127.0.0.1', 1378811253, 1, '127.0.0.1', 1378811256, 0),
(1193559, 'aaaaaa', 6, '6dceefbc8399e41b5fae06839a8bdc2f', 'JFAkWH', 0, '', '', '2', '', '', '', 0, '', '', '', '127.0.0.1', 1378863829, 167, '127.0.0.1', 1380187768, 0),
(1286042, 'bbbbbb', 7, 'ab794e1d2c0513f38a0af9ef90550cfe', 'uyZ6UZ', 0, '', '', '2', '', '', '', 0, '', '', '', '127.0.0.1', 1378979837, 1, '127.0.0.1', 1379468433, 0),
(1386195, '1386195', 8, '87bef5b42e7e4a6a8b4c8a30542f503e', 'm5iEPU', 0, '', '', '2', '', '', '', 0, '', '', '', '127.0.0.1', 1379064838, 0, '0', 0, 0),
(1391331, '1391331', 9, '2b2fbd378f47bdfa682f6f5ae63a0aff', 'WPylpC', 0, '', '', '2', '', '', '', 0, '', '', '', '127.0.0.1', 1379064839, 1, '127.0.0.1', 1379064847, 0),
(2240404, '2240404', 10, 'a1c702d23731730051b3471b4e2a737b', 'kfF6uv', 0, '', '', '2', '', '', '', 0, '', '', '', '127.0.0.1', 1379829032, 0, '0', 0, 0),
(2240362, '2240362', 11, 'ea55bd5d4c72b5193ea1c6a985ae7917', 'XSev1V', 0, '', '', '2', '', '', '', 0, '', '', '', '127.0.0.1', 1379829032, 2, '127.0.0.1', 1379829091, 0),
(238261, '238261', 12, '0e6de0636666dd666c9ac44d13940cee', 'VicPND', 0, '', '', '2', '', '', '', 0, '', '', '', '127.0.0.1', 1379902088, 0, '0', 0, 0),
(2319390, '2319390', 13, '788b6aae320dd505e9087e015b4787ac', 'YQDkDz', 0, '', '', '2', '', '', '', 0, '', '', '', '127.0.0.1', 1379902088, 1, '127.0.0.1', 1379902094, 0),
(2363687, '2363687', 14, '487fb5491fb13b68b396a3e54051f4c4', 'kQEYLy', 0, '', '', '2', '', '', '', 0, '', '', '', '127.0.0.1', 1379917908, 0, '0', 0, 0),
(2372554, '2372554', 15, 'f6ca57dee3ef315207f4f7c4c191a902', 'YJC34W', 0, '', '', '2', '', '', '', 0, '', '', '', '127.0.0.1', 1379917924, 0, '0', 0, 0),
(2448817, '2448817', 16, 'fb568fe15fc733f5eb38d5b021f2676f', 'YFBLgg', 0, '', '', '2', '', '', '', 0, '', '', '', '127.0.0.1', 1379987007, 0, '0', 0, 0),
(2586903, '2586903', 17, 'd0c03208d9f08bfa15da6259fddd9341', 'tCIjDU', 0, '', '', '2', '', '', '', 0, '', '', '', '127.0.0.1', 1380112361, 0, '0', 0, 0),
(2663555, '2663555', 18, '77f7fc6d837928313696456ffe67cf63', '4luaX4', 0, '', '', '2', '', '', '', 0, '', '', '', '127.0.0.1', 1380182157, 0, '0', 0, 0),
(2664350, '2664350', 19, '7770408a6eb8b8af3b91f34bef45bf82', 'TVMLM5', 0, '', '', '2', '', '', '', 0, '', '', '', '127.0.0.1', 1380182185, 0, '0', 0, 0),
(2647789, '2647789', 20, '582b939411e57612527f539cb05caea1', 'paYGRS', 0, '', '', '2', '', '', '', 0, '', '', '', '127.0.0.1', 1380182352, 0, '0', 0, 0),
(2655805, '2655805', 21, '7582ec2ea4d46836eba7f72541efabad', 'hddVZ8', 0, '', '', '2', '', '', '', 0, '', '', '', '127.0.0.1', 1380182372, 0, '0', 0, 0),
(2687356, '2687356', 22, 'ed55d4b3d7aed3de5608697cd22e41ba', 'EtI91R', 0, '', '', '2', '', '', '', 0, '', '', '', '127.0.0.1', 1380182475, 0, '0', 0, 0),
(2698260, '2698260', 23, '81bf28c4875e6f0316d6d10d5d5dbb85', '1bMtud', 0, '', '', '2', '', '', '', 0, '', '', '', '127.0.0.1', 1380182674, 0, '0', 0, 0),
(2657104, '2657104', 24, '82dc3771aef63d99b254ec25986d1272', 'Zw49LK', 0, '', '', '2', '', '', '', 0, '', '', '', '127.0.0.1', 1380183640, 0, '0', 0, 0),
(2656318, '2656318', 25, '04a2ee313576f4d56593dc4a0d850e5d', 'vNCTHe', 0, '', '', '2', '', '', '', 0, '', '', '', '127.0.0.1', 1380189944, 0, '0', 0, 0),
(2694116, '2694116', 26, 'da86653506bbf36f038689b224b5202e', 'nEnh8u', 0, '', '', '2', '', '', '', 0, '', '', '', '127.0.0.1', 1380197302, 0, '0', 0, 0),
(2680510, '2680510', 27, '7eb5065b28d9621ee56dda1f9309f757', 'NC9G9B', 0, '', '', '2', '', '', '', 0, '', '', '', '127.0.0.1', 1380197449, 0, '0', 0, 0),
(2625120, '2625120', 28, '7ca9ae926c77c96dd01c0ca51a0aa5ba', 's7K9eB', 0, '', '', '2', '', '', '', 0, '', '', '', '127.0.0.1', 1380197509, 0, '0', 0, 0),
(2659323, '2659323', 29, '1ed2310256643771eff6464157ed2ce9', 'Rallx8', 0, '', '', '2', '', '', '', 0, '', '', '', '127.0.0.1', 1380197542, 0, '0', 0, 0),
(2634757, '2634757', 30, 'e9b76539e79c7305a161f185017571a5', 'mihvl8', 0, '', '', '2', '', '', '', 0, '', '', '', '127.0.0.1', 1380197546, 0, '0', 0, 0),
(268632, '268632', 31, 'a0d6bf79791a19ac6482da10da8f21cb', 'HhwYrl', 0, '', '', '2', '', '', '', 0, '', '', '', '127.0.0.1', 1380197547, 0, '0', 0, 0),
(2660479, '2660479', 32, 'a6d10fa22aa3867308490b79819febba', 'bUKAiZ', 0, '', '', '2', '', '', '', 0, '', '', '', '127.0.0.1', 1380197548, 0, '0', 0, 0),
(2678546, '2678546', 33, '929d07da8829a250c096898f5a7e8bcb', 'MEp2rx', 0, '', '', '2', '', '', '', 0, '', '', '', '127.0.0.1', 1380197548, 0, '0', 0, 0),
(2666594, '2666594', 34, 'd2b4cd4cddf749c3c128a10a9906041a', 'AwysSY', 0, '', '', '2', '', '', '', 0, '', '', '', '127.0.0.1', 1380197781, 0, '0', 0, 0),
(2673902, '2673902', 35, 'c2448918a57a5ba98d6bcdfb7a2a8503', 'QvL3Gs', 0, '', '', '2', '', '', '', 0, '', '', '', '127.0.0.1', 1380197821, 0, '0', 0, 0),
(2744509, '2744509', 36, '10acebc888eff1a2fa9d5826552e4468', '8v1iV4', 0, '', '', '2', '', '', '', 0, '', '', '', '127.0.0.1', 1380260239, 0, '0', 0, 0),
(2784714, '2784714', 37, '30b36362a2a54c78b67903fbef6d4d49', 'PekM7d', 0, '', '', '2', '', '', '', 0, '', '', '', '127.0.0.1', 1380260261, 0, '0', 0, 0),
(2776985, '2776985', 38, '7617bbb3f14532102d3dfb72c516e47e', 'wsX7KX', 0, '', '', '2', '', '', '', 0, '', '', '', '127.0.0.1', 1380260303, 0, '0', 0, 0),
(2794921, '2794921', 39, '69346b0c4c43980ab70f0be826089630', 'rPBNCC', 0, '', '', '2', '', '', '', 0, '', '', '', '127.0.0.1', 1380260304, 0, '0', 0, 0),
(2773239, '2773239', 40, '75d0ad9721e1bf8ebf4c9a4245c6549c', 'zDDUNK', 0, '', '', '2', '', '', '', 0, '', '', '', '127.0.0.1', 1380260305, 0, '0', 0, 0),
(2745535, '2745535', 41, '96047fe2232f4b777dcfbcf562ce487d', 'zPwIfl', 0, '', '', '2', '', '', '', 0, '', '', '', '127.0.0.1', 1380260306, 0, '0', 0, 0),
(2776577, '2776577', 42, 'dbae2ec1d6b9a45ab7bb4dc1810756b2', 'jZL6ne', 0, '', '', '2', '', '', '', 0, '', '', '', '127.0.0.1', 1380260306, 0, '0', 0, 0),
(2745276, '2745276', 43, '7d1acc54bf66676af5bdd217af1b0d5b', 'XRmXfA', 0, '', '', '2', '', '', '', 0, '', '', '', '127.0.0.1', 1380260306, 0, '0', 0, 0),
(2722343, '2722343', 44, '5e6d5ad29bf772e2b428050c2ddc145a', 'rrsTII', 0, '', '', '2', '', '', '', 0, '', '', '', '127.0.0.1', 1380260307, 0, '0', 0, 0),
(2746944, '2746944', 45, '8b2194ac3410168c4dd292eda1d45c11', 'MadzwH', 0, '', '', '2', '', '', '', 0, '', '', '', '127.0.0.1', 1380260307, 0, '0', 0, 0),
(2714013, '2714013', 46, '4d4ec00d85a0e3973192ef23802b4a8c', 'cqrMAV', 0, '', '', '2', '', '', '', 0, '', '', '', '127.0.0.1', 1380260307, 0, '0', 0, 0),
(2785463, '2785463', 47, '6fb5706f6a81872eba5ad95f342ed0f7', 'D8zZRY', 0, '', '', '2', '', '', '', 0, '', '', '', '127.0.0.1', 1380260308, 0, '0', 0, 0),
(2750161, '2750161', 48, 'b2bb26e919a05876c45ec663dc0e0610', 'IBlgpv', 0, '', '', '2', '', '', '', 0, '', '', '', '127.0.0.1', 1380260308, 0, '0', 0, 0),
(2724973, '2724973', 49, '4b6bde0ac7ecfd74017f0a2569417227', '78t2Sd', 0, '', '', '2', '', '', '', 0, '', '', '', '127.0.0.1', 1380260308, 0, '0', 0, 0),
(273790, '273790', 50, '21e133f713ea5880ea5be2d802d54bc0', '8qPh1s', 0, '', '', '2', '', '', '', 0, '', '', '', '127.0.0.1', 1380260309, 0, '0', 0, 0),
(2766620, '2766620', 51, '0f4b668689013809c939b077d54e3db7', 'lvpuM4', 0, '', '', '2', '', '', '', 0, '', '', '', '127.0.0.1', 1380260309, 0, '0', 0, 0),
(2741032, '2741032', 52, 'b2f4075edbaceccb5cf03f1272706fe1', 'lQ9mjb', 0, '', '', '2', '', '', '', 0, '', '', '', '127.0.0.1', 1380260309, 0, '0', 0, 0),
(2723837, '2723837', 53, 'cc2e5ad387ea9c6d32c71b37007d9673', 'qaPkP9', 0, '', '', '2', '', '', '', 0, '', '', '', '127.0.0.1', 1380260310, 0, '0', 0, 0),
(2743601, '2743601', 54, '832cd664deb58d65b79d87d1a8998acc', 'VPt6Lx', 0, '', '', '2', '', '', '', 0, '', '', '', '127.0.0.1', 1380260366, 0, '0', 0, 0),
(2773390, '2773390', 55, 'd694cf9664da4bc4870f0a3bf2f6b677', 'XrL9Gp', 0, '', '', '2', '', '', '', 0, '', '', '', '127.0.0.1', 1380260393, 0, '0', 0, 0),
(2720279, '2720279', 56, 'f2bcccb5b7f317929d535c27cbc9b92f', 'cmtXw4', 0, '', '', '2', '', '', '', 0, '', '', '', '127.0.0.1', 1380260398, 0, '0', 0, 0),
(2745919, '2745919', 57, '9482d77dc36e40fcc8c1bdb2cd447838', 'Xu7pRL', 0, '', '', '2', '', '', '', 0, '', '', '', '127.0.0.1', 1380260399, 0, '0', 0, 0),
(2775621, '2775621', 58, 'e22a09c580c9653cce33b6a16a83c442', 'ASEaVw', 0, '', '', '2', '', '', '', 0, '', '', '', '127.0.0.1', 1380260399, 0, '0', 0, 0),
(2757903, '2757903', 59, '985bb11ffa0b47c6ac1b5d1f46eedf16', 'mXk5aT', 0, '', '', '2', '', '', '', 0, '', '', '', '127.0.0.1', 1380260400, 0, '0', 0, 0),
(2760801, '2760801', 60, '8717e7deb7519ea47e6aa6443e508b30', 'ca9UP9', 0, '', '', '2', '', '', '', 0, '', '', '', '127.0.0.1', 1380260530, 0, '0', 0, 0),
(2778959, '2778959', 61, '67dedd5dd78a1156ca7725ca656bc213', '3afWTy', 0, '', '', '2', '', '', '', 0, '', '', '', '127.0.0.1', 1380260800, 0, '0', 0, 0),
(2783897, '2783897', 62, '13f5c21acbdc540c94cda057bd23c325', 'ttCBx9', 0, '', '', '2', '', '', '', 0, '', '', '', '127.0.0.1', 1380261079, 0, '0', 0, 0),
(2732283, '2732283', 63, '16876a6144b124c59ebfe718b04de052', 'bexy53', 0, '', '', '2', '', '', '', 0, '', '', '', '127.0.0.1', 1380261079, 0, '0', 0, 0),
(2726384, '2726384', 64, '27dd5987dc0008e8c6f44aa1bc1fc630', 'IebHkj', 0, '', '', '2', '', '', '', 0, '', '', '', '127.0.0.1', 1380261080, 0, '0', 0, 0),
(278843, '278843', 65, '2e9d63b9666f6e5c693905a2c3a8d602', 'crNF6W', 0, '', '', '2', '', '', '', 0, '', '', '', '127.0.0.1', 1380261363, 0, '0', 0, 0),
(2757731, '2757731', 66, 'd3134ace581f6396c615e8edf190d5e6', 'IlaJSs', 0, '', '', '2', '', '', '', 0, '', '', '', '127.0.0.1', 1380261368, 0, '0', 0, 0),
(2753620, '2753620', 67, '33effa15f30751787c79e97634606d96', 'IS9stq', 0, '', '', '2', '', '', '', 0, '', '', '', '127.0.0.1', 1380261378, 0, '0', 0, 0),
(277164, '277164', 68, '936600996ebd9d0da92d3657927a3b8b', 'BcY4KM', 0, '', '', '2', '', '', '', 0, '', '', '', '127.0.0.1', 1380261378, 0, '0', 0, 0),
(2724403, '2724403', 69, 'a42615cf268f641701f5954fcacbb3fc', 'vdjjkL', 0, '', '', '2', '', '', '', 0, '', '', '', '127.0.0.1', 1380261379, 0, '0', 0, 0),
(2797123, '2797123', 70, '6b2c269c86283c582864b49311e8a2ef', 'w9qWmT', 0, '', '', '2', '', '', '', 0, '', '', '', '127.0.0.1', 1380261379, 0, '0', 0, 0),
(2770129, '2770129', 71, 'e11fb9a4cde9331e8f2c1fcb9f9e41d8', 'rML9uk', 0, '', '', '2', '', '', '', 0, '', '', '', '127.0.0.1', 1380261379, 0, '0', 0, 0),
(2790849, '2790849', 72, 'dc07c39de4ebb9652fddbd4128cab5b5', 'pYaVrs', 0, '', '', '2', '', '', '', 0, '', '', '', '127.0.0.1', 1380261379, 0, '0', 0, 0),
(2718347, '2718347', 73, 'd8e29896f13aa16c78cdd00c5d12955b', 'EyQ6U2', 0, '', '', '2', '', '', '', 0, '', '', '', '127.0.0.1', 1380261379, 0, '0', 0, 0),
(2717159, '2717159', 74, '8ead167c6ec21b49523793b4b7032e4e', 'CBi6Ap', 0, '', '', '2', '', '', '', 0, '', '', '', '127.0.0.1', 1380261380, 0, '0', 0, 0),
(2746507, '2746507', 75, '1667f28f8f48dd39cf37c2d4cc15bd2d', 'HbFHqp', 0, '', '', '2', '', '', '', 0, '', '', '', '127.0.0.1', 1380261380, 0, '0', 0, 0),
(2717289, '2717289', 76, 'd40bf650a3341b8d1b7322e5e5c2082e', 'a6qi9t', 0, '', '', '2', '', '', '', 0, '', '', '', '127.0.0.1', 1380261405, 0, '0', 0, 0),
(2760247, '2760247', 77, 'c1b3ea04cf8df677de8473f4e2d2c641', 'QtZidK', 0, '', '', '2', '', '', '', 0, '', '', '', '127.0.0.1', 1380261469, 0, '0', 0, 0),
(277830, '277830', 78, 'e8e8e0a7271bb73002457807a6b33415', 'aAAPLS', 0, '', '', '2', '', '', '', 0, '', '', '', '127.0.0.1', 1380261472, 0, '0', 0, 0),
(2784387, '2784387', 79, '22458c2211809b543ef1f2a2e8769e88', 'ZUJfSC', 0, '', '', '2', '', '', '', 0, '', '', '', '127.0.0.1', 1380261473, 0, '0', 0, 0),
(2731456, '2731456', 80, 'b180f1a114ac73275128ec6418082ecd', 'Aqw3ST', 0, '', '', '2', '', '', '', 0, '', '', '', '127.0.0.1', 1380261473, 0, '0', 0, 0),
(2797054, '2797054', 81, '338cad15cced3d6b392d26cb44ee5451', 'sqEVM8', 0, '', '', '2', '', '', '', 0, '', '', '', '127.0.0.1', 1380261473, 0, '0', 0, 0),
(2758061, '2758061', 82, '86cfccda7778548bab4fc5d5d5bfd23a', 'HE7UjD', 0, '', '', '2', '', '', '', 0, '', '', '', '127.0.0.1', 1380261474, 0, '0', 0, 0),
(2726014, '2726014', 83, '78e4028fcab4d17eedc73c94b204ece1', 'cuXySH', 0, '', '', '2', '', '', '', 0, '', '', '', '127.0.0.1', 1380261474, 0, '0', 0, 0),
(2771219, '2771219', 84, '5a3d252dfcfe5f87f9ea168dd41588f8', 'DcKv3v', 0, '', '', '2', '', '', '', 0, '', '', '', '127.0.0.1', 1380261475, 0, '0', 0, 0),
(2799215, '2799215', 85, 'a9ff93941d1926c84ff222035f83b007', '1PQFJp', 0, '', '', '2', '', '', '', 0, '', '', '', '127.0.0.1', 1380261475, 0, '0', 0, 0),
(2727884, '2727884', 86, '8acfd674cc4c6844f4204a7787b5d8cf', 'S7LDj1', 0, '', '', '2', '', '', '', 0, '', '', '', '127.0.0.1', 1380261475, 0, '0', 0, 0),
(2747093, '2747093', 87, '4be444683e618ef123703f824cc1f836', 'gqNzBA', 0, '', '', '2', '', '', '', 0, '', '', '', '127.0.0.1', 1380261476, 0, '0', 0, 0),
(2753624, '2753624', 88, 'b1f4ee45652f2cb979b890d8fd06917a', 'LMa8sn', 0, '', '', '2', '', '', '', 0, '', '', '', '127.0.0.1', 1380261476, 0, '0', 0, 0),
(2737135, '2737135', 89, '12c8daa286b1d2d0719c82f24dffe500', 'VTClbV', 0, '', '', '2', '', '', '', 0, '', '', '', '127.0.0.1', 1380261476, 0, '0', 0, 0),
(2781237, '2781237', 90, '04b1022bcb701be0b3452c55c8243390', 'SsB5hR', 0, '', '', '2', '', '', '', 0, '', '', '', '127.0.0.1', 1380261477, 0, '0', 0, 0),
(2787491, '2787491', 91, 'e06573e3ce3ca567626b7dfca052fd2a', 'Z8dI6J', 0, '', '', '2', '', '', '', 0, '', '', '', '127.0.0.1', 1380261477, 0, '0', 0, 0),
(2735152, '2735152', 92, 'cba243852107f044eb99dd86d93841af', 'aBHcdi', 0, '', '', '2', '', '', '', 0, '', '', '', '127.0.0.1', 1380261477, 0, '0', 0, 0),
(2797022, '2797022', 93, 'ef5cb071a0e28fda5fc5d0c45deb00ec', '52jvpM', 0, '', '', '2', '', '', '', 0, '', '', '', '127.0.0.1', 1380261477, 0, '0', 0, 0),
(2731403, '2731403', 94, '0361b2addeebedd5af3825e79e6fb447', 'j5m6Ye', 0, '', '', '2', '', '', '', 0, '', '', '', '127.0.0.1', 1380261478, 0, '0', 0, 0),
(2798842, '2798842', 95, '4bff495990a63bb84b0ae91cf5d6c0c0', 'D1IWjA', 0, '', '', '2', '', '', '', 0, '', '', '', '127.0.0.1', 1380261485, 0, '0', 0, 0),
(2760978, '2760978', 96, '76ef290a38888b737c55f05c2664d229', 'tWJ6fj', 0, '', '', '2', '', '', '', 0, '', '', '', '127.0.0.1', 1380261531, 0, '0', 0, 0),
(2717767, '2717767', 97, 'ec9fb8ff258014faf4a786786decc89d', 'kkAxqm', 0, '', '', '2', '', '', '', 0, '', '', '', '127.0.0.1', 1380261533, 0, '0', 0, 0),
(2720810, '2720810', 98, '45b1da1141ca47c82dc0f578b729d983', 'wALr1K', 0, '', '', '2', '', '', '', 0, '', '', '', '127.0.0.1', 1380261533, 0, '0', 0, 0),
(2781738, '2781738', 99, 'dac85f8a5b6469357cbce3d7d751adf5', 'uNig4x', 0, '', '', '2', '', '', '', 0, '', '', '', '127.0.0.1', 1380261533, 0, '0', 0, 0),
(2773053, '2773053', 100, 'ed6f096e5816fea90472499d650da469', 'jHShmW', 0, '', '', '2', '', '', '', 0, '', '', '', '127.0.0.1', 1380261534, 0, '0', 0, 0),
(2711597, '2711597', 101, '59ae68588aac83fb076c41a4342214f8', 'VDGACx', 0, '', '', '2', '', '', '', 0, '', '', '', '127.0.0.1', 1380261534, 0, '0', 0, 0),
(2728269, '2728269', 102, 'ce3f8a9c8decaea8b260d621dd7a546c', 'WQnFtx', 0, '', '', '2', '', '', '', 0, '', '', '', '127.0.0.1', 1380261534, 0, '0', 0, 0),
(2797265, '2797265', 103, '78fe9c3a8eadd213a5c819dcbc48eaa2', 'vcilr3', 0, '', '', '2', '', '', '', 0, '', '', '', '127.0.0.1', 1380261534, 0, '0', 0, 0),
(2743511, '2743511', 104, '9b11db804798bc9a728c9a5f0eddd22b', '4iAnrf', 0, '', '', '2', '', '', '', 0, '', '', '', '127.0.0.1', 1380261566, 0, '0', 0, 0),
(2770524, '2770524', 105, 'c3ebc4cb41db572065606c4c40fe930f', 'jzuhB7', 0, '', '', '2', '', '', '', 0, '', '', '', '127.0.0.1', 1380261567, 0, '0', 0, 0),
(2784828, '2784828', 106, '830f2bfcff4c869830ea1773c9d3f25e', 'enqMf3', 0, '', '', '2', '', '', '', 0, '', '', '', '127.0.0.1', 1380261627, 0, '0', 0, 0),
(2740391, '2740391', 107, 'feda8fe872a48931df0cee5167492ddd', 'ZhVULe', 0, '', '', '2', '', '', '', 0, '', '', '', '127.0.0.1', 1380261831, 0, '0', 0, 0),
(2758049, '2758049', 108, 'f5add7f8f74d5dae55580982d4da1051', 'ZnspH2', 0, '', '', '2', '', '', '', 0, '', '', '', '127.0.0.1', 1380263642, 0, '0', 0, 0),
(277886, '277886', 109, 'f7c24e9ac6b1dc698afb6bbab947bd16', '4ZXMDm', 0, '', '', '2', '', '', '', 0, '', '', '', '127.0.0.1', 1380263697, 0, '0', 0, 0),
(2718797, '2718797', 110, 'a6d31f8809e07d6ed50c733285822b62', 'mwTAgb', 0, '', '', '2', '', '', '', 0, '', '', '', '127.0.0.1', 1380263699, 0, '0', 0, 0),
(2740439, '2740439', 111, '516713779a03d65364dfd28d39afc215', 'DdS1rW', 0, '', '', '2', '', '', '', 0, '', '', '', '127.0.0.1', 1380265936, 0, '0', 0, 0),
(2740638, '2740638', 112, 'ef65da984b5c082bfa731113b3b88488', 'q5uDrl', 0, '', '', '2', '', '', '', 0, '', '', '', '127.0.0.1', 1380266176, 0, '0', 0, 0),
(2723540, '2723540', 113, 'a7d4872b148332fe4ddb16c8f5f8add8', '6NDeVX', 0, '', '', '2', '', '', '', 0, '', '', '', '127.0.0.1', 1380266181, 0, '0', 0, 0),
(2759886, '2759886', 114, 'fbac5c283e48978b720dfa8ea8625133', 'jRsiFD', 0, '', '', '2', '', '', '', 0, '', '', '', '127.0.0.1', 1380266279, 0, '0', 0, 0),
(2758277, '2758277', 115, '0b423d4fb9fb539151db130ef5369c2a', 'N3g3aw', 0, '', '', '2', '', '', '', 0, '', '', '', '127.0.0.1', 1380266309, 0, '0', 0, 0),
(2728763, '2728763', 116, '9be2749ef4489762010ef6e3e26e8f43', 'ty6Tby', 0, '', '', '2', '', '', '', 0, '', '', '', '127.0.0.1', 1380270704, 0, '0', 0, 0),
(17183510, '17183510', 117, '8dd086e48ade092917545f2da027fa84', 'w7sbSU', 0, '', '', '2', '', '', '', 0, '', '', '', '127.0.0.1', 1380425447, 0, '0', 0, 0);

-- --------------------------------------------------------

--
-- 表的结构 `sp_poster`
--

CREATE TABLE IF NOT EXISTS `sp_poster` (
  `id` smallint(5) unsigned NOT NULL AUTO_INCREMENT,
  `name` varchar(40) NOT NULL,
  `space_id` smallint(5) unsigned NOT NULL DEFAULT '0',
  `type` varchar(10) NOT NULL,
  `start_time` int(10) unsigned NOT NULL DEFAULT '0',
  `end_time` int(10) unsigned NOT NULL DEFAULT '0',
  `add_time` int(10) unsigned NOT NULL DEFAULT '0',
  `listorder` tinyint(3) unsigned NOT NULL DEFAULT '0',
  `status` tinyint(1) unsigned NOT NULL DEFAULT '0',
  `url` varchar(200) NOT NULL,
  `url_ext` varchar(200) NOT NULL,
  `pic` varchar(200) NOT NULL,
  `pic_ext` varchar(200) NOT NULL,
  PRIMARY KEY (`id`),
  KEY `spaceid` (`space_id`,`status`,`listorder`)
) ENGINE=MyISAM  DEFAULT CHARSET=utf8 AUTO_INCREMENT=6 ;

--
-- 转存表中的数据 `sp_poster`
--

INSERT INTO `sp_poster` (`id`, `name`, `space_id`, `type`, `start_time`, `end_time`, `add_time`, `listorder`, `status`, `url`, `url_ext`, `pic`, `pic_ext`) VALUES
(1, '幻灯广告1', 1, 'image', 2013, 2013, 2013, 66, 1, 'http://www.baidu.com', '', 'http://upload.ci.com/passport2013/0910/20130910142240992.jpg', ''),
(2, '网页游戏', 1, 'image', 0, 0, 0, 2, 1, 'http://www.163.com', '', 'http://upload.ci.com/passport2013/0910/20130910142311290.jpg', ''),
(3, '测试站点2', 1, 'image', 0, 0, 0, 2, 0, 'http://weibo.com', '', 'http://upload.ci.com/passport2013/0910/20130910142358994.jpg', ''),
(4, '管理员', 1, 'image', 0, 0, 0, 8, 1, 'http://passport.ci.com/', '', 'http://upload.ci.com/passport2013/0910/20130910142445635.png', ''),
(5, '幻灯广告', 0, '0', 0, 0, 0, 9, 1, 'http://abc.com/', '', 'http://upload.ci.com/passport2013/0910/20130910142529332.jpg', '');

-- --------------------------------------------------------

--
-- 表的结构 `sp_poster_space`
--

CREATE TABLE IF NOT EXISTS `sp_poster_space` (
  `id` smallint(5) unsigned NOT NULL AUTO_INCREMENT,
  `name` char(50) NOT NULL,
  `type` char(30) NOT NULL,
  `width` smallint(4) unsigned NOT NULL DEFAULT '0',
  `height` smallint(4) unsigned NOT NULL DEFAULT '0',
  `description` char(100) NOT NULL,
  `status` tinyint(1) unsigned NOT NULL DEFAULT '0',
  PRIMARY KEY (`id`),
  KEY `disabled` (`status`)
) ENGINE=MyISAM  DEFAULT CHARSET=utf8 AUTO_INCREMENT=2 ;

--
-- 转存表中的数据 `sp_poster_space`
--

INSERT INTO `sp_poster_space` (`id`, `name`, `type`, `width`, `height`, `description`, `status`) VALUES
(1, '幻灯广告', '0', 0, 0, '', 1);

-- --------------------------------------------------------

--
-- 表的结构 `sp_times`
--

CREATE TABLE IF NOT EXISTS `sp_times` (
  `username` char(40) NOT NULL,
  `ip` char(15) NOT NULL,
  `logintime` int(10) unsigned NOT NULL DEFAULT '0',
  `isadmin` tinyint(1) NOT NULL DEFAULT '0',
  `times` tinyint(1) unsigned NOT NULL DEFAULT '0',
  PRIMARY KEY (`username`,`isadmin`)
) ENGINE=MEMORY DEFAULT CHARSET=utf8;

/*!40101 SET CHARACTER_SET_CLIENT=@OLD_CHARACTER_SET_CLIENT */;
/*!40101 SET CHARACTER_SET_RESULTS=@OLD_CHARACTER_SET_RESULTS */;
/*!40101 SET COLLATION_CONNECTION=@OLD_COLLATION_CONNECTION */;
